name,email,birthday_raw,mobile_raw,first_name,last_name,birthday,age,above_18,rejection_reason,source_file
William Dixon,William_Dixon@woodward-fuller.biz,1986/01/10,40601711,William,Dixon,19860110,35,true,invalid_email,input_batches/applications_dataset_1.csv
Kristen Horn,Kristen_Horn@lin.com,1974-09-10,737931,Kristen,Horn,19740910,47,true,invalid_mobile,input_batches/applications_dataset_1.csv
Kimberly Chang,Kimberly_Chang@johnson-lopez.biz,02/27/1974,2692047,Kimberly,Chang,19740227,47,true,invalid_mobile;invalid_email,input_batches/applications_dataset_1.csv
Mary Ball,Mary_Ball@stevens.biz,02/05/1968,886359,Mary,Ball,19680205,53,true,invalid_mobile;invalid_email,input_batches/applications_dataset_1.csv
Benjamin Craig,Benjamin_Craig@berry.net,12/11/1988,696429,Benjamin,Craig,19881211,33,true,invalid_mobile,input_batches/applications_dataset_1.csv
Cathy Werner,Cathy_Werner@martinez.net,2018-09-25,7138041,Cathy,Werner,20180925,3,false,under_18;invalid_mobile,input_batches/applications_dataset_1.csv
Brandon Bell,Brandon_Bell@johnson-burgess.com,1961-10-27,768543,Brandon,Bell,19611027,60,true,invalid_mobile,input_batches/applications_dataset_1.csv
Paul Farley,Paul_Farley@payne-taylor.com,1980-11-22,8196105,Paul,Farley,19801122,41,true,invalid_mobile,input_batches/applications_dataset_1.csv
Sarah Mcdaniel,Sarah_Mcdaniel@hughes-simon.com,2017/04/26,12556,Sarah,Mcdaniel,20170426,4,false,under_18;invalid_mobile,input_batches/applications_dataset_1.csv
Caroline Anderson,Caroline_Anderson@blair-phillips.com,02/27/1988,5818212,Caroline,Anderson,19880227,33,true,invalid_mobile,input_batches/applications_dataset_1.csv
Carl Jones,Carl_Jones@coleman.com,06/21/1993,220035,Carl,Jones,19930621,28,true,invalid_mobile,input_batches/applications_dataset_1.csv
Scott Lee,Scott_Lee@phillips.com,2010-07-12,52145751,Scott,Lee,20100712,11,false,under_18,input_batches/applications_dataset_1.csv
Kaylee Coleman,Kaylee_Coleman@hammond.com,10/08/2009,156657,Kaylee,Coleman,20091008,12,false,under_18;invalid_mobile,input_batches/applications_dataset_1.csv
Charles Parker,Charles_Parker@morris-keller.com,12/20/1980,92921,Charles,Parker,19801220,41,true,invalid_mobile,input_batches/applications_dataset_1.csv
Susan Hess,Susan_Hess@sharp-hodges.net,1950-05-21,46541,Susan,Hess,19500521,71,true,invalid_mobile,input_batches/applications_dataset_1.csv
Kiara Collier,Kiara_Collier@chandler.biz,1959-05-21,955551,Kiara,Collier,19590521,62,true,invalid_mobile;invalid_email,input_batches/applications_dataset_1.csv
Mr. Scott Martinez,Scott_Martinez@goodwin.com,02/16/1992,369441,Scott,Martinez,19920216,29,true,invalid_mobile,input_batches/applications_dataset_1.csv
Christopher Ortega,Christopher_Ortega@perez.biz,1959-06-18,9968155,Christopher,Ortega,19590618,62,true,invalid_mobile;invalid_email,input_batches/applications_dataset_1.csv
Michael Russell,Michael_Russell@nunez-wright.com,2013/01/20,6400283,Michael,Russell,20130120,8,false,under_18;invalid_mobile,input_batches/applications_dataset_1.csv
Dwayne Johnson,Dwayne_Johnson@contreras-boyd.com,2006/11/10,115935,Dwayne,Johnson,20061110,15,false,under_18;invalid_mobile,input_batches/applications_dataset_1.csv
Deanna Sherman,Deanna_Sherman@wright-sanchez.org,25-04-1975,143073,Deanna,Sherman,19750425,46,true,invalid_mobile;invalid_email,input_batches/applications_dataset_1.csv
Douglas Francis,Douglas_Francis@king-cross.org,21-12-1992,1535885,Douglas,Francis,19921221,29,true,invalid_mobile;invalid_email,input_batches/applications_dataset_1.csv
Vicki Diaz,Vicki_Diaz@macdonald-day.com,1993/10/05,165459,Vicki,Diaz,19931005,28,true,invalid_mobile,input_batches/applications_dataset_1.csv
Robin Phillips,Robin_Phillips@krause.net,1974-07-15,69531,Robin,Phillips,19740715,47,true,invalid_mobile,input_batches/applications_dataset_1.csv
Travis Rice,Travis_Rice@bradley.net,05/08/2006,3631 6303,Travis,Rice,20060508,15,false,under_18,input_batches/applications_dataset_1.csv
Ashley Rocha,Ashley_Rocha@hicks.info,1956/09/11,7046565,Ashley,Rocha,19560911,65,true,invalid_mobile;invalid_email,input_batches/applications_dataset_1.csv
Sarah Jacobson,Sarah_Jacobson@mclean-jacobs.info,03/09/1958,6107 1779,Sarah,Jacobson,19580309,63,true,invalid_email,input_batches/applications_dataset_1.csv
Kayla Shannon,Kayla_Shannon@hendricks-hunter.org,1984/05/17,51323743,Kayla,Shannon,19840517,37,true,invalid_email,input_batches/applications_dataset_1.csv
Joseph Torres,Joseph_Torres@johnson.com,1955/05/05,34376,Joseph,Torres,19550505,66,true,invalid_mobile,input_batches/applications_dataset_1.csv
Kim Jones,Kim_Jones@little.net,02-11-1985,34401,Kim,Jones,19851102,36,true,invalid_mobile,input_batches/applications_dataset_1.csv
Melissa Tanner,Melissa_Tanner@johnson.net,04/30/1989,70391,Melissa,Tanner,19890430,32,true,invalid_mobile,input_batches/applications_dataset_1.csv
Sonya Foster,Sonya_Foster@garcia-browning.com,10-09-1988,143877,Sonya,Foster,19880910,33,true,invalid_mobile,input_batches/applications_dataset_1.csv
Mr. Thomas Rivera,Thomas_Rivera@guzman-avila.com,1951/07/15,843813,Thomas,Rivera,19510715,70,true,invalid_mobile,input_batches/applications_dataset_1.csv
Jamie Silva,Jamie_Silva@hill.com,2006/06/21,469791,Jamie,Silva,20060621,15,false,under_18;invalid_mobile,input_batches/applications_dataset_1.csv
Kathleen Moore,Kathleen_Moore@avila.info,1952/02/03,609093,Kathleen,Moore,19520203,69,true,invalid_mobile;invalid_email,input_batches/applications_dataset_1.csv
Evelyn Pineda,Evelyn_Pineda@sullivan-collins.net,02/04/1958,8819217,Evelyn,Pineda,19580204,63,true,invalid_mobile,input_batches/applications_dataset_1.csv
Kyle Peters,Kyle_Peters@cole-edwards.com,1995/08/25,346701,Kyle,Peters,19950825,26,true,invalid_mobile,input_batches/applications_dataset_1.csv
Anthony Cruz,Anthony_Cruz@burns.com,22-02-1955,1742399,Anthony,Cruz,19550222,66,true,invalid_mobile,input_batches/applications_dataset_1.csv
Gary Harper,Gary_Harper@bell-mueller.com,01/11/1998,77546,Gary,Harper,19980111,23,true,invalid_mobile,input_batches/applications_dataset_1.csv
Linda Johnson,Linda_Johnson@williams.biz,1959/07/29,828207,Linda,Johnson,19590729,62,true,invalid_mobile;invalid_email,input_batches/applications_dataset_1.csv
Melissa Smith,Melissa_Smith@carroll.org,1997-12-08,9831067,Melissa,Smith,19971208,24,true,invalid_mobile;invalid_email,input_batches/applications_dataset_1.csv
Kristen Floyd,Kristen_Floyd@robinson.com,1993-05-25,4685654,Kristen,Floyd,19930525,28,true,invalid_mobile,input_batches/applications_dataset_1.csv
William Diaz,William_Diaz@cruz-norris.com,02/16/1987,97811,William,Diaz,19870216,34,true,invalid_mobile,input_batches/applications_dataset_1.csv
David Glenn,David_Glenn@jenkins-mcfarland.org,15-06-2011,960561,David,Glenn,20110615,10,false,under_18;invalid_mobile;invalid_email,input_batches/applications_dataset_1.csv
Dawn Jones,Dawn_Jones@ashley-johnson.com,2007/03/02,91686479,Dawn,Jones,20070302,14,false,under_18,input_batches/applications_dataset_1.csv
Joel Smith,Joel_Smith@walker-roth.biz,1971-09-09,8287875,Joel,Smith,19710909,50,true,invalid_mobile;invalid_email,input_batches/applications_dataset_1.csv
Mr. Larry Grimes MD,Larry_Grimes@lewis-richardson.info,12/31/2005,966177,Larry,Grimes,20051231,16,false,under_18;invalid_mobile;invalid_email,input_batches/applications_dataset_1.csv
Joseph Arnold,Joseph_Arnold@gibbs.biz,08/21/2005,2019270,Joseph,Arnold,20050821,16,false,under_18;invalid_mobile;invalid_email,input_batches/applications_dataset_1.csv
Kyle Long,Kyle_Long@galvan.com,07/13/1992,2785329,Kyle,Long,19920713,29,true,invalid_mobile,input_batches/applications_dataset_1.csv
Brittany Day,Brittany_Day@brown.info,2018/05/22,61597047,Brittany,Day,20180522,3,false,under_18;invalid_email,input_batches/applications_dataset_1.csv
Bobby Ward,Bobby_Ward@bailey-taylor.org,1964/10/06,64672783,Bobby,Ward,19641006,57,true,invalid_email,input_batches/applications_dataset_1.csv
Thomas Lee,Thomas_Lee@wilson-allen.com,10/28/1996,91381,Thomas,Lee,19961028,25,true,invalid_mobile,input_batches/applications_dataset_1.csv
Jennifer Hansen,Jennifer_Hansen@nelson.biz,06/28/1963,308547,Jennifer,Hansen,19630628,58,true,invalid_mobile;invalid_email,input_batches/applications_dataset_1.csv
Lisa Murray,Lisa_Murray@mcclain.net,2011-07-09,3172233,Lisa,Murray,20110709,10,false,under_18;invalid_mobile,input_batches/applications_dataset_1.csv
Meghan Wade,Meghan_Wade@garcia-brown.org,09/15/1982,610719,Meghan,Wade,19820915,39,true,invalid_mobile;invalid_email,input_batches/applications_dataset_1.csv
Tammie Brooks,Tammie_Brooks@james.com,1962/09/14,114957,Tammie,Brooks,19620914,59,true,invalid_mobile,input_batches/applications_dataset_1.csv
Maria Bell,Maria_Bell@lambert-lamb.com,2018/10/26,60030719,Maria,Bell,20181026,3,false,under_18,input_batches/applications_dataset_1.csv
Allison Livingston,Allison_Livingston@jones-thompson.com,1950/12/01,503175,Allison,Livingston,19501201,71,true,invalid_mobile,input_batches/applications_dataset_1.csv
Chris Hays,Chris_Hays@todd-mccoy.info,08/27/1951,2661590,Chris,Hays,19510827,70,true,invalid_mobile;invalid_email,input_batches/applications_dataset_1.csv
Courtney Mitchell,Courtney_Mitchell@dominguez.biz,27-12-1981,657699,Courtney,Mitchell,19811227,40,true,invalid_mobile;invalid_email,input_batches/applications_dataset_1.csv
Shawn White,Shawn_White@kerr.com,1960/09/15,21631,Shawn,White,19600915,61,true,invalid_mobile,input_batches/applications_dataset_1.csv
Zachary Watts,Zachary_Watts@nguyen-whitehead.info,1984-12-30,3427810,Zachary,Watts,19841230,37,true,invalid_mobile;invalid_email,input_batches/applications_dataset_1.csv
Sarah Montoya,Sarah_Montoya@jackson.com,2000-11-07,31426,Sarah,Montoya,20001107,21,true,invalid_mobile,input_batches/applications_dataset_1.csv
Jennifer Barker,Jennifer_Barker@wilson.net,2011/05/26,61006,Jennifer,Barker,20110526,10,false,under_18;invalid_mobile,input_batches/applications_dataset_1.csv
Tiffany Stevens,Tiffany_Stevens@estrada.com,05/23/1962,6246556,Tiffany,Stevens,19620523,59,true,invalid_mobile,input_batches/applications_dataset_1.csv
Ruben Armstrong,Ruben_Armstrong@watkins.com,10-09-2015,6962936,Ruben,Armstrong,20150910,6,false,under_18;invalid_mobile,input_batches/applications_dataset_1.csv
Dr. Jeffrey Spencer,Jeffrey_Spencer@cooke.com,1982/12/29,19976,Jeffrey,Spencer,19821229,39,true,invalid_mobile,input_batches/applications_dataset_1.csv
Nicole Ramsey,Nicole_Ramsey@vega.biz,1970/07/11,340839,Nicole,Ramsey,19700711,51,true,invalid_mobile;invalid_email,input_batches/applications_dataset_1.csv
Anne Roy,Anne_Roy@humphrey-smith.com,1969/08/27,87811,Anne,Roy,19690827,52,true,invalid_mobile,input_batches/applications_dataset_1.csv
Allison Chavez,Allison_Chavez@lewis.biz,1984-08-18,64931,Allison,Chavez,19840818,37,true,invalid_mobile;invalid_email,input_batches/applications_dataset_1.csv
Marcus Adams,Marcus_Adams@perry.info,01/22/1985,5901652,Marcus,Adams,19850122,36,true,invalid_mobile;invalid_email,input_batches/applications_dataset_1.csv
Mary Smith,Mary_Smith@meyer.net,1993/07/17,64046,Mary,Smith,19930717,28,true,invalid_mobile,input_batches/applications_dataset_1.csv
Jeff Armstrong,Jeff_Armstrong@kennedy-lucas.com,1954-03-01,88331,Jeff,Armstrong,19540301,67,true,invalid_mobile,input_batches/applications_dataset_1.csv
Sean Shields,Sean_Shields@christian.info,2001/02/16,617613,Sean,Shields,20010216,20,true,invalid_mobile;invalid_email,input_batches/applications_dataset_1.csv
Christian Grant,Christian_Grant@booker-frank.com,09/23/1979,8851893,Christian,Grant,19790923,42,true,invalid_mobile,input_batches/applications_dataset_1.csv
Edward Watson,Edward_Watson@brooks.com,2007-12-04,946371,Edward,Watson,20071204,14,false,under_18;invalid_mobile,input_batches/applications_dataset_1.csv
Derrick Cooke,Derrick_Cooke@hill.net,2004-09-15,4575922,Derrick,Cooke,20040915,17,false,under_18;invalid_mobile,input_batches/applications_dataset_1.csv
Sean Patrick,Sean_Patrick@rivera.com,25-10-2000,41681,Sean,Patrick,20001025,21,true,invalid_mobile,input_batches/applications_dataset_1.csv
Heather Collins,Heather_Collins@williams.com,1986/12/03,910971,Heather,Collins,19861203,35,true,invalid_mobile,input_batches/applications_dataset_1.csv
Megan Gomez,Megan_Gomez@wade-stone.com,2008-01-29,3002476,Megan,Gomez,20080129,13,false,under_18;invalid_mobile,input_batches/applications_dataset_1.csv
William Hale,William_Hale@pena.info,22-04-2007,4519208,William,Hale,20070422,14,false,under_18;invalid_mobile;invalid_email,input_batches/applications_dataset_1.csv
Olivia Thompson,Olivia_Thompson@bryan-navarro.com,30-11-2005,481533,Olivia,Thompson,20051130,16,false,under_18;invalid_mobile,input_batches/applications_dataset_1.csv
Lori Torres,Lori_Torres@hill.net,1996/02/31,5795175,Lori,Torres,,,,unparseable_birthday;invalid_mobile,input_batches/applications_dataset_1.csv
Vickie Hernandez,Vickie_Hernandez@chapman.com,02/14/1963,25106,Vickie,Hernandez,19630214,58,true,invalid_mobile,input_batches/applications_dataset_1.csv
Kimberly Brown,Kimberly_Brown@jones.com,11/23/1960,820029,Kimberly,Brown,19601123,61,true,invalid_mobile,input_batches/applications_dataset_1.csv
Phillip Hansen,Phillip_Hansen@spence.com,2010/06/23,816429,Phillip,Hansen,20100623,11,false,under_18;invalid_mobile,input_batches/applications_dataset_1.csv
Jeanette Knight,Jeanette_Knight@carey.com,1952/01/30,72491,Jeanette,Knight,19520130,69,true,invalid_mobile,input_batches/applications_dataset_1.csv
Kayla Hanson,Kayla_Hanson@clay.biz,10-08-1967,6484759,Kayla,Hanson,19670810,54,true,invalid_mobile;invalid_email,input_batches/applications_dataset_1.csv
James Johnston,James_Johnston@fox-brandt.org,1968-10-16,52358919,James,Johnston,19681016,53,true,invalid_email,input_batches/applications_dataset_1.csv
Dr. John Porter,John_Porter@cobb-lee.com,07-10-1985,4437021,John,Porter,19851007,36,true,invalid_mobile,input_batches/applications_dataset_1.csv
Elizabeth Reyes,Elizabeth_Reyes@roberson.com,31-01-1955,32301,Elizabeth,Reyes,19550131,66,true,invalid_mobile,input_batches/applications_dataset_1.csv
Kristen Henry,Kristen_Henry@parker.com,07-02-2014,675081,Kristen,Henry,20140207,7,false,under_18;invalid_mobile,input_batches/applications_dataset_1.csv
Claudia Anderson,Claudia_Anderson@smith-lynch.info,05-10-2012,53767631,Claudia,Anderson,20121005,9,false,under_18;invalid_email,input_batches/applications_dataset_1.csv
Nicholas Webb,Nicholas_Webb@johnson.com,11/03/1953,993549,Nicholas,Webb,19531103,68,true,invalid_mobile,input_batches/applications_dataset_1.csv
Allison Cooper,Allison_Cooper@taylor.biz,2001/12/05,93151,Allison,Cooper,20011205,20,true,invalid_mobile;invalid_email,input_batches/applications_dataset_1.csv
Zachary Barnes,Zachary_Barnes@horne.biz,2005-05-03,41935039,Zachary,Barnes,20050503,16,false,under_18;invalid_email,input_batches/applications_dataset_1.csv
Gregory Hill III,Gregory_Hill@sims-sparks.net,1991/11/02,2850534,Gregory,Hill,19911102,30,true,invalid_mobile,input_batches/applications_dataset_1.csv
Terry Ayers,Terry_Ayers@morris.com,2007-08-06,76391,Terry,Ayers,20070806,14,false,under_18;invalid_mobile,input_batches/applications_dataset_1.csv
Jessica Wilson,Jessica_Wilson@nichols.com,11/15/1954,662205,Jessica,Wilson,19541115,67,true,invalid_mobile,input_batches/applications_dataset_1.csv
Daniel Frazier,Daniel_Frazier@reilly.org,26-10-2017,2907584,Daniel,Frazier,20171026,4,false,under_18;invalid_mobile;invalid_email,input_batches/applications_dataset_1.csv
Brian Welch,Brian_Welch@armstrong.net,11-11-2005,417927,Brian,Welch,20051111,16,false,under_18;invalid_mobile,input_batches/applications_dataset_1.csv
Carol Chavez,Carol_Chavez@cantu-shelton.com,07/03/2004,4824387,Carol,Chavez,20040703,17,false,under_18;invalid_mobile,input_batches/applications_dataset_1.csv
Ethan Mcdonald,Ethan_Mcdonald@lewis.com,1990-01-15,57126,Ethan,Mcdonald,19900115,31,true,invalid_mobile,input_batches/applications_dataset_1.csv
Gerald Martinez,Gerald_Martinez@jenkins-barnes.net,1986/07/01,30641,Gerald,Martinez,19860701,35,true,invalid_mobile,input_batches/applications_dataset_1.csv
Eric King,Eric_King@graham.com,14-09-1970,895557,Eric,King,19700914,51,true,invalid_mobile,input_batches/applications_dataset_1.csv
Sylvia Walters,Sylvia_Walters@archer.com,2009-02-14,64876,Sylvia,Walters,20090214,12,false,under_18;invalid_mobile,input_batches/applications_dataset_1.csv
Jonathan Lane,Jonathan_Lane@wright.com,2008/01/09,935133,Jonathan,Lane,20080109,13,false,under_18;invalid_mobile,input_batches/applications_dataset_1.csv
Jessica Shaffer,Jessica_Shaffer@alexander.com,2013-03-05,1444542,Jessica,Shaffer,20130305,8,false,under_18;invalid_mobile,input_batches/applications_dataset_1.csv
Chris Spencer,Chris_Spencer@pacheco.net,04/19/1993,45821,Chris,Spencer,19930419,28,true,invalid_mobile,input_batches/applications_dataset_1.csv
Mary Clarke,Mary_Clarke@jacobs-martin.org,03/05/1959,6620314,Mary,Clarke,19590305,62,true,invalid_mobile;invalid_email,input_batches/applications_dataset_1.csv
Timothy Mendoza,Timothy_Mendoza@rodriguez-crawford.com,1979/12/22,45876,Timothy,Mendoza,19791222,42,true,invalid_mobile,input_batches/applications_dataset_1.csv
Alicia Hoffman,Alicia_Hoffman@gomez.com,2011-07-16,633645,Alicia,Hoffman,20110716,10,false,under_18;invalid_mobile,input_batches/applications_dataset_1.csv
Joseph Gardner,Joseph_Gardner@bray.com,18-01-1953,18996,Joseph,Gardner,19530118,68,true,invalid_mobile,input_batches/applications_dataset_1.csv
Rachael Rangel,Rachael_Rangel@marquez.biz,1980-06-18,88691,Rachael,Rangel,19800618,41,true,invalid_mobile;invalid_email,input_batches/applications_dataset_1.csv
Jeffrey Harrington,Jeffrey_Harrington@smith.com,07-08-1966,76691,Jeffrey,Harrington,19660807,55,true,invalid_mobile,input_batches/applications_dataset_1.csv
Debbie Freeman,Debbie_Freeman@thompson.net,27-04-2010,699285,Debbie,Freeman,20100427,11,false,under_18;invalid_mobile,input_batches/applications_dataset_1.csv
Matthew Braun,Matthew_Braun@logan.net,1974/04/28,4133403,Matthew,Braun,19740428,47,true,invalid_mobile,input_batches/applications_dataset_1.csv
Sheri Hudson,Sheri_Hudson@smith.com,20-09-2009,18706439,Sheri,Hudson,20090920,12,false,under_18,input_batches/applications_dataset_1.csv
Mary King,Mary_King@thomas-bates.com,05-03-2016,9495998,Mary,King,20160305,5,false,under_18;invalid_mobile,input_batches/applications_dataset_1.csv
Beth Davis,Beth_Davis@hernandez.com,26-09-2010,169533,Beth,Davis,20100926,11,false,under_18;invalid_mobile,input_batches/applications_dataset_1.csv
Margaret Castillo,Margaret_Castillo@gross.biz,12-12-1960,374415,Margaret,Castillo,19601212,61,true,invalid_mobile;invalid_email,input_batches/applications_dataset_1.csv
Tommy Sandoval,Tommy_Sandoval@fischer.com,24-07-1966,266061,Tommy,Sandoval,19660724,55,true,invalid_mobile,input_batches/applications_dataset_1.csv
Christopher Hines,Christopher_Hines@long-hammond.com,10/09/2015,11201,Christopher,Hines,20151009,6,false,under_18;invalid_mobile,input_batches/applications_dataset_1.csv
Richard Wright,Richard_Wright@griffin-fletcher.info,06-01-2006,539817,Richard,Wright,20060106,15,false,under_18;invalid_mobile;invalid_email,input_batches/applications_dataset_1.csv
Michael Brown,Michael_Brown@smith-schmidt.net,2012/06/18,47713991,Michael,Brown,20120618,9,false,under_18,input_batches/applications_dataset_1.csv
Nathan Yu,Nathan_Yu@murray.com,2001-11-12,67541,Nathan,Yu,20011112,20,true,invalid_mobile,input_batches/applications_dataset_1.csv
Cameron Ford,Cameron_Ford@finley-vazquez.org,05/23/1966,606009,Cameron,Ford,19660523,55,true,invalid_mobile;invalid_email,input_batches/applications_dataset_1.csv
Carla Hayes,Carla_Hayes@singh-ponce.net,03/01/1819,6159196,Carla,Hayes,18190301,202,true,invalid_mobile,input_batches/applications_dataset_1.csv
Gary Figueroa,Gary_Figueroa@hernandez.com,07/11/1963,3026717,Gary,Figueroa,19630711,58,true,invalid_mobile,input_batches/applications_dataset_1.csv
Michael West,Michael_West@rojas.net,2011-07-23,2103781,Michael,West,20110723,10,false,under_18;invalid_mobile,input_batches/applications_dataset_1.csv
Martin Walton,Martin_Walton@grant.org,2011/05/12,593379,Martin,Walton,20110512,10,false,under_18;invalid_mobile;invalid_email,input_batches/applications_dataset_1.csv
Christopher Stephenson,Christopher_Stephenson@wade.com,05/06/1962,435111,Christopher,Stephenson,19620506,59,true,invalid_mobile,input_batches/applications_dataset_1.csv
Eric Ortiz,Eric_Ortiz@johnson.com,2005-02-08,3593234,Eric,Ortiz,20050208,16,false,under_18;invalid_mobile,input_batches/applications_dataset_1.csv
Andrew Cowan,Andrew_Cowan@gray-young.info,22-08-1961,128361,Andrew,Cowan,19610822,60,true,invalid_mobile;invalid_email,input_batches/applications_dataset_1.csv
Rhonda Moss DDS,Rhonda_Moss@nelson.com,1951/12/30,817173,Rhonda,Moss,19511230,70,true,invalid_mobile,input_batches/applications_dataset_1.csv
Sarah Williams,Sarah_Williams@morris.org,05-06-1985,553179,Sarah,Williams,19850605,36,true,invalid_mobile;invalid_email,input_batches/applications_dataset_1.csv
Carolyn Collins,Carolyn_Collins@taylor.info,1996/12/26,82871,Carolyn,Collins,19961226,25,true,invalid_mobile;invalid_email,input_batches/applications_dataset_1.csv
Larry Mooney,Larry_Mooney@west-sanchez.info,2010-10-28,61381,Larry,Mooney,20101028,11,false,under_18;invalid_mobile;invalid_email,input_batches/applications_dataset_1.csv
Laura Livingston,Laura_Livingston@ponce.biz,1991-03-07,178515,Laura,Livingston,19910307,30,true,invalid_mobile;invalid_email,input_batches/applications_dataset_1.csv
Candace Mckenzie,Candace_Mckenzie@evans-fields.com,03/18/1952,4009167,Candace,Mckenzie,19520318,69,true,invalid_mobile,input_batches/applications_dataset_1.csv
Candace Wallace,Candace_Wallace@dickerson.com,05-08-1998,45146,Candace,Wallace,19980805,23,true,invalid_mobile,input_batches/applications_dataset_1.csv
Jason White,Jason_White@hill.org,05-05-2005,186057,Jason,White,20050505,16,false,under_18;invalid_mobile;invalid_email,input_batches/applications_dataset_1.csv
Patricia Reynolds,Patricia_Reynolds@holt-sweeney.com,2012/05/08,21775831,Patricia,Reynolds,20120508,9,false,under_18,input_batches/applications_dataset_1.csv
Michael Ellison,Michael_Ellison@brown.com,1988/04/07,398331,Michael,Ellison,19880407,33,true,invalid_mobile,input_batches/applications_dataset_1.csv
Melissa Robles,Melissa_Robles@ryan-meyers.com,05/19/1980,90836,Melissa,Robles,19800519,41,true,invalid_mobile,input_batches/applications_dataset_1.csv
Heidi Fry,Heidi_Fry@ross.org,07/02/1998,82436,Heidi,Fry,19980702,23,true,invalid_mobile;invalid_email,input_batches/applications_dataset_1.csv
James Smith,James_Smith@perez-cole.info,1966/02/25,85794215,James,Smith,19660225,55,true,invalid_email,input_batches/applications_dataset_1.csv
Stephanie Green DDS,Stephanie_Green@collins.com,2011-11-12,736485,Stephanie,Green,20111112,10,false,under_18;invalid_mobile,input_batches/applications_dataset_1.csv
Stacey Garcia,Stacey_Garcia@dalton-henry.com,1987/01/20,72151,Stacey,Garcia,19870120,34,true,invalid_mobile,input_batches/applications_dataset_1.csv
Glenda Burke,Glenda_Burke@smith.biz,14-03-1976,83726,Glenda,Burke,19760314,45,true,invalid_mobile;invalid_email,input_batches/applications_dataset_1.csv
Zachary Alvarez,Zachary_Alvarez@kelly.com,2001-09-10,25626,Zachary,Alvarez,20010910,20,true,invalid_mobile,input_batches/applications_dataset_1.csv
Carmen Beard,Carmen_Beard@estrada.net,2016/02/29,60170903,Carmen,Beard,20160229,5,false,under_18,input_batches/applications_dataset_1.csv
Tony Daniels,Tony_Daniels@arellano.com,06/14/1976,9584653,Tony,Daniels,19760614,45,true,invalid_mobile,input_batches/applications_dataset_1.csv
Randy Mora,Randy_Mora@herrera-strong.biz,27-11-1993,77326903,Randy,Mora,19931127,28,true,invalid_email,input_batches/applications_dataset_1.csv
George Aguirre,George_Aguirre@herrera.com,2002/12/01,615255,George,Aguirre,20021201,19,true,invalid_mobile,input_batches/applications_dataset_1.csv
Jacqueline Williams,Jacqueline_Williams@bell-salas.biz,1991-08-10,48250447,Jacqueline,Williams,19910810,30,true,invalid_email,input_batches/applications_dataset_1.csv
April Taylor,April_Taylor@barnes.net,2010-09-15,44364927,April,Taylor,20100915,11,false,under_18,input_batches/applications_dataset_1.csv
Robert Johnson,Robert_Johnson@kelly.com,03/10/1956,7776119,Robert,Johnson,19560310,65,true,invalid_mobile,input_batches/applications_dataset_1.csv
Gary White,Gary_White@brown.org,12/31/1962,3255036,Gary,White,19621231,59,true,invalid_mobile;invalid_email,input_batches/applications_dataset_1.csv
Kim Lowe,Kim_Lowe@pratt.com,11-06-1953,7925947,Kim,Lowe,19530611,68,true,invalid_mobile,input_batches/applications_dataset_1.csv
Samantha Jones,Samantha_Jones@cortez-frazier.biz,07/21/1955,8965083,Samantha,Jones,19550721,66,true,invalid_mobile;invalid_email,input_batches/applications_dataset_1.csv
Randy Lozano,Randy_Lozano@patton-peters.com,30-01-1970,469011,Randy,Lozano,19700130,51,true,invalid_mobile,input_batches/applications_dataset_1.csv
Arthur Chavez,Arthur_Chavez@lyons.com,1988/01/01,398565,Arthur,Chavez,19880101,34,true,invalid_mobile,input_batches/applications_dataset_1.csv
Melissa Miller,Melissa_Miller@anderson-hayes.com,25-02-2011,45981,Melissa,Miller,20110225,10,false,under_18;invalid_mobile,input_batches/applications_dataset_1.csv
Leslie Mccormick,Leslie_Mccormick@moore.com,26-10-1968,240375,Leslie,Mccormick,19681026,53,true,invalid_mobile,input_batches/applications_dataset_1.csv
Carlos Rubio,Carlos_Rubio@maynard.org,17-06-2017,8913535,Carlos,Rubio,20170617,4,false,under_18;invalid_mobile;invalid_email,input_batches/applications_dataset_1.csv
David York,David_York@shaffer.biz,07/14/1998,628659,David,York,19980714,23,true,invalid_mobile;invalid_email,input_batches/applications_dataset_1.csv
Olivia Poole,Olivia_Poole@blake.com,04/18/1977,7408416,Olivia,Poole,19770418,44,true,invalid_mobile,input_batches/applications_dataset_1.csv
Wayne Wilson,Wayne_Wilson@christian.com,1958/02/14,8696654,Wayne,Wilson,19580214,63,true,invalid_mobile,input_batches/applications_dataset_1.csv
Elizabeth Moore,Elizabeth_Moore@kelley.biz,1975/05/24,92096903,Elizabeth,Moore,19750524,46,true,invalid_email,input_batches/applications_dataset_1.csv
Janice Campbell,Janice_Campbell@davis-ryan.com,15-03-1950,951693,Janice,Campbell,19500315,71,true,invalid_mobile,input_batches/applications_dataset_1.csv
Julie Johnson,Julie_Johnson@brown-murray.biz,2006/06/06,754581,Julie,Johnson,20060606,15,false,under_18;invalid_mobile;invalid_email,input_batches/applications_dataset_1.csv
Robert Soto,Robert_Soto@huffman.org,21-02-1964,157035,Robert,Soto,19640221,57,true,invalid_mobile;invalid_email,input_batches/applications_dataset_1.csv
Brenda Cowan,Brenda_Cowan@white-marsh.com,1960/08/24,401061,Brenda,Cowan,19600824,61,true,invalid_mobile,input_batches/applications_dataset_1.csv
Kayla Taylor,Kayla_Taylor@ball.biz,1955-03-23,798915,Kayla,Taylor,19550323,66,true,invalid_mobile;invalid_email,input_batches/applications_dataset_1.csv
Antonio Garcia,Antonio_Garcia@williamson-warren.com,1969-01-23,8287959,Antonio,Garcia,19690123,52,true,invalid_mobile,input_batches/applications_dataset_1.csv
Tyler Cisneros,Tyler_Cisneros@frye-velasquez.info,31-05-1969,581631,Tyler,Cisneros,19690531,52,true,invalid_mobile;invalid_email,input_batches/applications_dataset_1.csv
Jillian Crawford,Jillian_Crawford@may-meza.com,1980-06-21,638457,Jillian,Crawford,19800621,41,true,invalid_mobile,input_batches/applications_dataset_1.csv
Karl Pierce,Karl_Pierce@aguilar.com,04/28/1999,4696945,Karl,Pierce,19990428,22,true,invalid_mobile,input_batches/applications_dataset_1.csv
Joann Taylor,Joann_Taylor@hernandez.com,09/07/1985,645597,Joann,Taylor,19850907,36,true,invalid_mobile,input_batches/applications_dataset_1.csv
Jennifer Jenkins,Jennifer_Jenkins@gilmore-king.com,12/21/1992,689985,Jennifer,Jenkins,19921221,29,true,invalid_mobile,input_batches/applications_dataset_1.csv
Nancy Brown,Nancy_Brown@alexander.com,1969-05-01,40586,Nancy,Brown,19690501,52,true,invalid_mobile,input_batches/applications_dataset_1.csv
Emma Munoz,Emma_Munoz@hill.com,1967/10/17,3247525,Emma,Munoz,19671017,54,true,invalid_mobile,input_batches/applications_dataset_1.csv
Melissa Mcguire,Melissa_Mcguire@smith-payne.org,1975/04/02,7129991,Melissa,Mcguire,19750402,46,true,invalid_mobile;invalid_email,input_batches/applications_dataset_1.csv
Bryan Chavez,Bryan_Chavez@campbell-boyd.com,08-09-2002,686979,Bryan,Chavez,20020908,19,true,invalid_mobile,input_batches/applications_dataset_1.csv
Megan Moore,Megan_Moore@sanchez.com,02/07/1955,6151034,Megan,Moore,19550207,66,true,invalid_mobile,input_batches/applications_dataset_1.csv
Robert Williams,Robert_Williams@rogers.net,09-03-1984,5827648,Robert,Williams,19840309,37,true,invalid_mobile,input_batches/applications_dataset_1.csv
Kimberly Herrera,Kimberly_Herrera@stevens.com,1987-06-15,274011,Kimberly,Herrera,19870615,34,true,invalid_mobile,input_batches/applications_dataset_1.csv
Gloria Potts,Gloria_Potts@kidd.org,20-11-1956,93061,Gloria,Potts,19561120,65,true,invalid_mobile;invalid_email,input_batches/applications_dataset_1.csv
Suzanne Barnett,Suzanne_Barnett@norman-payne.com,1952-08-28,856419,Suzanne,Barnett,19520828,69,true,invalid_mobile,input_batches/applications_dataset_1.csv
Leah Myers,Leah_Myers@nichols-davies.info,1986-09-05,65720823,Leah,Myers,19860905,35,true,invalid_email,input_batches/applications_dataset_1.csv
Kylie Thomas,Kylie_Thomas@thomas.com,1996/10/05,950613,Kylie,Thomas,19961005,25,true,invalid_mobile,input_batches/applications_dataset_1.csv
Christopher Matthews,Christopher_Matthews@holloway.com,18-04-1969,5612601,Christopher,Matthews,19690418,52,true,invalid_mobile,input_batches/applications_dataset_1.csv
Nicole Parks,Nicole_Parks@haney-hahn.org,2005-05-09,4168158,Nicole,Parks,20050509,16,false,under_18;invalid_mobile;invalid_email,input_batches/applications_dataset_1.csv
Kevin Chambers,Kevin_Chambers@brown-miller.com,1996-12-03,31371,Kevin,Chambers,19961203,25,true,invalid_mobile,input_batches/applications_dataset_1.csv
Kimberly Lawson,Kimberly_Lawson@bennett-fletcher.com,1968/08/24,8918561,Kimberly,Lawson,19680824,53,true,invalid_mobile,input_batches/applications_dataset_1.csv
Rachel Lopez,Rachel_Lopez@nichols.com,08/14/1964,88726,Rachel,Lopez,19640814,57,true,invalid_mobile,input_batches/applications_dataset_1.csv
Christopher Clay,Christopher_Clay@clark-brown.biz,2017-04-21,563625,Christopher,Clay,20170421,4,false,under_18;invalid_mobile;invalid_email,input_batches/applications_dataset_1.csv
Daniel Martin,Daniel_Martin@mendez-miller.com,1961-09-29,2787681,Daniel,Martin,19610929,60,true,invalid_mobile,input_batches/applications_dataset_1.csv
William Taylor,William_Taylor@garcia-bush.net,11/04/1955,374985,William,Taylor,19551104,66,true,invalid_mobile,input_batches/applications_dataset_1.csv
Steven Johnson,Steven_Johnson@hall.com,2005-07-16,95881,Steven,Johnson,20050716,16,false,under_18;invalid_mobile,input_batches/applications_dataset_1.csv
Daniel Miller,Daniel_Miller@jackson.info,19-01-2000,86343895,Daniel,Miller,20000119,21,true,invalid_email,input_batches/applications_dataset_1.csv
Taylor Bryant,Taylor_Bryant@walker.com,04/06/2016,80016,Taylor,Bryant,20160406,5,false,under_18;invalid_mobile,input_batches/applications_dataset_1.csv
Lindsey Robertson,Lindsey_Robertson@solomon.com,06/03/1970,51586,Lindsey,Robertson,19700603,51,true,invalid_mobile,input_batches/applications_dataset_1.csv
Allison Thomas,Allison_Thomas@phillips-garcia.com,13-02-1968,5959150,Allison,Thomas,19680213,53,true,invalid_mobile,input_batches/applications_dataset_1.csv
Susan Parsons,Susan_Parsons@carter.biz,07/29/1994,724803,Susan,Parsons,19940729,27,true,invalid_mobile;invalid_email,input_batches/applications_dataset_1.csv
Brady Snyder,Brady_Snyder@archer.com,15-06-1999,703269,Brady,Snyder,19990615,22,true,invalid_mobile,input_batches/applications_dataset_1.csv
Brent Mcgrath,Brent_Mcgrath@jackson-maxwell.info,2017/02/26,225897,Brent,Mcgrath,20170226,4,false,under_18;invalid_mobile;invalid_email,input_batches/applications_dataset_1.csv
Peter Smith,Peter_Smith@wright.com,12/29/1950,707703,Peter,Smith,19501229,71,true,invalid_mobile,input_batches/applications_dataset_1.csv
Deborah Fox,Deborah_Fox@watts.org,2017/02/22,3735915,Deborah,Fox,20170222,4,false,under_18;invalid_mobile;invalid_email,input_batches/applications_dataset_1.csv
Heather Collins,Heather_Collins@daniels.com,2017/08/20,880443,Heather,Collins,20170820,4,false,under_18;invalid_mobile,input_batches/applications_dataset_1.csv
Nicholas Hubbard,Nicholas_Hubbard@day.info,1964/12/24,36966279,Nicholas,Hubbard,19641224,57,true,invalid_email,input_batches/applications_dataset_1.csv
Misty Ramirez,Misty_Ramirez@chavez.com,23-10-2014,1951391,Misty,Ramirez,20141023,7,false,under_18;invalid_mobile,input_batches/applications_dataset_1.csv
Scott Johnson,Scott_Johnson@davis.com,03/11/1965,682641,Scott,Johnson,19650311,56,true,invalid_mobile,input_batches/applications_dataset_1.csv
Jay Nixon,Jay_Nixon@brown-sanchez.info,1961/08/29,128097,Jay,Nixon,19610829,60,true,invalid_mobile;invalid_email,input_batches/applications_dataset_1.csv
Tony Hall,Tony_Hall@david.com,2009-02-16,8117866,Tony,Hall,20090216,12,false,under_18;invalid_mobile,input_batches/applications_dataset_1.csv
Taylor Smith,Taylor_Smith@williams-burns.info,1985-04-09,8532231,Taylor,Smith,19850409,36,true,invalid_mobile;invalid_email,input_batches/applications_dataset_1.csv
Mark Reynolds,Mark_Reynolds@stokes-mcpherson.com,06/01/1989,1255759,Mark,Reynolds,19890601,32,true,invalid_mobile,input_batches/applications_dataset_1.csv
Marilyn Christensen,Marilyn_Christensen@cooper-ward.com,26-03-2008,94007639,Marilyn,Christensen,20080326,13,false,under_18,input_batches/applications_dataset_1.csv
Denise Atkins,Denise_Atkins@smith-shelton.net,2011/01/18,691611,Denise,Atkins,20110118,10,false,under_18;invalid_mobile,input_batches/applications_dataset_1.csv
Melissa Gonzales,Melissa_Gonzales@collins.com,2018-11-03,513771,Melissa,Gonzales,20181103,3,false,under_18;invalid_mobile,input_batches/applications_dataset_1.csv
Henry Hoffman,Henry_Hoffman@hubbard-garrett.com,18-05-1965,38756,Henry,Hoffman,19650518,56,true,invalid_mobile,input_batches/applications_dataset_1.csv
Daisy Davenport,Daisy_Davenport@spencer-guerrero.info,1993/01/15,20866,Daisy,Davenport,19930115,28,true,invalid_mobile;invalid_email,input_batches/applications_dataset_1.csv
Christopher Paul,Christopher_Paul@smith-gonzales.com,18-03-1955,8029330,Christopher,Paul,19550318,66,true,invalid_mobile,input_batches/applications_dataset_1.csv
Kevin Craig,Kevin_Craig@osborne-hudson.biz,14-04-2011,939093,Kevin,Craig,20110414,10,false,under_18;invalid_mobile;invalid_email,input_batches/applications_dataset_1.csv
Natalie Coleman,Natalie_Coleman@robertson.com,2011/10/17,80856,Natalie,Coleman,20111017,10,false,under_18;invalid_mobile,input_batches/applications_dataset_1.csv
Gary Bonilla,Gary_Bonilla@carr.biz,03/16/1992,636849,Gary,Bonilla,19920316,29,true,invalid_mobile;invalid_email,input_batches/applications_dataset_1.csv
Amanda Richards,Amanda_Richards@ramirez.biz,23-12-1970,32284303,Amanda,Richards,19701223,51,true,invalid_email,input_batches/applications_dataset_1.csv
Heidi Perez,Heidi_Perez@harper.com,13-04-1970,215895,Heidi,Perez,19700413,51,true,invalid_mobile,input_batches/applications_dataset_1.csv
Robert Johnson,Robert_Johnson@mitchell.info,10/18/2000,6258351,Robert,Johnson,20001018,21,true,invalid_mobile;invalid_email,input_batches/applications_dataset_1.csv
Gary Mills,Gary_Mills@pearson-benson.com,1957-01-10,18231,Gary,Mills,19570110,64,true,invalid_mobile,input_batches/applications_dataset_1.csv
Chelsea Caldwell,Chelsea_Caldwell@gomez.com,17-02-1995,268449,Chelsea,Caldwell,19950217,26,true,invalid_mobile,input_batches/applications_dataset_1.csv
John Frye,John_Frye@johnson.org,11/18/1950,3519734,John,Frye,19501118,71,true,invalid_mobile;invalid_email,input_batches/applications_dataset_1.csv
Michael Strong,Michael_Strong@bradley.com,24-11-1969,575217,Michael,Strong,19691124,52,true,invalid_mobile,input_batches/applications_dataset_1.csv
Christopher Delgado,Christopher_Delgado@robinson.com,2016-07-16,715353,Christopher,Delgado,20160716,5,false,under_18;invalid_mobile,input_batches/applications_dataset_1.csv
Whitney Wallace,Whitney_Wallace@valdez.info,1978-09-30,97125103,Whitney,Wallace,19780930,43,true,invalid_email,input_batches/applications_dataset_1.csv
Rebecca Martinez,Rebecca_Martinez@russell.com,10/26/1988,171597,Rebecca,Martinez,19881026,33,true,invalid_mobile,input_batches/applications_dataset_1.csv
Marissa Mccoy,Marissa_Mccoy@ruiz.com,1991-08-23,9407994,Marissa,Mccoy,19910823,30,true,invalid_mobile,input_batches/applications_dataset_1.csv
Ricky Kerr,Ricky_Kerr@fischer-savage.biz,2006/04/27,200889,Ricky,Kerr,20060427,15,false,under_18;invalid_mobile;invalid_email,input_batches/applications_dataset_1.csv
Anna Campbell,Anna_Campbell@alvarez.com,11-04-1991,875505,Anna,Campbell,19910411,30,true,invalid_mobile,input_batches/applications_dataset_1.csv
Marie Walters,Marie_Walters@navarro.biz,1978-03-10,995145,Marie,Walters,19780310,43,true,invalid_mobile;invalid_email,input_batches/applications_dataset_1.csv
James Dixon,James_Dixon@manning.com,05/18/2007,337551,James,Dixon,20070518,14,false,under_18;invalid_mobile,input_batches/applications_dataset_1.csv
Vicki Ramirez,Vicki_Ramirez@mcdonald.com,2013-01-17,71806,Vicki,Ramirez,20130117,8,false,under_18;invalid_mobile,input_batches/applications_dataset_1.csv
Krista Campbell,Krista_Campbell@stark.net,24-04-1994,357441,Krista,Campbell,19940424,27,true,invalid_mobile,input_batches/applications_dataset_1.csv
Lauren Patterson,Lauren_Patterson@love-taylor.net,12/01/2009,85706,Lauren,Patterson,20091201,12,false,under_18;invalid_mobile,input_batches/applications_dataset_1.csv
Megan Clark,Megan_Clark@lutz-garrison.info,1960/09/28,17556,Megan,Clark,19600928,61,true,invalid_mobile;invalid_email,input_batches/applications_dataset_1.csv
Judy Zimmerman,Judy_Zimmerman@baker.com,11/09/2017,6415123,Judy,Zimmerman,20171109,4,false,under_18;invalid_mobile,input_batches/applications_dataset_1.csv
Joseph Williams MD,Joseph_Williams@wall-smith.info,2001-07-01,97871,Joseph,Williams,20010701,20,true,invalid_mobile;invalid_email,input_batches/applications_dataset_1.csv
Lori Acevedo,Lori_Acevedo@randolph.com,30-10-1978,50796,Lori,Acevedo,19781030,43,true,invalid_mobile,input_batches/applications_dataset_1.csv
Dawn Snyder,Dawn_Snyder@long-hamilton.info,1956-07-08,245361,Dawn,Snyder,19560708,65,true,invalid_mobile;invalid_email,input_batches/applications_dataset_1.csv
Jennifer Simmons,Jennifer_Simmons@matthews.com,05-11-1984,69056,Jennifer,Simmons,19841105,37,true,invalid_mobile,input_batches/applications_dataset_1.csv
Alyssa Nunez,Alyssa_Nunez@johnson.com,1992-08-24,46831,Alyssa,Nunez,19920824,29,true,invalid_mobile,input_batches/applications_dataset_1.csv
Robert Black,Robert_Black@cooper.biz,19-06-1980,768243,Robert,Black,19800619,41,true,invalid_mobile;invalid_email,input_batches/applications_dataset_1.csv
Julia Young,Julia_Young@bishop.info,20-07-1989,67471,Julia,Young,19890720,32,true,invalid_mobile;invalid_email,input_batches/applications_dataset_1.csv
Melinda Barnes,Melinda_Barnes@porter.com,1953/06/18,83881,Melinda,Barnes,19530618,68,true,invalid_mobile,input_batches/applications_dataset_1.csv
Mr. Brett Armstrong,Brett_Armstrong@baker-madden.net,03/17/1982,849219,Brett,Armstrong,19820317,39,true,invalid_mobile,input_batches/applications_dataset_1.csv
Erik Stevenson,Erik_Stevenson@byrd.com,2007-07-06,171309,Erik,Stevenson,20070706,14,false,under_18;invalid_mobile,input_batches/applications_dataset_1.csv
Daniel George,Daniel_George@wolf-rojas.com,1984-12-09,280101,Daniel,George,19841209,37,true,invalid_mobile,input_batches/applications_dataset_1.csv
Lindsey Jones,Lindsey_Jones@roberts-gonzalez.net,27-03-1954,3487156,Lindsey,Jones,19540327,67,true,invalid_mobile,input_batches/applications_dataset_1.csv
Virginia Lopez,Virginia_Lopez@anderson.com,05-08-1993,4644613,Virginia,Lopez,19930805,28,true,invalid_mobile,input_batches/applications_dataset_1.csv
Andrew Brown,Andrew_Brown@lindsey-villanueva.com,1992-04-04,2683360,Andrew,Brown,19920404,29,true,invalid_mobile,input_batches/applications_dataset_1.csv
Donna Lowery,Donna_Lowery@warren.info,1955/03/26,1934388,Donna,Lowery,19550326,66,true,invalid_mobile;invalid_email,input_batches/applications_dataset_1.csv
Alexis Andrade,Alexis_Andrade@santiago.com,05/04/2014,77956,Alexis,Andrade,20140504,7,false,under_18;invalid_mobile,input_batches/applications_dataset_1.csv
Tara Johnson,Tara_Johnson@smith-brown.com,01/01/1962,74946,Tara,Johnson,19620101,60,true,invalid_mobile,input_batches/applications_dataset_1.csv
Pamela Scott,Pamela_Scott@thompson-myers.com,04/08/1994,90651,Pamela,Scott,19940408,27,true,invalid_mobile,input_batches/applications_dataset_1.csv
Martin Ward,Martin_Ward@jones.info,1992-08-15,787521,Martin,Ward,19920815,29,true,invalid_mobile;invalid_email,input_batches/applications_dataset_1.csv
Kristina Hernandez,Kristina_Hernandez@martin.com,1963/08/21,12016,Kristina,Hernandez,19630821,58,true,invalid_mobile,input_batches/applications_dataset_1.csv
Robert Bush,Robert_Bush@simmons.com,01/10/1968,17296,Robert,Bush,19680110,53,true,invalid_mobile,input_batches/applications_dataset_1.csv
Rebecca Larson,Rebecca_Larson@shannon-long.com,01/14/1993,12481,Rebecca,Larson,19930114,28,true,invalid_mobile,input_batches/applications_dataset_1.csv
Brittany Watson,Brittany_Watson@hernandez.biz,1990/06/19,550599,Brittany,Watson,19900619,31,true,invalid_mobile;invalid_email,input_batches/applications_dataset_1.csv
Edward Burns,Edward_Burns@graham.org,1951-06-18,68976471,Edward,Burns,19510618,70,true,invalid_email,input_batches/applications_dataset_1.csv
John Prince,John_Prince@rodriguez-richardson.com,07-03-1976,940833,John,Prince,19760307,45,true,invalid_mobile,input_batches/applications_dataset_1.csv
Ashley Boyer,Ashley_Boyer@miller.com,20-10-1970,815421,Ashley,Boyer,19701020,51,true,invalid_mobile,input_batches/applications_dataset_1.csv
James Dean,James_Dean@garcia.com,1991/09/21,590115,James,Dean,19910921,30,true,invalid_mobile,input_batches/applications_dataset_1.csv
Natalie Gordon,Natalie_Gordon@zhang.com,23-03-2013,764475,Natalie,Gordon,20130323,8,false,under_18;invalid_mobile,input_batches/applications_dataset_1.csv
Ryan Smith,Ryan_Smith@simpson-smith.com,1976/07/06,229317,Ryan,Smith,19760706,45,true,invalid_mobile,input_batches/applications_dataset_1.csv
William Delgado,William_Delgado@russell.com,2007-08-16,71961335,William,Delgado,20070816,14,false,under_18,input_batches/applications_dataset_1.csv
Brian Johnson,Brian_Johnson@glover.com,06/06/1954,6134969,Brian,Johnson,19540606,67,true,invalid_mobile,input_batches/applications_dataset_1.csv
James Patel,James_Patel@ramos.com,04/21/1951,4207491,James,Patel,19510421,70,true,invalid_mobile,input_batches/applications_dataset_1.csv
Allen Rogers,Allen_Rogers@lewis.org,1961/03/05,88834151,Allen,Rogers,19610305,60,true,invalid_email,input_batches/applications_dataset_1.csv
Aimee Reyes,Aimee_Reyes@dunn.com,1954-12-14,3252852,Aimee,Reyes,19541214,67,true,invalid_mobile,input_batches/applications_dataset_1.csv
Edward Griffin,Edward_Griffin@mcconnell.net,01-12-1988,73951,Edward,Griffin,19881201,33,true,invalid_mobile,input_batches/applications_dataset_1.csv
Debra Baker,Debra_Baker@mitchell.com,2017/07/28,87896,Debra,Baker,20170728,4,false,under_18;invalid_mobile,input_batches/applications_dataset_1.csv
Yvette Kramer,Yvette_Kramer@greene.biz,05/13/1997,9038562,Yvette,Kramer,19970513,24,true,invalid_mobile;invalid_email,input_batches/applications_dataset_1.csv
Alyssa Williams DVM,Alyssa_Williams@huff.com,1958/03/16,25031,Alyssa,Williams,19580316,63,true,invalid_mobile,input_batches/applications_dataset_1.csv
John Cunningham,John_Cunningham@moore-norton.com,2002/10/07,89356,John,Cunningham,20021007,19,true,invalid_mobile,input_batches/applications_dataset_1.csv
Dana Gilbert,Dana_Gilbert@mclean-livingston.biz,30-04-1976,8521150,Dana,Gilbert,19760430,45,true,invalid_mobile;invalid_email,input_batches/applications_dataset_1.csv
Stephen Henry,Stephen_Henry@jones.com,1981/07/23,58641,Stephen,Henry,19810723,40,true,invalid_mobile,input_batches/applications_dataset_1.csv
Bradley James,Bradley_James@smith.com,1965-11-03,6789630,Bradley,James,19651103,56,true,invalid_mobile,input_batches/applications_dataset_1.csv
Melinda Peters,Melinda_Peters@schroeder-king.com,02/12/1973,275385,Melinda,Peters,19730212,48,true,invalid_mobile,input_batches/applications_dataset_1.csv
Robert Goodman,Robert_Goodman@atkinson.com,01/31/2010,81801,Robert,Goodman,20100131,11,false,under_18;invalid_mobile,input_batches/applications_dataset_1.csv
Leslie Moore,Leslie_Moore@waller.org,12/09/1984,1323 7891,Leslie,Moore,19841209,37,true,invalid_email,input_batches/applications_dataset_1.csv
Sarah Gray,Sarah_Gray@ryan-reese.org,08/27/1995,18121,Sarah,Gray,19950827,26,true,invalid_mobile;invalid_email,input_batches/applications_dataset_1.csv
Amy Haynes,Amy_Haynes@suarez.net,2000-01-28,57376,Amy,Haynes,20000128,21,true,invalid_mobile,input_batches/applications_dataset_1.csv
Gary Dean,Gary_Dean@harrison-farley.com,07/03/1955,519399,Gary,Dean,19550703,66,true,invalid_mobile,input_batches/applications_dataset_1.csv
Jonathan Duran,Jonathan_Duran@dixon.com,10/20/1981,289695,Jonathan,Duran,19811020,40,true,invalid_mobile,input_batches/applications_dataset_1.csv
Elizabeth Ruiz,Elizabeth_Ruiz@bell-ho.com,1979/02/02,697629,Elizabeth,Ruiz,19790202,42,true,invalid_mobile,input_batches/applications_dataset_1.csv
Caitlin Lewis,Caitlin_Lewis@miller.com,07/04/2007,7931512,Caitlin,Lewis,20070704,14,false,under_18;invalid_mobile,input_batches/applications_dataset_1.csv
Micheal Blackburn,Micheal_Blackburn@lewis.org,10/10/1962,7063 7879,Micheal,Blackburn,19621010,59,true,invalid_email,input_batches/applications_dataset_1.csv
Sheryl Mccarthy,Sheryl_Mccarthy@fox-johnson.org,03/29/1997,3859556,Sheryl,Mccarthy,19970329,24,true,invalid_mobile;invalid_email,input_batches/applications_dataset_1.csv
Lisa Smith,Lisa_Smith@johnson.com,09/21/2004,12546,Lisa,Smith,20040921,17,false,under_18;invalid_mobile,input_batches/applications_dataset_1.csv
Jared Juarez,Jared_Juarez@neal.info,12/04/1975,65986,Jared,Juarez,19751204,46,true,invalid_mobile;invalid_email,input_batches/applications_dataset_1.csv
Brett Castro,Brett_Castro@wilson.com,2005/03/11,875235,Brett,Castro,20050311,16,false,under_18;invalid_mobile,input_batches/applications_dataset_1.csv
Jessica Murray,Jessica_Murray@lewis.com,2000-09-08,97696,Jessica,Murray,20000908,21,true,invalid_mobile,input_batches/applications_dataset_1.csv
Austin Coffey,Austin_Coffey@wolf.biz,2010/07/03,782595,Austin,Coffey,20100703,11,false,under_18;invalid_mobile;invalid_email,input_batches/applications_dataset_1.csv
Shelly Jacobs,Shelly_Jacobs@jones.org,24-02-1977,9984906,Shelly,Jacobs,19770224,44,true,invalid_mobile;invalid_email,input_batches/applications_dataset_1.csv
Elizabeth Logan,Elizabeth_Logan@hale.org,2005/01/14,177789,Elizabeth,Logan,20050114,16,false,under_18;invalid_mobile;invalid_email,input_batches/applications_dataset_1.csv
Cody Anderson,Cody_Anderson@arroyo.com,1960-09-29,53651,Cody,Anderson,19600929,61,true,invalid_mobile,input_batches/applications_dataset_1.csv
Kayla Wood,Kayla_Wood@wallace.com,1999/03/06,393903,Kayla,Wood,19990306,22,true,invalid_mobile,input_batches/applications_dataset_1.csv
Paul Singh DDS,Paul_Singh@silva-callahan.com,11-11-1951,256683,Paul,Singh,19511111,70,true,invalid_mobile,input_batches/applications_dataset_1.csv
James Mays,James_Mays@daniel.biz,1969-10-13,56033271,James,Mays,19691013,52,true,invalid_email,input_batches/applications_dataset_1.csv
Thomas Moore,Thomas_Moore@cain.com,2009/07/24,36306,Thomas,Moore,20090724,12,false,under_18;invalid_mobile,input_batches/applications_dataset_1.csv
Linda Pacheco,Linda_Pacheco@moore.com,1969/01/17,4596047,Linda,Pacheco,19690117,52,true,invalid_mobile,input_batches/applications_dataset_1.csv
Jenny Clark,Jenny_Clark@soto.com,1976/07/08,271815,Jenny,Clark,19760708,45,true,invalid_mobile,input_batches/applications_dataset_1.csv
Patrick Guzman,Patrick_Guzman@ryan-todd.biz,1960/06/10,9436477,Patrick,Guzman,19600610,61,true,invalid_mobile;invalid_email,input_batches/applications_dataset_1.csv
Mr. Scott Peters,Scott_Peters@barnes-diaz.com,03/03/2013,3644880,Scott,Peters,20130303,8,false,under_18;invalid_mobile,input_batches/applications_dataset_1.csv
John Stevenson,John_Stevenson@horton.com,2000/06/08,598899,John,Stevenson,20000608,21,true,invalid_mobile,input_batches/applications_dataset_1.csv
Kristina Brooks,Kristina_Brooks@anderson.com,04/21/2004,72641,Kristina,Brooks,20040421,17,false,under_18;invalid_mobile,input_batches/applications_dataset_1.csv
Robert Brown,Robert_Brown@perez.info,1991-06-26,813777,Robert,Brown,19910626,30,true,invalid_mobile;invalid_email,input_batches/applications_dataset_1.csv
David Brown,David_Brown@coffey.com,04-03-1971,30431,David,Brown,19710304,50,true,invalid_mobile,input_batches/applications_dataset_1.csv
Dorothy Munoz,Dorothy_Munoz@martinez.net,01-01-1973,752553,Dorothy,Munoz,19730101,49,true,invalid_mobile,input_batches/applications_dataset_1.csv
Jason Lawson,Jason_Lawson@mcintyre.com,10-01-1997,780189,Jason,Lawson,19970110,24,true,invalid_mobile,input_batches/applications_dataset_1.csv
James Hall,James_Hall@smith.info,2008/01/31,858027,James,Hall,20080131,13,false,under_18;invalid_mobile;invalid_email,input_batches/applications_dataset_1.csv
Patricia Carpenter,Patricia_Carpenter@jordan-mendoza.org,17-12-1985,4425457,Patricia,Carpenter,19851217,36,true,invalid_mobile;invalid_email,input_batches/applications_dataset_1.csv
Jeff Cardenas,Jeff_Cardenas@cunningham.com,1969-08-10,4531605,Jeff,Cardenas,19690810,52,true,invalid_mobile,input_batches/applications_dataset_1.csv
Michelle Johnson,Michelle_Johnson@smith.org,1967-08-20,94747727,Michelle,Johnson,19670820,54,true,invalid_email,input_batches/applications_dataset_1.csv
Frank Madden,Frank_Madden@haley.net,1990/11/04,1185514,Frank,Madden,19901104,31,true,invalid_mobile,input_batches/applications_dataset_1.csv
George Tanner,George_Tanner@pacheco-olson.com,25-04-1958,96191,George,Tanner,19580425,63,true,invalid_mobile,input_batches/applications_dataset_1.csv
Jesse Frazier,Jesse_Frazier@webb-riley.com,11/02/1956,2243319,Jesse,Frazier,19561102,65,true,invalid_mobile,input_batches/applications_dataset_1.csv
Edward Russell,Edward_Russell@eaton-jones.com,03/31/1961,454155,Edward,Russell,19610331,60,true,invalid_mobile,input_batches/applications_dataset_1.csv
Diana Mcdonald,Diana_Mcdonald@dillon-johnson.com,03/09/1968,8910840,Diana,Mcdonald,19680309,53,true,invalid_mobile,input_batches/applications_dataset_1.csv
Randy Dawson,Randy_Dawson@johnson.com,05/25/1969,3704177,Randy,Dawson,19690525,52,true,invalid_mobile,input_batches/applications_dataset_1.csv
Jasmine Williams,Jasmine_Williams@levy.com,1979-01-25,93936,Jasmine,Williams,19790125,42,true,invalid_mobile,input_batches/applications_dataset_1.csv
Sara Young,Sara_Young@thornton.com,20-07-1984,735591,Sara,Young,19840720,37,true,invalid_mobile,input_batches/applications_dataset_1.csv
Christina Torres,Christina_Torres@rodriguez.net,08/29/2017,892383,Christina,Torres,20170829,4,false,under_18;invalid_mobile,input_batches/applications_dataset_1.csv
Maria Bailey,Maria_Bailey@quinn.com,08/09/1974,1331198,Maria,Bailey,19740809,47,true,invalid_mobile,input_batches/applications_dataset_1.csv
Charles Bartlett,Charles_Bartlett@thomas-wilson.com,07/09/2002,9629845,Charles,Bartlett,20020709,19,true,invalid_mobile,input_batches/applications_dataset_1.csv
Natalie Parker,Natalie_Parker@hernandez.com,15-02-1997,59446,Natalie,Parker,19970215,24,true,invalid_mobile,input_batches/applications_dataset_1.csv
Paula Hernandez DDS,Paula_Hernandez@obrien.com,1986-10-01,49086,Paula,Hernandez,19861001,35,true,invalid_mobile,input_batches/applications_dataset_1.csv
Jessica Jenkins,Jessica_Jenkins@small.com,1974/04/13,75096,Jessica,Jenkins,19740413,47,true,invalid_mobile,input_batches/applications_dataset_1.csv
Drew Henson,Drew_Henson@taylor.org,20-09-2018,698007,Drew,Henson,20180920,3,false,under_18;invalid_mobile;invalid_email,input_batches/applications_dataset_1.csv
Michael Davis,Michael_Davis@hill.org,2010/02/03,49850919,Michael,Davis,20100203,11,false,under_18;invalid_email,input_batches/applications_dataset_1.csv
Ian Ramos,Ian_Ramos@smith-edwards.info,23-06-2011,5515322,Ian,Ramos,20110623,10,false,under_18;invalid_mobile;invalid_email,input_batches/applications_dataset_1.csv
Anna Wright,Anna_Wright@nguyen-robertson.com,31-12-2000,5426709,Anna,Wright,20001231,21,true,invalid_mobile,input_batches/applications_dataset_1.csv
Ashley Anderson,Ashley_Anderson@bailey-rice.com,1998/01/02,28346,Ashley,Anderson,19980102,23,true,invalid_mobile,input_batches/applications_dataset_1.csv
Jennifer Wright,Jennifer_Wright@francis.org,1960-07-26,9076747,Jennifer,Wright,19600726,61,true,invalid_mobile;invalid_email,input_batches/applications_dataset_1.csv
Nicole Lopez,Nicole_Lopez@fox.com,25-03-2000,461409,Nicole,Lopez,20000325,21,true,invalid_mobile,input_batches/applications_dataset_1.csv
Tara Ellis,Tara_Ellis@faulkner.com,21-01-2013,65996,Tara,Ellis,20130121,8,false,under_18;invalid_mobile,input_batches/applications_dataset_1.csv
Hannah Elliott,Hannah_Elliott@edwards.com,05-02-1961,4880142,Hannah,Elliott,19610205,60,true,invalid_mobile,input_batches/applications_dataset_1.csv
Gavin Rodriguez,Gavin_Rodriguez@butler-hunt.com,09/17/2015,976137,Gavin,Rodriguez,20150917,6,false,under_18;invalid_mobile,input_batches/applications_dataset_1.csv
Johnny Jackson,Johnny_Jackson@gaines-brown.com,2002/01/07,439215,Johnny,Jackson,20020107,19,true,invalid_mobile,input_batches/applications_dataset_1.csv
Martin Garrett,Martin_Garrett@owens.com,1956/07/03,4124730,Martin,Garrett,19560703,65,true,invalid_mobile,input_batches/applications_dataset_1.csv
Terri Hayes,Terri_Hayes@williams.org,02/21/1962,2552880,Terri,Hayes,19620221,59,true,invalid_mobile;invalid_email,input_batches/applications_dataset_1.csv
Adam Huang,Adam_Huang@brown.info,30-10-1999,19505759,Adam,Huang,19991030,22,true,invalid_email,input_batches/applications_dataset_1.csv
Carolyn Garner,Carolyn_Garner@barker.com,1958-10-25,8988155,Carolyn,Garner,19581025,63,true,invalid_mobile,input_batches/applications_dataset_1.csv
Lisa Lee,Lisa_Lee@walker-vazquez.net,10/21/1961,2100428,Lisa,Lee,19611021,60,true,invalid_mobile,input_batches/applications_dataset_1.csv
Rodney Escobar,Rodney_Escobar@hughes.com,04/30/1976,24406,Rodney,Escobar,19760430,45,true,invalid_mobile,input_batches/applications_dataset_1.csv
Michael Johnson,Michael_Johnson@smith.biz,1995/04/23,50520919,Michael,Johnson,19950423,26,true,invalid_email,input_batches/applications_dataset_1.csv
Michelle Carter DVM,Michelle_Carter@lara.com,2016-04-26,33246,Michelle,Carter,20160426,5,false,under_18;invalid_mobile,input_batches/applications_dataset_1.csv
John Dunn,John_Dunn@delacruz.org,1984-01-11,625113,John,Dunn,19840111,37,true,invalid_mobile;invalid_email,input_batches/applications_dataset_1.csv
David Buck,David_Buck@taylor-robinson.net,03/05/1968,28481,David,Buck,19680305,53,true,invalid_mobile,input_batches/applications_dataset_1.csv
Jennifer Newman,Jennifer_Newman@bell.com,1984/05/29,996087,Jennifer,Newman,19840529,37,true,invalid_mobile,input_batches/applications_dataset_1.csv
Cynthia Lee,Cynthia_Lee@lin-francis.com,05/24/2002,7189190,Cynthia,Lee,20020524,19,true,invalid_mobile,input_batches/applications_dataset_1.csv
Sylvia Clark,Sylvia_Clark@spencer.com,02/01/1952,149289,Sylvia,Clark,19520201,69,true,invalid_mobile,input_batches/applications_dataset_1.csv
Joseph Taylor,Joseph_Taylor@peck.net,03/29/1950,3532621,Joseph,Taylor,19500329,71,true,invalid_mobile,input_batches/applications_dataset_1.csv
Kathleen Barton,Kathleen_Barton@moreno.com,1959-11-10,91591,Kathleen,Barton,19591110,62,true,invalid_mobile,input_batches/applications_dataset_1.csv
Michael Harris Jr.,Michael_Harris@mcknight.com,21-02-2006,3416260,Michael,Harris,20060221,15,false,under_18;invalid_mobile,input_batches/applications_dataset_1.csv
Eric Benson,Eric_Benson@brooks.com,07/01/2013,1324058,Eric,Benson,20130701,8,false,under_18;invalid_mobile,input_batches/applications_dataset_1.csv
Curtis Butler,Curtis_Butler@king.info,10/12/1968,14771,Curtis,Butler,19681012,53,true,invalid_mobile;invalid_email,input_batches/applications_dataset_1.csv
Brittany Le,Brittany_Le@evans-harrison.com,1984/09/18,3191609,Brittany,Le,19840918,37,true,invalid_mobile,input_batches/applications_dataset_1.csv
Jeremiah Sims,Jeremiah_Sims@white-baldwin.com,1977/06/09,28096,Jeremiah,Sims,19770609,44,true,invalid_mobile,input_batches/applications_dataset_1.csv
David Davis,David_Davis@robinson-lee.net,1973/05/02,58916,David,Davis,19730502,48,true,invalid_mobile,input_batches/applications_dataset_1.csv
Tiffany Bond,Tiffany_Bond@mccall.com,12/05/1984,44416,Tiffany,Bond,19841205,37,true,invalid_mobile,input_batches/applications_dataset_1.csv
Patricia Chen,Patricia_Chen@williams-stevens.com,2014-02-14,358569,Patricia,Chen,20140214,7,false,under_18;invalid_mobile,input_batches/applications_dataset_1.csv
William Crawford,William_Crawford@anderson-williams.com,02/27/1955,2446928,William,Crawford,19550227,66,true,invalid_mobile,input_batches/applications_dataset_1.csv
Christina Roberts,Christina_Roberts@pruitt.com,08-10-2013,5548957,Christina,Roberts,20131008,8,false,under_18;invalid_mobile,input_batches/applications_dataset_1.csv
Jerome Scott,Jerome_Scott@hughes.info,1984/08/07,1679511,Jerome,Scott,19840807,37,true,invalid_mobile;invalid_email,input_batches/applications_dataset_1.csv
John Henry,John_Henry@blake.info,1967/03/06,49860879,John,Henry,19670306,54,true,invalid_email,input_batches/applications_dataset_1.csv
James Miles,James_Miles@mitchell-brown.net,07-01-1953,7903218,James,Miles,19530107,68,true,invalid_mobile,input_batches/applications_dataset_1.csv
Michael Downs,Michael_Downs@james.com,1992-01-27,3353071,Michael,Downs,19920127,29,true,invalid_mobile,input_batches/applications_dataset_1.csv
Kayla Wheeler,Kayla_Wheeler@marshall.com,1960/04/24,599109,Kayla,Wheeler,19600424,61,true,invalid_mobile,input_batches/applications_dataset_1.csv
Charles Martin,Charles_Martin@ramirez.org,12/13/1992,4412325,Charles,Martin,19921213,29,true,invalid_mobile;invalid_email,input_batches/applications_dataset_1.csv
Harold Bennett,Harold_Bennett@thomas.net,2013-12-02,1554351,Harold,Bennett,20131202,8,false,under_18;invalid_mobile,input_batches/applications_dataset_1.csv
Michael Swanson,Michael_Swanson@patel.com,1968/08/15,12671,Michael,Swanson,19680815,53,true,invalid_mobile,input_batches/applications_dataset_1.csv
Janet Mcdonald,Janet_Mcdonald@olson.org,08/13/1970,846171,Janet,Mcdonald,19700813,51,true,invalid_mobile;invalid_email,input_batches/applications_dataset_1.csv
Jacob Smith,Jacob_Smith@graves.com,1996-05-04,6550300,Jacob,Smith,19960504,25,true,invalid_mobile,input_batches/applications_dataset_1.csv
Alexa Webb,Alexa_Webb@owens.com,1963/07/21,124545,Alexa,Webb,19630721,58,true,invalid_mobile,input_batches/applications_dataset_1.csv
Tony Yu,Tony_Yu@esparza.com,06-11-1951,578805,Tony,Yu,19511106,70,true,invalid_mobile,input_batches/applications_dataset_1.csv
Lisa Goodman,Lisa_Goodman@floyd-vasquez.com,2008-11-05,7551307,Lisa,Goodman,20081105,13,false,under_18;invalid_mobile,input_batches/applications_dataset_1.csv
Kimberly Hernandez,Kimberly_Hernandez@moore-johnson.com,10/27/2008,78896,Kimberly,Hernandez,20081027,13,false,under_18;invalid_mobile,input_batches/applications_dataset_1.csv
Phillip Friedman,Phillip_Friedman@arnold.biz,1988-10-15,1929376,Phillip,Friedman,19881015,33,true,invalid_mobile;invalid_email,input_batches/applications_dataset_1.csv
Brian Lam,Brian_Lam@jones.com,04/09/2008,3411 1927,Brian,Lam,20080409,13,false,under_18,input_batches/applications_dataset_1.csv
Blake Mclaughlin,Blake_Mclaughlin@rogers.com,08-06-2016,70699583,Blake,Mclaughlin,20160608,5,false,under_18,input_batches/applications_dataset_1.csv
Billy Olsen,Billy_Olsen@cooper.com,1969-05-03,86056,Billy,Olsen,19690503,52,true,invalid_mobile,input_batches/applications_dataset_1.csv
Shawn Brock,Shawn_Brock@lee.com,09-09-1967,8254877,Shawn,Brock,19670909,54,true,invalid_mobile,input_batches/applications_dataset_1.csv
Danielle Jones,Danielle_Jones@nelson.com,1965-02-13,16871,Danielle,Jones,19650213,56,true,invalid_mobile,input_batches/applications_dataset_1.csv
Jim Gomez,Jim_Gomez@cox-moore.com,1956/06/04,143811,Jim,Gomez,19560604,65,true,invalid_mobile,input_batches/applications_dataset_1.csv
Sabrina Henderson,Sabrina_Henderson@reynolds.com,2008-02-20,4519243,Sabrina,Henderson,20080220,13,false,under_18;invalid_mobile,input_batches/applications_dataset_1.csv
David Pennington,David_Pennington@graham.com,1975/03/02,36206,David,Pennington,19750302,46,true,invalid_mobile,input_batches/applications_dataset_1.csv
Stephanie Bowman,Stephanie_Bowman@harvey-rodriguez.net,1951/05/21,9987944,Stephanie,Bowman,19510521,70,true,invalid_mobile,input_batches/applications_dataset_1.csv
Joseph Frazier,Joseph_Frazier@lopez-lewis.net,03/13/2010,41346,Joseph,Frazier,20100313,11,false,under_18;invalid_mobile,input_batches/applications_dataset_1.csv
Ryan Mclaughlin,Ryan_Mclaughlin@archer-snyder.com,2017-07-13,6722388,Ryan,Mclaughlin,20170713,4,false,under_18;invalid_mobile,input_batches/applications_dataset_1.csv
Tony Hall,Tony_Hall@gamble-brown.com,02-10-1951,76596,Tony,Hall,19511002,70,true,invalid_mobile,input_batches/applications_dataset_1.csv
Timothy Martin,Timothy_Martin@camacho-sparks.net,05-01-2003,92008191,Timothy,Martin,20030105,18,false,under_18,input_batches/applications_dataset_1.csv
John Obrien,John_Obrien@pearson-hansen.com,01/16/1958,380373,John,Obrien,19580116,63,true,invalid_mobile,input_batches/applications_dataset_1.csv
Barbara Johnson,Barbara_Johnson@valdez-brown.biz,23-05-2004,256605,Barbara,Johnson,20040523,17,false,under_18;invalid_mobile;invalid_email,input_batches/applications_dataset_1.csv
Brandon Marshall,Brandon_Marshall@thompson.org,1986/04/15,12250471,Brandon,Marshall,19860415,35,true,invalid_email,input_batches/applications_dataset_1.csv
Carrie Miller,Carrie_Miller@taylor.com,01-04-2017,910407,Carrie,Miller,20170401,4,false,under_18;invalid_mobile,input_batches/applications_dataset_1.csv
Samantha Dean,Samantha_Dean@bennett.net,1961/02/13,2718451,Samantha,Dean,19610213,60,true,invalid_mobile,input_batches/applications_dataset_1.csv
Jamie Wilson,Jamie_Wilson@kane-french.info,2014-01-10,47161,Jamie,Wilson,20140110,7,false,under_18;invalid_mobile;invalid_email,input_batches/applications_dataset_1.csv
Carlos Acosta,Carlos_Acosta@hartman-zamora.com,2004-07-05,5026001,Carlos,Acosta,20040705,17,false,under_18;invalid_mobile,input_batches/applications_dataset_1.csv
Amy Bennett,Amy_Bennett@smith-chase.com,1964-01-26,25266,Amy,Bennett,19640126,57,true,invalid_mobile,input_batches/applications_dataset_1.csv
Dominique Wells,Dominique_Wells@carter-hurst.com,2014/05/29,80856,Dominique,Wells,20140529,7,false,under_18;invalid_mobile,input_batches/applications_dataset_1.csv
Michael Barton,Michael_Barton@marshall-henson.com,30-05-2007,29311,Michael,Barton,20070530,14,false,under_18;invalid_mobile,input_batches/applications_dataset_1.csv
Megan Riggs,Megan_Riggs@turner.net,04-03-1974,661233,Megan,Riggs,19740304,47,true,invalid_mobile,input_batches/applications_dataset_1.csv
Whitney Andrews,Whitney_Andrews@morris-zimmerman.com,26-12-1981,86756,Whitney,Andrews,19811226,40,true,invalid_mobile,input_batches/applications_dataset_1.csv
Catherine Jones,Catherine_Jones@adams-cole.com,1997/09/26,95931,Catherine,Jones,19970926,24,true,invalid_mobile,input_batches/applications_dataset_1.csv
William Andrews,William_Andrews@willis.com,1996-03-22,3711394,William,Andrews,19960322,25,true,invalid_mobile,input_batches/applications_dataset_1.csv
Kathleen Edwards,Kathleen_Edwards@clark.com,2017-08-08,75094807,Kathleen,Edwards,20170808,4,false,under_18,input_batches/applications_dataset_1.csv
Justin Johnson,Justin_Johnson@gordon.com,1954-02-05,13111,Justin,Johnson,19540205,67,true,invalid_mobile,input_batches/applications_dataset_1.csv
Valerie Young,Valerie_Young@mueller.com,07/14/1954,829539,Valerie,Young,19540714,67,true,invalid_mobile,input_batches/applications_dataset_1.csv
Samantha Perez,Samantha_Perez@bailey.org,23-06-1994,406497,Samantha,Perez,19940623,27,true,invalid_mobile;invalid_email,input_batches/applications_dataset_1.csv
Devin Allen,Devin_Allen@decker-frank.com,10/24/1975,52676,Devin,Allen,19751024,46,true,invalid_mobile,input_batches/applications_dataset_1.csv
Stephanie Little,Stephanie_Little@hicks-anderson.net,23-11-1950,8730597,Stephanie,Little,19501123,71,true,invalid_mobile,input_batches/applications_dataset_1.csv
Melanie Miller,Melanie_Miller@martinez.biz,05/15/1987,48116,Melanie,Miller,19870515,34,true,invalid_mobile;invalid_email,input_batches/applications_dataset_1.csv
Erica Beck,Erica_Beck@lane.com,23-04-1957,459363,Erica,Beck,19570423,64,true,invalid_mobile,input_batches/applications_dataset_1.csv
David Jackson,David_Jackson@stokes-guzman.com,08/25/1968,735651,David,Jackson,19680825,53,true,invalid_mobile,input_batches/applications_dataset_1.csv
Melanie Gates,Melanie_Gates@yang.com,05-01-2012,78743751,Melanie,Gates,20120105,9,false,under_18,input_batches/applications_dataset_1.csv
Jordan Lewis,Jordan_Lewis@nolan.net,14-12-1962,34596,Jordan,Lewis,19621214,59,true,invalid_mobile,input_batches/applications_dataset_1.csv
Michele Johnson,Michele_Johnson@johnson-james.net,04-10-2005,33671,Michele,Johnson,20051004,16,false,under_18;invalid_mobile,input_batches/applications_dataset_1.csv
Samantha Ryan,Samantha_Ryan@hernandez.com,2005-10-16,84616,Samantha,Ryan,20051016,16,false,under_18;invalid_mobile,input_batches/applications_dataset_1.csv
Christopher Hudson,Christopher_Hudson@conrad.com,17-12-1959,21286,Christopher,Hudson,19591217,62,true,invalid_mobile,input_batches/applications_dataset_1.csv
Zachary Williams,Zachary_Williams@jackson-dean.com,18-02-1978,7658953,Zachary,Williams,19780218,43,true,invalid_mobile,input_batches/applications_dataset_1.csv
Donna Davis,Donna_Davis@garza.com,1968/08/09,53051,Donna,Davis,19680809,53,true,invalid_mobile,input_batches/applications_dataset_1.csv
Christopher Nolan,Christopher_Nolan@black-copeland.biz,2017/11/17,459765,Christopher,Nolan,20171117,4,false,under_18;invalid_mobile;invalid_email,input_batches/applications_dataset_1.csv
Evelyn Hanna,Evelyn_Hanna@mitchell-perez.org,2016/04/27,778125,Evelyn,Hanna,20160427,5,false,under_18;invalid_mobile;invalid_email,input_batches/applications_dataset_1.csv
Jason Johnson,Jason_Johnson@edwards.com,02/13/1974,25696,Jason,Johnson,19740213,47,true,invalid_mobile,input_batches/applications_dataset_1.csv
Barbara Caldwell,Barbara_Caldwell@lopez.org,1950/05/09,8702443,Barbara,Caldwell,19500509,71,true,invalid_mobile;invalid_email,input_batches/applications_dataset_1.csv
Ronald Huff,Ronald_Huff@miles.com,2000/03/21,9563044,Ronald,Huff,20000321,21,true,invalid_mobile,input_batches/applications_dataset_1.csv
Holly Norris,Holly_Norris@gutierrez-hurst.org,1969/01/06,8525392,Holly,Norris,19690106,52,true,invalid_mobile;invalid_email,input_batches/applications_dataset_1.csv
Derrick Carter,Derrick_Carter@coleman-byrd.info,05-04-1964,33971,Derrick,Carter,19640405,57,true,invalid_mobile;invalid_email,input_batches/applications_dataset_1.csv
Kenneth Golden,Kenneth_Golden@ramsey.com,2000/01/24,98796,Kenneth,Golden,20000124,21,true,invalid_mobile,input_batches/applications_dataset_1.csv
Grace Edwards,Grace_Edwards@jones-kelley.com,08/08/2006,2539 4751,Grace,Edwards,20060808,15,false,under_18,input_batches/applications_dataset_1.csv
Jonathan Rios,Jonathan_Rios@johnson.net,1981/09/19,489579,Jonathan,Rios,19810919,40,true,invalid_mobile,input_batches/applications_dataset_1.csv
Mackenzie Miller,Mackenzie_Miller@bender-stanton.com,04/29/2015,5541943,Mackenzie,Miller,20150429,6,false,under_18;invalid_mobile,input_batches/applications_dataset_1.csv
Tammy Taylor,Tammy_Taylor@pace.com,1950-07-12,6704671,Tammy,Taylor,19500712,71,true,invalid_mobile,input_batches/applications_dataset_1.csv
Reginald King,Reginald_King@turner.net,04-10-1981,3018387,Reginald,King,19811004,40,true,invalid_mobile,input_batches/applications_dataset_1.csv
Matthew Fletcher,Matthew_Fletcher@perez.com,2005/02/09,191049,Matthew,Fletcher,20050209,16,false,under_18;invalid_mobile,input_batches/applications_dataset_1.csv
Elizabeth Jordan,Elizabeth_Jordan@schroeder-mcdaniel.com,01/07/2004,3007 4335,Elizabeth,Jordan,20040107,17,false,under_18,input_batches/applications_dataset_1.csv
Sally Santiago,Sally_Santiago@bowers.net,21-02-1973,58976,Sally,Santiago,19730221,48,true,invalid_mobile,input_batches/applications_dataset_1.csv
James Johnson,James_Johnson@greene.biz,16-12-2002,21476871,James,Johnson,20021216,19,true,invalid_email,input_batches/applications_dataset_1.csv
Jason Saunders,Jason_Saunders@campos.org,1995/10/06,2477245,Jason,Saunders,19951006,26,true,invalid_mobile;invalid_email,input_batches/applications_dataset_1.csv
Carol Hernandez,Carol_Hernandez@rowe.net,08/04/1985,9701973,Carol,Hernandez,19850804,36,true,invalid_mobile,input_batches/applications_dataset_1.csv
Kendra Dawson,Kendra_Dawson@hernandez.biz,1951/04/07,82622519,Kendra,Dawson,19510407,70,true,invalid_email,input_batches/applications_dataset_1.csv
James Hess DDS,James_Hess@humphrey-white.org,01/16/1990,572313,James,Hess,19900116,31,true,invalid_mobile;invalid_email,input_batches/applications_dataset_1.csv
Michael Stokes,Michael_Stokes@navarro.com,06/11/1979,6755470,Michael,Stokes,19790611,42,true,invalid_mobile,input_batches/applications_dataset_1.csv
Jeffrey Martinez,Jeffrey_Martinez@flynn-young.info,02-09-2017,32055439,Jeffrey,Martinez,20170902,4,false,under_18;invalid_email,input_batches/applications_dataset_1.csv
Joseph Bell,Joseph_Bell@gallegos.net,09/16/1958,91156,Joseph,Bell,19580916,63,true,invalid_mobile,input_batches/applications_dataset_1.csv
Pamela Black,Pamela_Black@powers-decker.biz,02/18/1992,43891,Pamela,Black,19920218,29,true,invalid_mobile;invalid_email,input_batches/applications_dataset_1.csv
Robert Jordan,Robert_Jordan@boyer.com,2015/03/02,739083,Robert,Jordan,20150302,6,false,under_18;invalid_mobile,input_batches/applications_dataset_1.csv
Kathy Baker,Kathy_Baker@griffin-williams.com,08/18/2000,3274433,Kathy,Baker,20000818,21,true,invalid_mobile,input_batches/applications_dataset_1.csv
Brian Bailey,Brian_Bailey@bush-hart.biz,1990-07-07,71636,Brian,Bailey,19900707,31,true,invalid_mobile;invalid_email,input_batches/applications_dataset_1.csv
Mitchell Clark,Mitchell_Clark@miller.com,1964/08/29,19311,Mitchell,Clark,19640829,57,true,invalid_mobile,input_batches/applications_dataset_1.csv
Kelly Mcintyre,Kelly_Mcintyre@mosley.net,24-03-2014,89346135,Kelly,Mcintyre,20140324,7,false,under_18,input_batches/applications_dataset_1.csv
Latoya Gonzales,Latoya_Gonzales@ross.org,17-12-2009,75186,Latoya,Gonzales,20091217,12,false,under_18;invalid_mobile;invalid_email,input_batches/applications_dataset_1.csv
Olivia Mayo,Olivia_Mayo@alexander.com,01/19/2017,5753231,Olivia,Mayo,20170119,4,false,under_18;invalid_mobile,input_batches/applications_dataset_1.csv
Thomas Anderson,Thomas_Anderson@perez.biz,03-07-1984,75106319,Thomas,Anderson,19840703,37,true,invalid_email,input_batches/applications_dataset_1.csv
Todd Jennings,Todd_Jennings@house.com,1986/06/21,5296082,Todd,Jennings,19860621,35,true,invalid_mobile,input_batches/applications_dataset_1.csv
Paul Dixon,Paul_Dixon@smith.com,1965-03-25,14406,Paul,Dixon,19650325,56,true,invalid_mobile,input_batches/applications_dataset_1.csv
Julie Torres,Julie_Torres@harris.com,1992-01-22,6153134,Julie,Torres,19920122,29,true,invalid_mobile,input_batches/applications_dataset_1.csv
James Miller,James_Miller@ellis-fox.com,1999-09-01,6415543,James,Miller,19990901,22,true,invalid_mobile,input_batches/applications_dataset_1.csv
John Howard,John_Howard@zimmerman.com,02-06-1998,527469,John,Howard,19980602,23,true,invalid_mobile,input_batches/applications_dataset_1.csv
Anne Savage,Anne_Savage@moore.com,07/17/1990,13466,Anne,Savage,19900717,31,true,invalid_mobile,input_batches/applications_dataset_1.csv
Mrs. Amber Esparza,Amber_Esparza@hoffman.com,2004/12/30,12096,Amber,Esparza,20041230,17,false,under_18;invalid_mobile,input_batches/applications_dataset_1.csv
Todd Armstrong,Todd_Armstrong@carlson-smith.info,21-08-1973,7744906,Todd,Armstrong,19730821,48,true,invalid_mobile;invalid_email,input_batches/applications_dataset_1.csv
Aaron Richardson,Aaron_Richardson@savage-swanson.org,03-06-1991,161793,Aaron,Richardson,19910603,30,true,invalid_mobile;invalid_email,input_batches/applications_dataset_1.csv
Gregory Pollard,Gregory_Pollard@smith-hensley.com,25-07-1962,3299773,Gregory,Pollard,19620725,59,true,invalid_mobile,input_batches/applications_dataset_1.csv
Chelsea Madden,Chelsea_Madden@cooper.com,12/21/1962,2231440,Chelsea,Madden,19621221,59,true,invalid_mobile,input_batches/applications_dataset_1.csv
Misty Ramos,Misty_Ramos@stokes.org,11/03/2007,243207,Misty,Ramos,20071103,14,false,under_18;invalid_mobile;invalid_email,input_batches/applications_dataset_1.csv
Ryan Murphy,Ryan_Murphy@brooks.com,1974-10-28,51176,Ryan,Murphy,19741028,47,true,invalid_mobile,input_batches/applications_dataset_1.csv
Brittany Sandoval,Brittany_Sandoval@gibson.biz,21-02-2012,6974969,Brittany,Sandoval,20120221,9,false,under_18;invalid_mobile;invalid_email,input_batches/applications_dataset_1.csv
Rose Stanton,Rose_Stanton@coleman.info,30-08-1965,19285375,Rose,Stanton,19650830,56,true,invalid_email,input_batches/applications_dataset_1.csv
Kristen Banks,Kristen_Banks@gentry-curtis.biz,2003-12-03,70256,Kristen,Banks,20031203,18,false,under_18;invalid_mobile;invalid_email,input_batches/applications_dataset_1.csv
Julia Stokes,Julia_Stokes@wood.com,1959/03/21,21651,Julia,Stokes,19590321,62,true,invalid_mobile,input_batches/applications_dataset_1.csv
Amber Thompson,Amber_Thompson@mcdonald.net,1980/10/25,24291,Amber,Thompson,19801025,41,true,invalid_mobile,input_batches/applications_dataset_1.csv
Mrs. Valerie Norton,Valerie_Norton@villanueva.com,1967-07-05,83236,Valerie,Norton,19670705,54,true,invalid_mobile,input_batches/applications_dataset_1.csv
Jennifer Gonzales,Jennifer_Gonzales@morris.org,08/22/1993,9366190,Jennifer,Gonzales,19930822,28,true,invalid_mobile;invalid_email,input_batches/applications_dataset_1.csv
Jacqueline Hernandez,Jacqueline_Hernandez@johnson.com,1952/01/29,76556,Jacqueline,Hernandez,19520129,69,true,invalid_mobile,input_batches/applications_dataset_1.csv
Jennifer Miller,Jennifer_Miller@miller-ray.net,08-02-1971,996507,Jennifer,Miller,19710208,50,true,invalid_mobile,input_batches/applications_dataset_1.csv
Dawn Bond,Dawn_Bond@robinson.com,1974/01/05,59871,Dawn,Bond,19740105,47,true,invalid_mobile,input_batches/applications_dataset_1.csv
Tara Daniel,Tara_Daniel@ross.com,1982/07/01,9372196,Tara,Daniel,19820701,39,true,invalid_mobile,input_batches/applications_dataset_1.csv
Rebecca Thompson DDS,Rebecca_Thompson@ferrell.biz,20-07-1998,98761031,Rebecca,Thompson,19980720,23,true,invalid_email,input_batches/applications_dataset_1.csv
Victor Serrano,Victor_Serrano@nelson-hudson.com,09-02-1959,9598338,Victor,Serrano,19590209,62,true,invalid_mobile,input_batches/applications_dataset_1.csv
Elizabeth Bell,Elizabeth_Bell@nguyen.org,03/29/2001,2019 2319,Elizabeth,Bell,20010329,20,true,invalid_email,input_batches/applications_dataset_1.csv
Julie Coleman,Julie_Coleman@knight.com,1951/01/04,332217,Julie,Coleman,19510104,70,true,invalid_mobile,input_batches/applications_dataset_1.csv
Jennifer Brown,Jennifer_Brown@cook.net,2010/01/10,54129959,Jennifer,Brown,20100110,11,false,under_18,input_batches/applications_dataset_1.csv
Jessica Moore,Jessica_Moore@mooney.biz,1961/02/12,43701951,Jessica,Moore,19610212,60,true,invalid_email,input_batches/applications_dataset_1.csv
John Ramirez,John_Ramirez@smith-edwards.com,2000-03-07,30631,John,Ramirez,20000307,21,true,invalid_mobile,input_batches/applications_dataset_1.csv
Becky Hall,Becky_Hall@padilla.com,07/26/2006,215037,Becky,Hall,20060726,15,false,under_18;invalid_mobile,input_batches/applications_dataset_1.csv
Christine Smith,Christine_Smith@hansen.com,1963-04-27,70341,Christine,Smith,19630427,58,true,invalid_mobile,input_batches/applications_dataset_1.csv
Christopher Osborne,Christopher_Osborne@parker.com,1991/08/06,12466,Christopher,Osborne,19910806,30,true,invalid_mobile,input_batches/applications_dataset_1.csv
Jacob Hernandez,Jacob_Hernandez@young-jenkins.com,1969/05/20,26011,Jacob,Hernandez,19690520,52,true,invalid_mobile,input_batches/applications_dataset_1.csv
Jennifer Rogers,Jennifer_Rogers@campbell.com,1997/05/19,44671,Jennifer,Rogers,19970519,24,true,invalid_mobile,input_batches/applications_dataset_1.csv
Tammy Young,Tammy_Young@jenkins-jones.com,05/22/1989,8107723,Tammy,Young,19890522,32,true,invalid_mobile,input_batches/applications_dataset_1.csv
James Lewis,James_Lewis@gonzalez.org,05-03-2008,47055567,James,Lewis,20080305,13,false,under_18;invalid_email,input_batches/applications_dataset_1.csv
Charles Stanley,Charles_Stanley@waters.biz,1960-05-23,49406,Charles,Stanley,19600523,61,true,invalid_mobile;invalid_email,input_batches/applications_dataset_1.csv
Christina Garcia,Christina_Garcia@vargas.com,1999/06/11,624873,Christina,Garcia,19990611,22,true,invalid_mobile,input_batches/applications_dataset_1.csv
Heather Davis,Heather_Davis@small-haas.com,1951-11-03,675903,Heather,Davis,19511103,70,true,invalid_mobile,input_batches/applications_dataset_1.csv
Ashley Fuentes,Ashley_Fuentes@johnson.net,1959-04-28,72316,Ashley,Fuentes,19590428,62,true,invalid_mobile,input_batches/applications_dataset_1.csv
Jorge Brown,Jorge_Brown@thomas-green.org,2004/10/21,25446,Jorge,Brown,20041021,17,false,under_18;invalid_mobile;invalid_email,input_batches/applications_dataset_1.csv
Sierra Park MD,Sierra_Park@brewer.net,1985-10-19,2510418,Sierra,Park,19851019,36,true,invalid_mobile,input_batches/applications_dataset_1.csv
Todd Miller,Todd_Miller@blankenship-hernandez.com,10/17/1976,54616,Todd,Miller,19761017,45,true,invalid_mobile,input_batches/applications_dataset_1.csv
Crystal Luna,Crystal_Luna@davis.org,1961/02/24,43706,Crystal,Luna,19610224,60,true,invalid_mobile;invalid_email,input_batches/applications_dataset_1.csv
Devin Flores,Devin_Flores@wells-wang.com,1977-10-13,594807,Devin,Flores,19771013,44,true,invalid_mobile,input_batches/applications_dataset_1.csv
Danielle Snyder,Danielle_Snyder@hayes-davis.com,04/22/2013,90666,Danielle,Snyder,20130422,8,false,under_18;invalid_mobile,input_batches/applications_dataset_1.csv
Edward Carney,Edward_Carney@lopez.com,07-12-1991,145035,Edward,Carney,19911207,30,true,invalid_mobile,input_batches/applications_dataset_1.csv
Joseph Grimes,Joseph_Grimes@diaz.com,07/28/1961,66511,Joseph,Grimes,19610728,60,true,invalid_mobile,input_batches/applications_dataset_1.csv
April Fowler,April_Fowler@fitzgerald.com,13-12-2017,83236,April,Fowler,20171213,4,false,under_18;invalid_mobile,input_batches/applications_dataset_1.csv
Michelle Mccoy,Michelle_Mccoy@johnson.biz,1987/06/20,5999330,Michelle,Mccoy,19870620,34,true,invalid_mobile;invalid_email,input_batches/applications_dataset_1.csv
Alicia Stone MD,Alicia_Stone@oconnell.com,10/15/1973,42516,Alicia,Stone,19731015,48,true,invalid_mobile,input_batches/applications_dataset_1.csv
Micheal Lloyd,Micheal_Lloyd@vaughn.net,2016/04/30,325203,Micheal,Lloyd,20160430,5,false,under_18;invalid_mobile,input_batches/applications_dataset_1.csv
Richard Ortiz,Richard_Ortiz@burton.com,07/19/2013,8811 9227,Richard,Ortiz,20130719,8,false,under_18,input_batches/applications_dataset_1.csv
Jasmine Reyes,Jasmine_Reyes@miller.com,1968/09/10,54816,Jasmine,Reyes,19680910,53,true,invalid_mobile,input_batches/applications_dataset_1.csv
Tony Smith,Tony_Smith@davis.com,12/22/2005,6671 1831,Tony,Smith,20051222,16,false,under_18,input_batches/applications_dataset_1.csv
Mary Melton,Mary_Melton@dorsey-wheeler.biz,1951/11/24,74341,Mary,Melton,19511124,70,true,invalid_mobile;invalid_email,input_batches/applications_dataset_1.csv
William Griffin,William_Griffin@jenkins.com,1971/06/22,4299114,William,Griffin,19710622,50,true,invalid_mobile,input_batches/applications_dataset_1.csv
Scott Vargas,Scott_Vargas@elliott.net,1953-05-07,28386,Scott,Vargas,19530507,68,true,invalid_mobile,input_batches/applications_dataset_1.csv
Adam Guerra,Adam_Guerra@nelson-reynolds.com,14-06-1996,9600599,Adam,Guerra,19960614,25,true,invalid_mobile,input_batches/applications_dataset_1.csv
Christina Vang,Christina_Vang@miller.com,1996/04/05,2106812,Christina,Vang,19960405,25,true,invalid_mobile,input_batches/applications_dataset_1.csv
Nicole Williams,Nicole_Williams@rivera.com,08-05-1950,628269,Nicole,Williams,19500508,71,true,invalid_mobile,input_batches/applications_dataset_1.csv
Erica Powers,Erica_Powers@harris.org,04/15/1957,88026,Erica,Powers,19570415,64,true,invalid_mobile;invalid_email,input_batches/applications_dataset_1.csv
Angela Garcia,Angela_Garcia@fernandez-long.com,1951/01/27,43266,Angela,Garcia,19510127,70,true,invalid_mobile,input_batches/applications_dataset_1.csv
Melissa Brown,Melissa_Brown@walker-phillips.com,1995-02-05,99061,Melissa,Brown,19950205,26,true,invalid_mobile,input_batches/applications_dataset_1.csv
John Santiago,John_Santiago@rodriguez.net,08-01-2015,7427883,John,Santiago,20150108,6,false,under_18;invalid_mobile,input_batches/applications_dataset_1.csv
Donald Nelson,Donald_Nelson@fuller.com,04/16/1980,461871,Donald,Nelson,19800416,41,true,invalid_mobile,input_batches/applications_dataset_1.csv
Misty Bell,Misty_Bell@webb.com,04/08/1993,217155,Misty,Bell,19930408,28,true,invalid_mobile,input_batches/applications_dataset_1.csv
Vanessa Barnes,Vanessa_Barnes@mcknight.com,1975/06/30,6571958,Vanessa,Barnes,19750630,46,true,invalid_mobile,input_batches/applications_dataset_1.csv
Brian Austin,Brian_Austin@jones.com,1975/10/01,870147,Brian,Austin,19751001,46,true,invalid_mobile,input_batches/applications_dataset_1.csv
Levi Vaughn,Levi_Vaughn@mason.biz,1953-11-24,20939863,Levi,Vaughn,19531124,68,true,invalid_email,input_batches/applications_dataset_1.csv
Melanie Blake,Melanie_Blake@anderson-martin.com,1981-06-10,384855,Melanie,Blake,19810610,40,true,invalid_mobile,input_batches/applications_dataset_1.csv
Marvin Franklin,Marvin_Franklin@andrews-kelley.info,2018-11-07,12200175,Marvin,Franklin,20181107,3,false,under_18;invalid_email,input_batches/applications_dataset_1.csv
Angela Massey,Angela_Massey@ford.com,1970-12-09,2971228,Angela,Massey,19701209,51,true,invalid_mobile,input_batches/applications_dataset_1.csv
Lisa Cole,Lisa_Cole@gaines-pham.org,11/06/1976,66221,Lisa,Cole,19761106,45,true,invalid_mobile;invalid_email,input_batches/applications_dataset_1.csv
George Stark,George_Stark@ortiz.info,1970/04/14,45068735,George,Stark,19700414,51,true,invalid_email,input_batches/applications_dataset_1.csv
Jeffrey Salas,Jeffrey_Salas@hernandez-weber.org,09/08/1991,8635 9023,Jeffrey,Salas,19910908,30,true,invalid_email,input_batches/applications_dataset_1.csv
Richard Reeves,Richard_Reeves@pena.biz,07/25/1973,48586,Richard,Reeves,19730725,48,true,invalid_mobile;invalid_email,input_batches/applications_dataset_1.csv
Heather Maldonado,Heather_Maldonado@warner-cole.info,1999/07/14,6672842,Heather,Maldonado,19990714,22,true,invalid_mobile;invalid_email,input_batches/applications_dataset_1.csv
David Ryan,David_Ryan@williams.com,1975-07-28,59886,David,Ryan,19750728,46,true,invalid_mobile,input_batches/applications_dataset_1.csv
Tyler Trevino,Tyler_Trevino@greene.info,24-08-2005,99178143,Tyler,Trevino,20050824,16,false,under_18;invalid_email,input_batches/applications_dataset_1.csv
Christina Jackson,Christina_Jackson@griffith-thomas.net,29-08-2002,18006,Christina,Jackson,20020829,19,true,invalid_mobile,input_batches/applications_dataset_1.csv
Jodi Peterson,Jodi_Peterson@wall-perry.org,21-12-1999,3840194,Jodi,Peterson,19991221,22,true,invalid_mobile;invalid_email,input_batches/applications_dataset_1.csv
Melissa Carney,Melissa_Carney@ramirez-leach.com,1975-09-15,297843,Melissa,Carney,19750915,46,true,invalid_mobile,input_batches/applications_dataset_1.csv
David Cole,David_Cole@montgomery-stafford.com,1969-11-12,37986,David,Cole,19691112,52,true,invalid_mobile,input_batches/applications_dataset_1.csv
Ricardo Weber,Ricardo_Weber@foster-mayer.com,11/14/1964,1573923,Ricardo,Weber,19641114,57,true,invalid_mobile,input_batches/applications_dataset_1.csv
Jessica Mckenzie,Jessica_Mckenzie@day.com,08/11/1950,579219,Jessica,Mckenzie,19500811,71,true,invalid_mobile,input_batches/applications_dataset_1.csv
James Ramirez,James_Ramirez@phillips.com,1998-06-10,455655,James,Ramirez,19980610,23,true,invalid_mobile,input_batches/applications_dataset_1.csv
Jeffrey Wise,Jeffrey_Wise@baker.org,1987/10/11,5587429,Jeffrey,Wise,19871011,34,true,invalid_mobile;invalid_email,input_batches/applications_dataset_1.csv
Brandy Fisher,Brandy_Fisher@baird.com,2012/06/30,8728378,Brandy,Fisher,20120630,9,false,under_18;invalid_mobile,input_batches/applications_dataset_1.csv
Renee Barrera,Renee_Barrera@baxter-anderson.info,10-05-1976,340911,Renee,Barrera,19760510,45,true,invalid_mobile;invalid_email,input_batches/applications_dataset_1.csv
Alexander Mckee,Alexander_Mckee@lewis.com,2010-10-29,47776,Alexander,Mckee,20101029,11,false,under_18;invalid_mobile,input_batches/applications_dataset_1.csv
Sheryl Hill,Sheryl_Hill@johnson.net,1962/08/31,79331,Sheryl,Hill,19620831,59,true,invalid_mobile,input_batches/applications_dataset_1.csv
Sandra White,Sandra_White@williams.com,1953/05/13,77216,Sandra,White,19530513,68,true,invalid_mobile,input_batches/applications_dataset_1.csv
Christopher Thompson,Christopher_Thompson@peterson.biz,1994-08-02,383049,Christopher,Thompson,19940802,27,true,invalid_mobile;invalid_email,input_batches/applications_dataset_1.csv
Theresa Johnson,Theresa_Johnson@chapman-quinn.com,08/12/2010,6735 3751,Theresa,Johnson,20100812,11,false,under_18,input_batches/applications_dataset_1.csv
Kristopher Cunningham,Kristopher_Cunningham@cunningham.org,1974/09/08,5811499,Kristopher,Cunningham,19740908,47,true,invalid_mobile;invalid_email,input_batches/applications_dataset_1.csv
Nathan Morgan,Nathan_Morgan@larson.com,2013-12-24,98173775,Nathan,Morgan,20131224,8,false,under_18,input_batches/applications_dataset_1.csv
David Murray,David_Murray@mclaughlin.com,1994-12-09,95171,David,Murray,19941209,27,true,invalid_mobile,input_batches/applications_dataset_1.csv
April Taylor,April_Taylor@johnson-hayes.biz,1955-03-14,27461167,April,Taylor,19550314,66,true,invalid_email,input_batches/applications_dataset_1.csv
Daniel Herrera,Daniel_Herrera@carter.com,2001/02/27,83606,Daniel,Herrera,20010227,20,true,invalid_mobile,input_batches/applications_dataset_1.csv
John Mcpherson,John_Mcpherson@jensen.com,08/16/1968,218979,John,Mcpherson,19680816,53,true,invalid_mobile,input_batches/applications_dataset_1.csv
Scott Simmons,Scott_Simmons@ritter-goodwin.info,1983/11/18,97746,Scott,Simmons,19831118,38,true,invalid_mobile;invalid_email,input_batches/applications_dataset_1.csv
Gary Tran,Gary_Tran@henry.net,06/27/1979,184149,Gary,Tran,19790627,42,true,invalid_mobile,input_batches/applications_dataset_1.csv
Erica Vaughn,Erica_Vaughn@erickson-evans.org,11/13/1958,8347 2491,Erica,Vaughn,19581113,63,true,invalid_email,input_batches/applications_dataset_1.csv
Jennifer Peterson,Jennifer_Peterson@chung.info,1957-12-19,14746,Jennifer,Peterson,19571219,64,true,invalid_mobile;invalid_email,input_batches/applications_dataset_1.csv
April Mccormick,April_Mccormick@douglas.com,08/15/1963,1458325,April,Mccormick,19630815,58,true,invalid_mobile,input_batches/applications_dataset_1.csv
Justin Davis,Justin_Davis@perry.biz,1992-04-13,6929798,Justin,Davis,19920413,29,true,invalid_mobile;invalid_email,input_batches/applications_dataset_1.csv
Julia Hall,Julia_Hall@cisneros.com,1991/07/17,12391,Julia,Hall,19910717,30,true,invalid_mobile,input_batches/applications_dataset_1.csv
Anna Cunningham,Anna_Cunningham@willis.org,09/12/1986,80726,Anna,Cunningham,19860912,35,true,invalid_mobile;invalid_email,input_batches/applications_dataset_1.csv
Jacob Stevens,Jacob_Stevens@holland.com,2006-10-22,27840591,Jacob,Stevens,20061022,15,false,under_18,input_batches/applications_dataset_1.csv
Jerry Payne,Jerry_Payne@burgess.com,1988/09/02,46946,Jerry,Payne,19880902,33,true,invalid_mobile,input_batches/applications_dataset_1.csv
Mark Collins,Mark_Collins@sullivan.biz,03/09/1977,9028797,Mark,Collins,19770309,44,true,invalid_mobile;invalid_email,input_batches/applications_dataset_1.csv
Benjamin Clark,Benjamin_Clark@cooper-ortega.com,1997/10/08,5598447,Benjamin,Clark,19971008,24,true,invalid_mobile,input_batches/applications_dataset_1.csv
Lisa Norton,Lisa_Norton@huffman.com,1973/12/21,707067,Lisa,Norton,19731221,48,true,invalid_mobile,input_batches/applications_dataset_1.csv
Mary Myers,Mary_Myers@perez-tanner.com,1968-07-15,9706656,Mary,Myers,19680715,53,true,invalid_mobile,input_batches/applications_dataset_1.csv
Stephanie Skinner,Stephanie_Skinner@bailey-reyes.com,1999/08/20,87466,Stephanie,Skinner,19990820,22,true,invalid_mobile,input_batches/applications_dataset_1.csv
Dave Kelly,Dave_Kelly@oneal-jones.net,26-06-1973,8204323,Dave,Kelly,19730626,48,true,invalid_mobile,input_batches/applications_dataset_1.csv
Patricia Gallagher,Patricia_Gallagher@lawrence.org,2018/03/02,68350383,Patricia,Gallagher,20180302,3,false,under_18;invalid_email,input_batches/applications_dataset_1.csv
Shaun Holloway,Shaun_Holloway@steele.com,1987/06/23,601695,Shaun,Holloway,19870623,34,true,invalid_mobile,input_batches/applications_dataset_1.csv
Michael Mayer,Michael_Mayer@davis.net,04/14/1971,2025990,Michael,Mayer,19710414,50,true,invalid_mobile,input_batches/applications_dataset_1.csv
Mason Rodriguez,Mason_Rodriguez@morris.com,10/23/2005,53041,Mason,Rodriguez,20051023,16,false,under_18;invalid_mobile,input_batches/applications_dataset_1.csv
Jason Payne,Jason_Payne@bell.net,1997/04/30,18901,Jason,Payne,19970430,24,true,invalid_mobile,input_batches/applications_dataset_1.csv
Johnny Hicks,Johnny_Hicks@galvan.biz,02/17/2005,9824893,Johnny,Hicks,20050217,16,false,under_18;invalid_mobile;invalid_email,input_batches/applications_dataset_1.csv
Lisa Rodgers,Lisa_Rodgers@jenkins.com,1956-01-25,3937403,Lisa,Rodgers,19560125,65,true,invalid_mobile,input_batches/applications_dataset_1.csv
Sarah Tyler,Sarah_Tyler@sloan.com,01-08-1981,98166,Sarah,Tyler,19810801,40,true,invalid_mobile,input_batches/applications_dataset_1.csv
Brian Rodriguez,Brian_Rodriguez@lawrence-johnson.biz,1982-12-21,6485942,Brian,Rodriguez,19821221,39,true,invalid_mobile;invalid_email,input_batches/applications_dataset_1.csv
Charlene Jones,Charlene_Jones@fox.com,2008-05-22,321531,Charlene,Jones,20080522,13,false,under_18;invalid_mobile,input_batches/applications_dataset_1.csv
Carol Patrick,Carol_Patrick@noble.info,12/30/1959,1354473,Carol,Patrick,19591230,62,true,invalid_mobile;invalid_email,input_batches/applications_dataset_1.csv
Mrs. Jessica Gibson DDS,Jessica_Gibson@wall.com,1996-08-24,3945845,Jessica,Gibson,19960824,25,true,invalid_mobile,input_batches/applications_dataset_1.csv
Linda Sullivan,Linda_Sullivan@clayton.org,12/19/1991,4560718,Linda,Sullivan,19911219,30,true,invalid_mobile;invalid_email,input_batches/applications_dataset_1.csv
Donna Carrillo,Donna_Carrillo@rush.org,2008-01-19,76211239,Donna,Carrillo,20080119,13,false,under_18;invalid_email,input_batches/applications_dataset_1.csv
Scott Baker,Scott_Baker@frey.com,1995/11/11,99946,Scott,Baker,19951111,26,true,invalid_mobile,input_batches/applications_dataset_1.csv
Brian Jensen,Brian_Jensen@berger.com,14-07-1960,98736,Brian,Jensen,19600714,61,true,invalid_mobile,input_batches/applications_dataset_1.csv
Veronica Zavala,Veronica_Zavala@wilson.org,27-02-2009,58144359,Veronica,Zavala,20090227,12,false,under_18;invalid_email,input_batches/applications_dataset_1.csv
Jenny Fields,Jenny_Fields@ward.com,1991/02/06,946185,Jenny,Fields,19910206,30,true,invalid_mobile,input_batches/applications_dataset_1.csv
George Monroe,George_Monroe@guzman.biz,09/15/1990,916341,George,Monroe,19900915,31,true,invalid_mobile;invalid_email,input_batches/applications_dataset_1.csv
Michael Smith,Michael_Smith@allen.info,07/10/1981,3928149,Michael,Smith,19810710,40,true,invalid_mobile;invalid_email,input_batches/applications_dataset_1.csv
Kevin Oliver,Kevin_Oliver@duffy-holland.biz,2001/10/26,23056,Kevin,Oliver,20011026,20,true,invalid_mobile;invalid_email,input_batches/applications_dataset_1.csv
Nicholas Mejia,Nicholas_Mejia@gibson.com,22-03-1956,63151,Nicholas,Mejia,19560322,65,true,invalid_mobile,input_batches/applications_dataset_1.csv
Phillip Logan,Phillip_Logan@campbell-norris.com,11/08/1985,59586,Phillip,Logan,19851108,36,true,invalid_mobile,input_batches/applications_dataset_1.csv
Thomas Alvarez,Thomas_Alvarez@cole-mitchell.com,1994/02/16,251115,Thomas,Alvarez,19940216,27,true,invalid_mobile,input_batches/applications_dataset_1.csv
Kaitlin Lawson,Kaitlin_Lawson@rodriguez-green.com,2001/09/04,36701,Kaitlin,Lawson,20010904,20,true,invalid_mobile,input_batches/applications_dataset_1.csv
Carlos Wagner,Carlos_Wagner@taylor.info,2011/06/18,159465,Carlos,Wagner,20110618,10,false,under_18;invalid_mobile;invalid_email,input_batches/applications_dataset_1.csv
Christopher Anderson,Christopher_Anderson@howell.biz,1981-06-11,21311,Christopher,Anderson,19810611,40,true,invalid_mobile;invalid_email,input_batches/applications_dataset_1.csv
Roberto Sparks,Roberto_Sparks@pope.biz,1979/07/06,88401951,Roberto,Sparks,19790706,42,true,invalid_email,input_batches/applications_dataset_1.csv
Julie Oneal,Julie_Oneal@blair.biz,03-05-1975,833781,Julie,Oneal,19750503,46,true,invalid_mobile;invalid_email,input_batches/applications_dataset_1.csv
Megan Friedman,Megan_Friedman@garcia.com,1973-05-04,76256,Megan,Friedman,19730504,48,true,invalid_mobile,input_batches/applications_dataset_1.csv
Cheryl Taylor,Cheryl_Taylor@willis.com,1971-01-25,732711,Cheryl,Taylor,19710125,50,true,invalid_mobile,input_batches/applications_dataset_1.csv
Eric Richards,Eric_Richards@reeves.net,1950/02/10,93011,Eric,Richards,19500210,71,true,invalid_mobile,input_batches/applications_dataset_1.csv
Rebecca Mitchell,Rebecca_Mitchell@bullock.org,2011-05-12,17774807,Rebecca,Mitchell,20110512,10,false,under_18;invalid_email,input_batches/applications_dataset_1.csv
Anna Patrick,Anna_Patrick@vance.com,10-12-1963,94576,Anna,Patrick,19631210,58,true,invalid_mobile,input_batches/applications_dataset_1.csv
Eric Schmidt,Eric_Schmidt@roberson.com,25-04-1966,21721,Eric,Schmidt,19660425,55,true,invalid_mobile,input_batches/applications_dataset_1.csv
Mark Campbell,Mark_Campbell@brown.com,2004-07-05,61242343,Mark,Campbell,20040705,17,false,under_18,input_batches/applications_dataset_1.csv
Taylor Oconnell,Taylor_Oconnell@campbell.com,1952-05-08,469089,Taylor,Oconnell,19520508,69,true,invalid_mobile,input_batches/applications_dataset_1.csv
William Russell,William_Russell@evans.com,06/01/1969,176085,William,Russell,19690601,52,true,invalid_mobile,input_batches/applications_dataset_1.csv
Ryan Mcdaniel,Ryan_Mcdaniel@white.com,1987-08-04,49071,Ryan,Mcdaniel,19870804,34,true,invalid_mobile,input_batches/applications_dataset_1.csv
Jacqueline Frazier,Jacqueline_Frazier@pollard.info,03/06/2005,7887 7139,Jacqueline,Frazier,20050306,16,false,under_18;invalid_email,input_batches/applications_dataset_1.csv
Steven Stuart,Steven_Stuart@murray-todd.org,1990-01-21,836013,Steven,Stuart,19900121,31,true,invalid_mobile;invalid_email,input_batches/applications_dataset_1.csv
Emily Rodriguez,Emily_Rodriguez@allen-richards.com,1985/06/11,6593581,Emily,Rodriguez,19850611,36,true,invalid_mobile,input_batches/applications_dataset_1.csv
Ryan Perez,Ryan_Perez@taylor.com,31-05-1955,27721,Ryan,Perez,19550531,66,true,invalid_mobile,input_batches/applications_dataset_1.csv
Megan Lopez,Megan_Lopez@williams-gonzales.com,1953/07/02,184833,Megan,Lopez,19530702,68,true,invalid_mobile,input_batches/applications_dataset_1.csv
Matthew Lucero,Matthew_Lucero@bowers-pham.info,1990/05/08,52221639,Matthew,Lucero,19900508,31,true,invalid_email,input_batches/applications_dataset_1.csv
Kimberly Wright,Kimberly_Wright@tran.com,2013-02-12,22291,Kimberly,Wright,20130212,8,false,under_18;invalid_mobile,input_batches/applications_dataset_1.csv
Donald Braun,Donald_Braun@madden.com,04/16/2004,4348877,Donald,Braun,20040416,17,false,under_18;invalid_mobile,input_batches/applications_dataset_1.csv
Savannah Reese,Savannah_Reese@townsend-rios.com,07/23/2018,4211 2635,Savannah,Reese,20180723,3,false,under_18,input_batches/applications_dataset_1.csv
Leslie Wiggins,Leslie_Wiggins@reese-camacho.com,21-09-2014,95381,Leslie,Wiggins,20140921,7,false,under_18;invalid_mobile,input_batches/applications_dataset_1.csv
Mrs. Deanna Gonzalez,Deanna_Gonzalez@murray.com,1965-06-25,38166,Deanna,Gonzalez,19650625,56,true,invalid_mobile,input_batches/applications_dataset_1.csv
Derrick Brown PhD,Derrick_Brown@rodriguez.info,18-08-1978,46266,Derrick,Brown,19780818,43,true,invalid_mobile;invalid_email,input_batches/applications_dataset_1.csv
Meghan Davis,Meghan_Davis@ward.com,2009/02/22,73453023,Meghan,Davis,20090222,12,false,under_18,input_batches/applications_dataset_1.csv
Stephanie Morgan,Stephanie_Morgan@howard.com,12/31/1988,137259,Stephanie,Morgan,19881231,33,true,invalid_mobile,input_batches/applications_dataset_1.csv
Caleb Singh,Caleb_Singh@campbell-allen.com,24-02-1974,384849,Caleb,Singh,19740224,47,true,invalid_mobile,input_batches/applications_dataset_1.csv
Cassandra Andrade,Cassandra_Andrade@becker-clark.com,1980-09-15,693843,Cassandra,Andrade,19800915,41,true,invalid_mobile,input_batches/applications_dataset_1.csv
Robert Hall,Robert_Hall@osborn.com,1972-05-09,86501,Robert,Hall,19720509,49,true,invalid_mobile,input_batches/applications_dataset_1.csv
Kenneth Hill,Kenneth_Hill@allen-brown.com,01/28/2002,6015920,Kenneth,Hill,20020128,19,true,invalid_mobile,input_batches/applications_dataset_1.csv
David Brown,David_Brown@patton-garcia.com,11/28/2011,17471,David,Brown,20111128,10,false,under_18;invalid_mobile,input_batches/applications_dataset_1.csv
Stephen Meyers,Stephen_Meyers@welch.com,05/17/1951,8823130,Stephen,Meyers,19510517,70,true,invalid_mobile,input_batches/applications_dataset_1.csv
Victor Becker,Victor_Becker@williams-little.info,1969/05/29,6671232,Victor,Becker,19690529,52,true,invalid_mobile;invalid_email,input_batches/applications_dataset_1.csv
Michael Chapman,Michael_Chapman@bennett-tucker.org,1958/10/05,407643,Michael,Chapman,19581005,63,true,invalid_mobile;invalid_email,input_batches/applications_dataset_1.csv
Stephen Lam,Stephen_Lam@estrada-young.com,1952/01/09,3454340,Stephen,Lam,19520109,69,true,invalid_mobile,input_batches/applications_dataset_1.csv
Theresa Wells,Theresa_Wells@smith.biz,2004/01/17,5855179,Theresa,Wells,20040117,17,false,under_18;invalid_mobile;invalid_email,input_batches/applications_dataset_1.csv
Richard Barrera,Richard_Barrera@jackson.com,1950-12-16,3993270,Richard,Barrera,19501216,71,true,invalid_mobile,input_batches/applications_dataset_1.csv
Kelly Boyle,Kelly_Boyle@hayes.com,1995-07-17,363399,Kelly,Boyle,19950717,26,true,invalid_mobile,input_batches/applications_dataset_1.csv
James Hicks,James_Hicks@mendoza.com,07/04/1981,7759690,James,Hicks,19810704,40,true,invalid_mobile,input_batches/applications_dataset_1.csv
Todd Simon PhD,Todd_Simon@lopez.com,01/06/1998,6364541,Todd,Simon,19980106,23,true,invalid_mobile,input_batches/applications_dataset_1.csv
Jason Meyer,Jason_Meyer@murphy-mitchell.org,2018/06/08,980619,Jason,Meyer,20180608,3,false,under_18;invalid_mobile;invalid_email,input_batches/applications_dataset_1.csv
Matthew Moore,Matthew_Moore@nichols.com,2003/07/07,66391671,Matthew,Moore,20030707,18,false,under_18,input_batches/applications_dataset_1.csv
Lindsay Rivera,Lindsay_Rivera@smith.com,05/22/2001,70331,Lindsay,Rivera,20010522,20,true,invalid_mobile,input_batches/applications_dataset_1.csv
Michael Peterson,Michael_Peterson@johnson.com,02/17/1996,58731,Michael,Peterson,19960217,25,true,invalid_mobile,input_batches/applications_dataset_1.csv
Jennifer Martin PhD,Jennifer_Martin@mack.com,2010/01/06,41092831,Jennifer,Martin,20100106,11,false,under_18,input_batches/applications_dataset_1.csv
Martin Solomon,Martin_Solomon@graves.net,07/20/1983,4963442,Martin,Solomon,19830720,38,true,invalid_mobile,input_batches/applications_dataset_1.csv
Rebecca Quinn,Rebecca_Quinn@moore-crawford.info,1960-11-27,22971,Rebecca,Quinn,19601127,61,true,invalid_mobile;invalid_email,input_batches/applications_dataset_1.csv
Kerry Branch,Kerry_Branch@mays.biz,1974-04-23,66079175,Kerry,Branch,19740423,47,true,invalid_email,input_batches/applications_dataset_1.csv
Leslie Ruiz,Leslie_Ruiz@liu.com,12-07-1966,34336,Leslie,Ruiz,19660712,55,true,invalid_mobile,input_batches/applications_dataset_1.csv
Rebecca Wright,Rebecca_Wright@walker.com,2013-09-14,834999,Rebecca,Wright,20130914,8,false,under_18;invalid_mobile,input_batches/applications_dataset_1.csv
Wesley Erickson,Wesley_Erickson@reyes.com,1978/06/08,32576,Wesley,Erickson,19780608,43,true,invalid_mobile,input_batches/applications_dataset_1.csv
Janet West,Janet_West@chung-anderson.com,2001-01-24,687465,Janet,West,20010124,20,true,invalid_mobile,input_batches/applications_dataset_1.csv
James Barnett,James_Barnett@evans-gonzalez.com,11/20/2016,573813,James,Barnett,20161120,5,false,under_18;invalid_mobile,input_batches/applications_dataset_1.csv
Eric Scott,Eric_Scott@mccormick.com,22-05-2001,9183959,Eric,Scott,20010522,20,true,invalid_mobile,input_batches/applications_dataset_1.csv
James Jones,James_Jones@bell.biz,04-04-1987,8285565,James,Jones,19870404,34,true,invalid_mobile;invalid_email,input_batches/applications_dataset_1.csv
Joshua Baker DVM,Joshua_Baker@bradley.info,1966-02-05,614895,Joshua,Baker,19660205,55,true,invalid_mobile;invalid_email,input_batches/applications_dataset_1.csv
Kathleen Baker,Kathleen_Baker@evans.com,1970/08/03,129849,Kathleen,Baker,19700803,51,true,invalid_mobile,input_batches/applications_dataset_1.csv
Michael Clark,Michael_Clark@rojas.info,10-09-2016,91346,Michael,Clark,20160910,5,false,under_18;invalid_mobile;invalid_email,input_batches/applications_dataset_1.csv
Renee Williams,Renee_Williams@smith.com,30-01-2013,505671,Renee,Williams,20130130,8,false,under_18;invalid_mobile,input_batches/applications_dataset_1.csv
Robert White,Robert_White@schwartz.com,02/03/1990,6559120,Robert,White,19900203,31,true,invalid_mobile,input_batches/applications_dataset_1.csv
Teresa Figueroa,Teresa_Figueroa@love.info,1950/11/19,32271,Teresa,Figueroa,19501119,71,true,invalid_mobile;invalid_email,input_batches/applications_dataset_1.csv
Ashley Murphy,Ashley_Murphy@hart-alvarado.com,31-12-1952,254127,Ashley,Murphy,19521231,69,true,invalid_mobile,input_batches/applications_dataset_1.csv
Laura Peterson,Laura_Peterson@morton.com,1965/04/22,5968411,Laura,Peterson,19650422,56,true,invalid_mobile,input_batches/applications_dataset_1.csv
Brian Cardenas,Brian_Cardenas@allen.com,04-03-2000,2338540,Brian,Cardenas,20000304,21,true,invalid_mobile,input_batches/applications_dataset_1.csv
Dana Conrad,Dana_Conrad@french-maxwell.com,21-12-1971,325467,Dana,Conrad,19711221,50,true,invalid_mobile,input_batches/applications_dataset_1.csv
Kathleen Deleon,Kathleen_Deleon@cervantes-spears.org,1974/01/20,58746,Kathleen,Deleon,19740120,47,true,invalid_mobile;invalid_email,input_batches/applications_dataset_1.csv
Ebony Garcia,Ebony_Garcia@williams.net,11-01-1968,7406281,Ebony,Garcia,19680111,53,true,invalid_mobile,input_batches/applications_dataset_1.csv
Johnathan Allen,Johnathan_Allen@young.com,09/01/2000,551829,Johnathan,Allen,20000901,21,true,invalid_mobile,input_batches/applications_dataset_1.csv
Laura Faulkner,Laura_Faulkner@underwood.org,06/11/2003,25621,Laura,Faulkner,20030611,18,false,under_18;invalid_mobile;invalid_email,input_batches/applications_dataset_1.csv
Kirk Pearson,Kirk_Pearson@mason.net,1961/11/14,790413,Kirk,Pearson,19611114,60,true,invalid_mobile,input_batches/applications_dataset_1.csv
Christina Moore,Christina_Moore@harvey.com,05/24/1955,89156,Christina,Moore,19550524,66,true,invalid_mobile,input_batches/applications_dataset_1.csv
Laura Diaz,Laura_Diaz@wall-cross.com,1962/03/29,5299925,Laura,Diaz,19620329,59,true,invalid_mobile,input_batches/applications_dataset_1.csv
Jerry Stuart,Jerry_Stuart@king.com,2018/05/25,6111134,Jerry,Stuart,20180525,3,false,under_18;invalid_mobile,input_batches/applications_dataset_1.csv
Brianna Griffith,Brianna_Griffith@hughes.com,1951-10-30,7867399,Brianna,Griffith,19511030,70,true,invalid_mobile,input_batches/applications_dataset_1.csv
Kenneth Lopez,Kenneth_Lopez@hess.biz,1997-01-26,5647867,Kenneth,Lopez,19970126,24,true,invalid_mobile;invalid_email,input_batches/applications_dataset_1.csv
Wesley Krause,Wesley_Krause@sharp.com,22-02-2003,32951,Wesley,Krause,20030222,18,false,under_18;invalid_mobile,input_batches/applications_dataset_1.csv
Derek Sullivan,Derek_Sullivan@weeks.org,18-01-1977,73526,Derek,Sullivan,19770118,44,true,invalid_mobile;invalid_email,input_batches/applications_dataset_1.csv
Miss Monica Mcdonald,Monica_Mcdonald@massey.com,1972-06-14,5015753,Monica,Mcdonald,19720614,49,true,invalid_mobile,input_batches/applications_dataset_1.csv
Brianna Ramirez,Brianna_Ramirez@jones-stone.com,2018/05/21,64836,Brianna,Ramirez,20180521,3,false,under_18;invalid_mobile,input_batches/applications_dataset_1.csv
Robert Decker,Robert_Decker@travis.com,1979/10/21,8688688,Robert,Decker,19791021,42,true,invalid_mobile,input_batches/applications_dataset_1.csv
Michael Bryant,Michael_Bryant@harris.net,26-12-1993,1333389,Michael,Bryant,19931226,28,true,invalid_mobile,input_batches/applications_dataset_1.csv
Jamie Silva,Jamie_Silva@shepard.com,11/28/1983,824487,Jamie,Silva,19831128,38,true,invalid_mobile,input_batches/applications_dataset_1.csv
Steven Jones,Steven_Jones@pearson-phelps.com,27-12-1964,544023,Steven,Jones,19641227,57,true,invalid_mobile,input_batches/applications_dataset_1.csv
Elizabeth Stein,Elizabeth_Stein@zimmerman-hurley.com,1977/01/25,785703,Elizabeth,Stein,19770125,44,true,invalid_mobile,input_batches/applications_dataset_1.csv
Brandi Werner,Brandi_Werner@cooper.info,2012-07-08,447507,Brandi,Werner,20120708,9,false,under_18;invalid_mobile;invalid_email,input_batches/applications_dataset_1.csv
Derrick Jones,Derrick_Jones@montgomery-green.net,1998/03/16,3524116,Derrick,Jones,19980316,23,true,invalid_mobile,input_batches/applications_dataset_1.csv
Michelle Price,Michelle_Price@wu.com,2008/11/06,649425,Michelle,Price,20081106,13,false,under_18;invalid_mobile,input_batches/applications_dataset_1.csv
Kara Silva,Kara_Silva@wood.com,18-10-1996,908781,Kara,Silva,19961018,25,true,invalid_mobile,input_batches/applications_dataset_1.csv
Lisa Cox,Lisa_Cox@turner-miller.com,02/22/1984,4848390,Lisa,Cox,19840222,37,true,invalid_mobile,input_batches/applications_dataset_1.csv
Jonathan Armstrong,Jonathan_Armstrong@flores.com,02/06/1993,99926,Jonathan,Armstrong,19930206,28,true,invalid_mobile,input_batches/applications_dataset_1.csv
Randy Rodriguez,Randy_Rodriguez@lopez.org,1981/10/19,80174711,Randy,Rodriguez,19811019,40,true,invalid_email,input_batches/applications_dataset_1.csv
Amber Payne,Amber_Payne@winters.com,1972/08/12,1431816,Amber,Payne,19720812,49,true,invalid_mobile,input_batches/applications_dataset_1.csv
Patricia Moore,Patricia_Moore@moyer-campbell.com,05/12/2008,4391 4515,Patricia,Moore,20080512,13,false,under_18,input_batches/applications_dataset_1.csv
Susan Colon,Susan_Colon@harris.info,2000/11/22,3040143,Susan,Colon,20001122,21,true,invalid_mobile;invalid_email,input_batches/applications_dataset_1.csv
Ryan Morgan,Ryan_Morgan@gibson.org,1955/08/03,3472855,Ryan,Morgan,19550803,66,true,invalid_mobile;invalid_email,input_batches/applications_dataset_1.csv
Chad Willis,Chad_Willis@thomas.net,22-06-1970,22391,Chad,Willis,19700622,51,true,invalid_mobile,input_batches/applications_dataset_1.csv
Brian Curtis,Brian_Curtis@higgins.biz,1966-10-20,55737919,Brian,Curtis,19661020,55,true,invalid_email,input_batches/applications_dataset_1.csv
Stephanie Jones,Stephanie_Jones@clark-morris.info,2018-12-10,8382501,Stephanie,Jones,20181210,3,false,under_18;invalid_mobile;invalid_email,input_batches/applications_dataset_1.csv
Jeffrey Garcia,Jeffrey_Garcia@gomez-walters.com,1967/11/14,85236,Jeffrey,Garcia,19671114,54,true,invalid_mobile,input_batches/applications_dataset_1.csv
Erik Walker,Erik_Walker@dunn-neal.info,2008/12/09,564231,Erik,Walker,20081209,13,false,under_18;invalid_mobile;invalid_email,input_batches/applications_dataset_1.csv
Steven Murray,Steven_Murray@maynard.com,03/20/1993,437001,Steven,Murray,19930320,28,true,invalid_mobile,input_batches/applications_dataset_1.csv
Samuel Simmons,Samuel_Simmons@summers-young.com,04/07/1992,75286,Samuel,Simmons,19920407,29,true,invalid_mobile,input_batches/applications_dataset_1.csv
Brian Brown,Brian_Brown@anderson.org,10-09-1954,98374567,Brian,Brown,19540910,67,true,invalid_email,input_batches/applications_dataset_1.csv
Barbara Brown,Barbara_Brown@hood.info,29-06-1961,1880264,Barbara,Brown,19610629,60,true,invalid_mobile;invalid_email,input_batches/applications_dataset_1.csv
Jacob Yang,Jacob_Yang@knapp.com,02/28/2001,74321,Jacob,Yang,20010228,20,true,invalid_mobile,input_batches/applications_dataset_1.csv
Jennifer Roberts,Jennifer_Roberts@ball.com,29-11-1959,62701,Jennifer,Roberts,19591129,62,true,invalid_mobile,input_batches/applications_dataset_1.csv
Ashley Schultz,Ashley_Schultz@long-obrien.com,11/12/1959,1591997,Ashley,Schultz,19591112,62,true,invalid_mobile,input_batches/applications_dataset_1.csv
Elizabeth Swanson,Elizabeth_Swanson@garcia-roberts.com,1951/12/12,31256,Elizabeth,Swanson,19511212,70,true,invalid_mobile,input_batches/applications_dataset_1.csv
Jonathan Lawrence MD,Jonathan_Lawrence@reed.com,1954/05/06,608139,Jonathan,Lawrence,19540506,67,true,invalid_mobile,input_batches/applications_dataset_1.csv
Linda Rodriguez,Linda_Rodriguez@rice.net,1977/03/06,92661,Linda,Rodriguez,19770306,44,true,invalid_mobile,input_batches/applications_dataset_1.csv
Molly Tate,Molly_Tate@johnson.info,15-09-1992,4464699,Molly,Tate,19920915,29,true,invalid_mobile;invalid_email,input_batches/applications_dataset_1.csv
Patrick Mosley,Patrick_Mosley@adams.org,03/16/2014,18381,Patrick,Mosley,20140316,7,false,under_18;invalid_mobile;invalid_email,input_batches/applications_dataset_1.csv
Anita Nelson,Anita_Nelson@price.com,09/07/1963,810447,Anita,Nelson,19630907,58,true,invalid_mobile,input_batches/applications_dataset_1.csv
Susan Harris,Susan_Harris@martinez.com,1975/01/25,348609,Susan,Harris,19750125,46,true,invalid_mobile,input_batches/applications_dataset_1.csv
John Conrad,John_Conrad@hahn-newman.com,11/28/2002,980463,John,Conrad,20021128,19,true,invalid_mobile,input_batches/applications_dataset_1.csv
Timothy Allen,Timothy_Allen@williams-graham.com,09-11-2014,3909676,Timothy,Allen,20141109,7,false,under_18;invalid_mobile,input_batches/applications_dataset_1.csv
Susan Hansen,Susan_Hansen@ruiz.com,12/19/1974,805785,Susan,Hansen,19741219,47,true,invalid_mobile,input_batches/applications_dataset_1.csv
Linda Woods,Linda_Woods@nelson.biz,12/16/2002,5367 5487,Linda,Woods,20021216,19,true,invalid_email,input_batches/applications_dataset_1.csv
Linda White,Linda_White@owens-garcia.com,2003/10/29,957831,Linda,White,20031029,18,false,under_18;invalid_mobile,input_batches/applications_dataset_1.csv
Mrs. Lisa Richardson MD,Lisa_Richardson@guerrero-rivas.com,09-10-1975,280467,Lisa,Richardson,19751009,46,true,invalid_mobile,input_batches/applications_dataset_1.csv
Jennifer Dixon,Jennifer_Dixon@may.com,08-03-1988,112833,Jennifer,Dixon,19880308,33,true,invalid_mobile,input_batches/applications_dataset_1.csv
Daniel James,Daniel_James@smith.biz,1951/06/28,995577,Daniel,James,19510628,70,true,invalid_mobile;invalid_email,input_batches/applications_dataset_1.csv
Kyle Chaney,Kyle_Chaney@martin-gibson.biz,1985/02/20,7887356,Kyle,Chaney,19850220,36,true,invalid_mobile;invalid_email,input_batches/applications_dataset_1.csv
Allison Jones,Allison_Jones@jacobs-coleman.org,11/25/1983,371925,Allison,Jones,19831125,38,true,invalid_mobile;invalid_email,input_batches/applications_dataset_1.csv
Cameron Burton,Cameron_Burton@hubbard-gonzalez.com,08/24/1954,29171,Cameron,Burton,19540824,67,true,invalid_mobile,input_batches/applications_dataset_1.csv
Joe Cook,Joe_Cook@cline-perkins.com,1986/03/26,12356,Joe,Cook,19860326,35,true,invalid_mobile,input_batches/applications_dataset_1.csv
Robert Miller,Robert_Miller@graham.com,1956-10-01,69471,Robert,Miller,19561001,65,true,invalid_mobile,input_batches/applications_dataset_1.csv
Olivia Martin,Olivia_Martin@carey.com,1977/07/31,32286,Olivia,Martin,19770731,44,true,invalid_mobile,input_batches/applications_dataset_1.csv
Manuel Long,Manuel_Long@thomas.biz,2010-10-02,38196223,Manuel,Long,20101002,11,false,under_18;invalid_email,input_batches/applications_dataset_1.csv
Richard Villanueva,Richard_Villanueva@macias.com,1961-10-21,9364468,Richard,Villanueva,19611021,60,true,invalid_mobile,input_batches/applications_dataset_1.csv
Taylor Jones,Taylor_Jones@mendez.biz,23-12-2005,99236655,Taylor,Jones,20051223,16,false,under_18;invalid_email,input_batches/applications_dataset_1.csv
Catherine Simmons,Catherine_Simmons@flores.com,2015-09-23,26756,Catherine,Simmons,20150923,6,false,under_18;invalid_mobile,input_batches/applications_dataset_1.csv
Samantha Miranda,Samantha_Miranda@carter.com,12/31/2000,5738461,Samantha,Miranda,20001231,21,true,invalid_mobile,input_batches/applications_dataset_1.csv
Sarah Brown,Sarah_Brown@johnson.info,27-06-1974,1409584,Sarah,Brown,19740627,47,true,invalid_mobile;invalid_email,input_batches/applications_dataset_1.csv
Briana Morris,Briana_Morris@alvarado.com,08/05/2018,2591 8567,Briana,Morris,20180805,3,false,under_18,input_batches/applications_dataset_1.csv
Michelle Schneider,Michelle_Schneider@shelton.com,2002/02/07,99886,Michelle,Schneider,20020207,19,true,invalid_mobile,input_batches/applications_dataset_1.csv
Rebekah Gonzalez,Rebekah_Gonzalez@gutierrez.com,1987/05/16,28391,Rebekah,Gonzalez,19870516,34,true,invalid_mobile,input_batches/applications_dataset_1.csv
Cameron Gay,Cameron_Gay@lee.net,1999/05/21,3454564,Cameron,Gay,19990521,22,true,invalid_mobile,input_batches/applications_dataset_1.csv
Jose Martinez,Jose_Martinez@garza.com,21-04-1962,4988474,Jose,Martinez,19620421,59,true,invalid_mobile,input_batches/applications_dataset_1.csv
Gabrielle Todd,Gabrielle_Todd@lane-browning.com,1973/08/24,36681,Gabrielle,Todd,19730824,48,true,invalid_mobile,input_batches/applications_dataset_1.csv
Adrian Price,Adrian_Price@soto-diaz.biz,1971-06-16,73308247,Adrian,Price,19710616,50,true,invalid_email,input_batches/applications_dataset_1.csv
James Daniels,James_Daniels@williamson.info,09/10/2004,4503 3767,James,Daniels,20040910,17,false,under_18;invalid_email,input_batches/applications_dataset_1.csv
Henry Huffman,Henry_Huffman@khan.info,1995-10-18,8911358,Henry,Huffman,19951018,26,true,invalid_mobile;invalid_email,input_batches/applications_dataset_1.csv
Beth Murphy,Beth_Murphy@sweeney.com,16-10-2003,68616,Beth,Murphy,20031016,18,false,under_18;invalid_mobile,input_batches/applications_dataset_1.csv
Darryl Deleon,Darryl_Deleon@lewis.com,03-03-2017,521997,Darryl,Deleon,20170303,4,false,under_18;invalid_mobile,input_batches/applications_dataset_1.csv
Jeffrey Wells,Jeffrey_Wells@serrano.com,11/12/1959,8764288,Jeffrey,Wells,19591112,62,true,invalid_mobile,input_batches/applications_dataset_1.csv
Pamela Stanley,Pamela_Stanley@thomas.com,1956/01/27,1794500,Pamela,Stanley,19560127,65,true,invalid_mobile,input_batches/applications_dataset_1.csv
Frank Gardner,Frank_Gardner@barrett.com,1955-09-05,90991,Frank,Gardner,19550905,66,true,invalid_mobile,input_batches/applications_dataset_1.csv
Michael Buchanan,Michael_Buchanan@hogan-carter.org,1956/08/14,27551,Michael,Buchanan,19560814,65,true,invalid_mobile;invalid_email,input_batches/applications_dataset_1.csv
Brooke Johnson,Brooke_Johnson@tyler.org,1991/04/15,55029023,Brooke,Johnson,19910415,30,true,invalid_email,input_batches/applications_dataset_1.csv
Joseph Alvarado,Joseph_Alvarado@thompson-williams.com,2000/06/24,4586149,Joseph,Alvarado,20000624,21,true,invalid_mobile,input_batches/applications_dataset_1.csv
Dawn Ross,Dawn_Ross@newman.com,12-02-1999,49306,Dawn,Ross,19990212,22,true,invalid_mobile,input_batches/applications_dataset_1.csv
Christina Hammond,Christina_Hammond@yang-owens.com,12/06/2003,531663,Christina,Hammond,20031206,18,false,under_18;invalid_mobile,input_batches/applications_dataset_1.csv
Adrian Richmond,Adrian_Richmond@martin.com,1958/12/09,67931,Adrian,Richmond,19581209,63,true,invalid_mobile,input_batches/applications_dataset_1.csv
Elizabeth Gardner,Elizabeth_Gardner@harris.com,08/05/1950,5103211,Elizabeth,Gardner,19500805,71,true,invalid_mobile,input_batches/applications_dataset_1.csv
Melissa Wood,Melissa_Wood@sharp.info,1972-02-05,76325591,Melissa,Wood,19720205,49,true,invalid_email,input_batches/applications_dataset_1.csv
Janet Gross,Janet_Gross@chaney.net,04/14/2017,86976,Janet,Gross,20170414,4,false,under_18;invalid_mobile,input_batches/applications_dataset_1.csv
Michael Murphy,Michael_Murphy@warren.biz,1978/05/08,97486607,Michael,Murphy,19780508,43,true,invalid_email,input_batches/applications_dataset_1.csv
Samuel Davis,Samuel_Davis@chavez.com,2000/07/15,833349,Samuel,Davis,20000715,21,true,invalid_mobile,input_batches/applications_dataset_1.csv
James Garcia,James_Garcia@johnson.com,2014-04-09,729369,James,Garcia,20140409,7,false,under_18;invalid_mobile,input_batches/applications_dataset_1.csv
Jonathan Singleton,Jonathan_Singleton@baker.com,1993-01-16,55871,Jonathan,Singleton,19930116,28,true,invalid_mobile,input_batches/applications_dataset_1.csv
Jennifer Rodriguez MD,Jennifer_Rodriguez@cruz.com,2004-04-02,734733,Jennifer,Rodriguez,20040402,17,false,under_18;invalid_mobile,input_batches/applications_dataset_1.csv
Kelly Rogers,Kelly_Rogers@carr.info,1994-09-20,47022791,Kelly,Rogers,19940920,27,true,invalid_email,input_batches/applications_dataset_1.csv
Kelly Rodriguez,Kelly_Rodriguez@abbott.com,03/26/1963,25201,Kelly,Rodriguez,19630326,58,true,invalid_mobile,input_batches/applications_dataset_1.csv
Michael Fisher,Michael_Fisher@turner-arias.com,1994-12-31,900663,Michael,Fisher,19941231,27,true,invalid_mobile,input_batches/applications_dataset_1.csv
Lorraine Shaw,Lorraine_Shaw@rodriguez-dunn.com,27-03-1954,7727427,Lorraine,Shaw,19540327,67,true,invalid_mobile,input_batches/applications_dataset_1.csv
Steven White,Steven_White@lozano.info,1955/12/09,31766,Steven,White,19551209,66,true,invalid_mobile;invalid_email,input_batches/applications_dataset_1.csv
Joy Long,Joy_Long@martin.info,28-08-2007,45751,Joy,Long,20070828,14,false,under_18;invalid_mobile;invalid_email,input_batches/applications_dataset_1.csv
Brandon Riggs,Brandon_Riggs@horn-welch.com,1960/01/02,526221,Brandon,Riggs,19600102,61,true,invalid_mobile,input_batches/applications_dataset_1.csv
Raymond Henderson,Raymond_Henderson@ferrell.net,1951/11/28,81831,Raymond,Henderson,19511128,70,true,invalid_mobile,input_batches/applications_dataset_1.csv
Kenneth Wright,Kenneth_Wright@perez.biz,11/05/2003,2487731,Kenneth,Wright,20031105,18,false,under_18;invalid_mobile;invalid_email,input_batches/applications_dataset_1.csv
Katelyn Sloan,Katelyn_Sloan@yates.org,22-01-2014,4264149,Katelyn,Sloan,20140122,7,false,under_18;invalid_mobile;invalid_email,input_batches/applications_dataset_1.csv
Jonathan Robinson,Jonathan_Robinson@dillon.com,2011-04-07,4476928,Jonathan,Robinson,20110407,10,false,under_18;invalid_mobile,input_batches/applications_dataset_1.csv
Gina Morales,Gina_Morales@scott-shaw.info,03/28/1963,6581177,Gina,Morales,19630328,58,true,invalid_mobile;invalid_email,input_batches/applications_dataset_1.csv
Rachel Martinez,Rachel_Martinez@davis.com,25-07-2014,70671,Rachel,Martinez,20140725,7,false,under_18;invalid_mobile,input_batches/applications_dataset_1.csv
Dillon Baker,Dillon_Baker@hicks.org,01/26/1996,9393028,Dillon,Baker,19960126,25,true,invalid_mobile;invalid_email,input_batches/applications_dataset_1.csv
Steven Lane,Steven_Lane@cohen.org,18-07-1991,98126,Steven,Lane,19910718,30,true,invalid_mobile;invalid_email,input_batches/applications_dataset_1.csv
Sandra Cook,Sandra_Cook@deleon-cook.com,1970/12/27,52186,Sandra,Cook,19701227,51,true,invalid_mobile,input_batches/applications_dataset_1.csv
Heather Cardenas,Heather_Cardenas@sullivan-holloway.com,10/01/2000,50941,Heather,Cardenas,20001001,21,true,invalid_mobile,input_batches/applications_dataset_1.csv
Kyle Robinson,Kyle_Robinson@contreras.net,1968-01-24,35876,Kyle,Robinson,19680124,53,true,invalid_mobile,input_batches/applications_dataset_1.csv
James Rodriguez,James_Rodriguez@moody.net,28-12-2014,5179476,James,Rodriguez,20141228,7,false,under_18;invalid_mobile,input_batches/applications_dataset_1.csv
John Robertson,John_Robertson@johnson.info,22-10-1960,509475,John,Robertson,19601022,61,true,invalid_mobile;invalid_email,input_batches/applications_dataset_1.csv
Melissa Smith,Melissa_Smith@howard.org,2012-03-31,37000679,Melissa,Smith,20120331,9,false,under_18;invalid_email,input_batches/applications_dataset_1.csv
Sarah Oneal,Sarah_Oneal@ward-coleman.com,2010-02-20,7779913,Sarah,Oneal,20100220,11,false,under_18;invalid_mobile,input_batches/applications_dataset_1.csv
Austin Mcdowell,Austin_Mcdowell@jones-bowers.com,28-08-1993,37201,Austin,Mcdowell,19930828,28,true,invalid_mobile,input_batches/applications_dataset_1.csv
Marie Taylor,Marie_Taylor@wilson.org,2008-11-06,64264495,Marie,Taylor,20081106,13,false,under_18;invalid_email,input_batches/applications_dataset_1.csv
Teresa Garrett,Teresa_Garrett@smith-stout.org,2013-02-20,3484944,Teresa,Garrett,20130220,8,false,under_18;invalid_mobile;invalid_email,input_batches/applications_dataset_1.csv
Stacy Hansen,Stacy_Hansen@braun.biz,1981/06/15,59308935,Stacy,Hansen,19810615,40,true,invalid_email,input_batches/applications_dataset_1.csv
Sara Lopez,Sara_Lopez@scott-gonzalez.net,2016-07-17,20671,Sara,Lopez,20160717,5,false,under_18;invalid_mobile,input_batches/applications_dataset_1.csv
Jennifer Ortiz,Jennifer_Ortiz@fisher-brady.biz,04-01-2009,13841,Jennifer,Ortiz,20090104,12,false,under_18;invalid_mobile;invalid_email,input_batches/applications_dataset_1.csv
Amanda Davis,Amanda_Davis@lopez-mitchell.com,1957/07/14,766509,Amanda,Davis,19570714,64,true,invalid_mobile,input_batches/applications_dataset_1.csv
Tina Fitzpatrick,Tina_Fitzpatrick@marshall-howard.org,1952-02-05,11883967,Tina,Fitzpatrick,19520205,69,true,invalid_email,input_batches/applications_dataset_1.csv
Andrea Page,Andrea_Page@murphy-nelson.info,1972-03-26,59221239,Andrea,Page,19720326,49,true,invalid_email,input_batches/applications_dataset_1.csv
Wayne Reeves,Wayne_Reeves@sanchez-morris.biz,09/05/2012,615045,Wayne,Reeves,20120905,9,false,under_18;invalid_mobile;invalid_email,input_batches/applications_dataset_1.csv
James Sullivan,James_Sullivan@patton.com,16-06-1966,38476,James,Sullivan,19660616,55,true,invalid_mobile,input_batches/applications_dataset_1.csv
John Hernandez,John_Hernandez@rodriguez-ellis.com,09-10-2012,701445,John,Hernandez,20121009,9,false,under_18;invalid_mobile,input_batches/applications_dataset_1.csv
Tiffany Barnett,Tiffany_Barnett@lewis.biz,2006/05/11,11136,Tiffany,Barnett,20060511,15,false,under_18;invalid_mobile;invalid_email,input_batches/applications_dataset_1.csv
Jessica Watts,Jessica_Watts@cline.com,2013-07-20,1475125,Jessica,Watts,20130720,8,false,under_18;invalid_mobile,input_batches/applications_dataset_1.csv
Nathan Nielsen,Nathan_Nielsen@smith-coleman.info,1957/03/25,22721639,Nathan,Nielsen,19570325,64,true,invalid_email,input_batches/applications_dataset_1.csv
Patricia Davis,Patricia_Davis@brown.net,17-03-1989,89586,Patricia,Davis,19890317,32,true,invalid_mobile,input_batches/applications_dataset_1.csv
Ricardo Davies,Ricardo_Davies@lawrence.com,11-07-2016,79786,Ricardo,Davies,20160711,5,false,under_18;invalid_mobile,input_batches/applications_dataset_1.csv
Matthew Lawson,Matthew_Lawson@collier.org,2005/01/08,76736911,Matthew,Lawson,20050108,16,false,under_18;invalid_email,input_batches/applications_dataset_1.csv
Charles Mendoza DVM,Charles_Mendoza@watts.org,1952-11-09,56858727,Charles,Mendoza,19521109,69,true,invalid_email,input_batches/applications_dataset_1.csv
Jack Lin,Jack_Lin@buckley-smith.net,2005/02/04,2187851,Jack,Lin,20050204,16,false,under_18;invalid_mobile,input_batches/applications_dataset_1.csv
Michelle Jacobs,Michelle_Jacobs@day.org,2018/12/04,75251,Michelle,Jacobs,20181204,3,false,under_18;invalid_mobile;invalid_email,input_batches/applications_dataset_1.csv
Lindsey Owens,Lindsey_Owens@wilson.net,08-12-2009,180645,Lindsey,Owens,20091208,12,false,under_18;invalid_mobile,input_batches/applications_dataset_1.csv
Lisa Brewer,Lisa_Brewer@houston.com,24-12-2001,659559,Lisa,Brewer,20011224,20,true,invalid_mobile,input_batches/applications_dataset_1.csv
Susan Robinson,Susan_Robinson@robinson.com,1970-01-09,887259,Susan,Robinson,19700109,51,true,invalid_mobile,input_batches/applications_dataset_1.csv
Christopher Olson,Christopher_Olson@kennedy.com,09/18/2015,61436,Christopher,Olson,20150918,6,false,under_18;invalid_mobile,input_batches/applications_dataset_1.csv
Jon Roach,Jon_Roach@tyler.org,28-06-2010,53802271,Jon,Roach,20100628,11,false,under_18;invalid_email,input_batches/applications_dataset_1.csv
Michael Robinson,Michael_Robinson@russell.com,1960-06-17,927603,Michael,Robinson,19600617,61,true,invalid_mobile,input_batches/applications_dataset_1.csv
Rodney Arellano,Rodney_Arellano@green-williams.info,28-07-1997,8923916,Rodney,Arellano,19970728,24,true,invalid_mobile;invalid_email,input_batches/applications_dataset_1.csv
Alicia Wong,Alicia_Wong@bates.com,10/30/2006,2753374,Alicia,Wong,20061030,15,false,under_18;invalid_mobile,input_batches/applications_dataset_1.csv
Jesse Singh,Jesse_Singh@sharp-morales.net,1970/04/03,3778391,Jesse,Singh,19700403,51,true,invalid_mobile,input_batches/applications_dataset_1.csv
Nicole Smith,Nicole_Smith@miller-rodriguez.com,22-03-1990,351057,Nicole,Smith,19900322,31,true,invalid_mobile,input_batches/applications_dataset_1.csv
Dwayne Snyder,Dwayne_Snyder@henry.biz,03/14/1968,164109,Dwayne,Snyder,19680314,53,true,invalid_mobile;invalid_email,input_batches/applications_dataset_1.csv
Marcus Rice,Marcus_Rice@mayer.info,1960/08/06,61156,Marcus,Rice,19600806,61,true,invalid_mobile;invalid_email,input_batches/applications_dataset_1.csv
Ashley Dixon,Ashley_Dixon@rivera-holmes.com,11/18/1973,55256,Ashley,Dixon,19731118,48,true,invalid_mobile,input_batches/applications_dataset_1.csv
Erica Nelson,Erica_Nelson@johns.com,1998-05-08,86051,Erica,Nelson,19980508,23,true,invalid_mobile,input_batches/applications_dataset_1.csv
Anna Valdez,Anna_Valdez@flores-guzman.com,1993/10/07,5758719,Anna,Valdez,19931007,28,true,invalid_mobile,input_batches/applications_dataset_1.csv
Marco Pierce,Marco_Pierce@sutton-smith.com,15-09-2000,538845,Marco,Pierce,20000915,21,true,invalid_mobile,input_batches/applications_dataset_1.csv
Nicole Henry,Nicole_Henry@mills-hughes.info,2000/07/29,978345,Nicole,Henry,20000729,21,true,invalid_mobile;invalid_email,input_batches/applications_dataset_1.csv
Melissa David,Melissa_David@rivera.com,01/15/1953,80071,Melissa,David,19530115,68,true,invalid_mobile,input_batches/applications_dataset_1.csv
Patricia Moreno,Patricia_Moreno@wong.biz,1958-03-24,825333,Patricia,Moreno,19580324,63,true,invalid_mobile;invalid_email,input_batches/applications_dataset_1.csv
Adam Bailey,Adam_Bailey@ward-williams.biz,07/07/1957,85891,Adam,Bailey,19570707,64,true,invalid_mobile;invalid_email,input_batches/applications_dataset_1.csv
Carrie Henson,Carrie_Henson@snow-gonzalez.com,08-05-1953,34696,Carrie,Henson,19530508,68,true,invalid_mobile,input_batches/applications_dataset_1.csv
Richard Martin,Richard_Martin@anderson.com,1966-03-31,66236,Richard,Martin,19660331,55,true,invalid_mobile,input_batches/applications_dataset_1.csv
Whitney Reed,Whitney_Reed@mitchell.biz,10/27/1977,32896,Whitney,Reed,19771027,44,true,invalid_mobile;invalid_email,input_batches/applications_dataset_1.csv
Michael Snyder,Michael_Snyder@taylor.com,31-08-1969,96971,Michael,Snyder,19690831,52,true,invalid_mobile,input_batches/applications_dataset_1.csv
Dana Molina,Dana_Molina@miller-chavez.com,09-04-2016,34721,Dana,Molina,20160409,5,false,under_18;invalid_mobile,input_batches/applications_dataset_1.csv
Justin Decker,Justin_Decker@anthony.com,05-11-2018,921861,Justin,Decker,20181105,3,false,under_18;invalid_mobile,input_batches/applications_dataset_1.csv
Cristina Gray,Cristina_Gray@hoover-jones.info,04/24/1978,1555 8739,Cristina,Gray,19780424,43,true,invalid_email,input_batches/applications_dataset_1.csv
Mark Nguyen,Mark_Nguyen@thomas-stone.net,02-04-2011,4250793,Mark,Nguyen,20110402,10,false,under_18;invalid_mobile,input_batches/applications_dataset_1.csv
Michael Johnson,Michael_Johnson@bryant.com,2016/12/10,233829,Michael,Johnson,20161210,5,false,under_18;invalid_mobile,input_batches/applications_dataset_1.csv
Nicholas Clark,Nicholas_Clark@brown.com,1993/07/07,45286,Nicholas,Clark,19930707,28,true,invalid_mobile,input_batches/applications_dataset_1.csv
Christina Pennington,Christina_Pennington@webb.com,03-03-1996,117909,Christina,Pennington,19960303,25,true,invalid_mobile,input_batches/applications_dataset_1.csv
Jennifer Baldwin,Jennifer_Baldwin@schmitt.org,29-12-2016,62403007,Jennifer,Baldwin,20161229,5,false,under_18;invalid_email,input_batches/applications_dataset_1.csv
Jake Oliver,Jake_Oliver@peterson-james.info,1981/01/27,28696,Jake,Oliver,19810127,40,true,invalid_mobile;invalid_email,input_batches/applications_dataset_1.csv
Ms. Krystal Reilly,Krystal_Reilly@martinez.com,1982/09/09,782829,Krystal,Reilly,19820909,39,true,invalid_mobile,input_batches/applications_dataset_1.csv
Malik Wright,Malik_Wright@brooks.com,1977/06/11,383535,Malik,Wright,19770611,44,true,invalid_mobile,input_batches/applications_dataset_1.csv
Trevor Gutierrez,Trevor_Gutierrez@murphy-butler.com,09/29/2011,7937630,Trevor,Gutierrez,20110929,10,false,under_18;invalid_mobile,input_batches/applications_dataset_1.csv
Jennifer Hernandez,Jennifer_Hernandez@hughes.com,10/21/1970,90426,Jennifer,Hernandez,19701021,51,true,invalid_mobile,input_batches/applications_dataset_1.csv
Mark Montes,Mark_Montes@alexander.com,18-06-1972,741843,Mark,Montes,19720618,49,true,invalid_mobile,input_batches/applications_dataset_1.csv
Matthew Peck,Matthew_Peck@mclean.org,2012/04/17,59541,Matthew,Peck,20120417,9,false,under_18;invalid_mobile;invalid_email,input_batches/applications_dataset_1.csv
Jonathan Mclaughlin,Jonathan_Mclaughlin@cannon.org,1992/04/06,74106,Jonathan,Mclaughlin,19920406,29,true,invalid_mobile;invalid_email,input_batches/applications_dataset_1.csv
Melissa Vega DVM,Melissa_Vega@greene-ward.com,04/21/2007,584709,Melissa,Vega,20070421,14,false,under_18;invalid_mobile,input_batches/applications_dataset_1.csv
Renee Ellis,Renee_Ellis@martin.com,1958-12-02,315699,Renee,Ellis,19581202,63,true,invalid_mobile,input_batches/applications_dataset_1.csv
Mark Schmidt,Mark_Schmidt@jenkins.com,2010-04-29,5018644,Mark,Schmidt,20100429,11,false,under_18;invalid_mobile,input_batches/applications_dataset_1.csv
Anthony Baker,Anthony_Baker@burns.biz,07/25/1989,5059 8455,Anthony,Baker,19890725,32,true,invalid_email,input_batches/applications_dataset_1.csv
Amanda Perkins,Amanda_Perkins@norton.com,1987-05-07,55826,Amanda,Perkins,19870507,34,true,invalid_mobile,input_batches/applications_dataset_1.csv
Lisa Garcia,Lisa_Garcia@carrillo.com,1950/07/26,437613,Lisa,Garcia,19500726,71,true,invalid_mobile,input_batches/applications_dataset_1.csv
Jennifer Sullivan,Jennifer_Sullivan@brown-winters.info,11-03-1957,5734716,Jennifer,Sullivan,19570311,64,true,invalid_mobile;invalid_email,input_batches/applications_dataset_1.csv
Jeremy Wright,Jeremy_Wright@friedman.com,1971-07-10,958071,Jeremy,Wright,19710710,50,true,invalid_mobile,input_batches/applications_dataset_1.csv
Tracy Frazier,Tracy_Frazier@reed.info,1982/03/15,6636295,Tracy,Frazier,19820315,39,true,invalid_mobile;invalid_email,input_batches/applications_dataset_1.csv
Robert Wheeler,Robert_Wheeler@ramirez.com,1959/04/24,897117,Robert,Wheeler,19590424,62,true,invalid_mobile,input_batches/applications_dataset_1.csv
John Gonzalez,John_Gonzalez@beck-lynch.org,2017-08-15,85888895,John,Gonzalez,20170815,4,false,under_18;invalid_email,input_batches/applications_dataset_1.csv
Thomas Gordon,Thomas_Gordon@perez-nelson.com,11/06/2004,6508825,Thomas,Gordon,20041106,17,false,under_18;invalid_mobile,input_batches/applications_dataset_1.csv
Jacob Mcintyre,Jacob_Mcintyre@willis.com,2014-08-08,26330743,Jacob,Mcintyre,20140808,7,false,under_18,input_batches/applications_dataset_1.csv
Charles Melendez,Charles_Melendez@wood.org,26-07-1978,847119,Charles,Melendez,19780726,43,true,invalid_mobile;invalid_email,input_batches/applications_dataset_1.csv
Angel Johnson,Angel_Johnson@anderson.info,1957-11-28,12270279,Angel,Johnson,19571128,64,true,invalid_email,input_batches/applications_dataset_1.csv
Derek Stevens,Derek_Stevens@anderson-taylor.com,03-11-2002,39056,Derek,Stevens,20021103,19,true,invalid_mobile,input_batches/applications_dataset_1.csv
Cindy Odonnell,Cindy_Odonnell@powell-johnson.com,12/19/2009,4662652,Cindy,Odonnell,20091219,12,false,under_18;invalid_mobile,input_batches/applications_dataset_1.csv
Mary Holmes,Mary_Holmes@russo.com,08/22/1993,7206095,Mary,Holmes,19930822,28,true,invalid_mobile,input_batches/applications_dataset_1.csv
Amanda Monroe,Amanda_Monroe@phillips-riley.com,2010/04/10,737001,Amanda,Monroe,20100410,11,false,under_18;invalid_mobile,input_batches/applications_dataset_1.csv
Sara Sanchez,Sara_Sanchez@rivas.com,1953-06-19,41021,Sara,Sanchez,19530619,68,true,invalid_mobile,input_batches/applications_dataset_1.csv
Dennis Williams,Dennis_Williams@bowman-henderson.info,18-01-2014,2395219,Dennis,Williams,20140118,7,false,under_18;invalid_mobile;invalid_email,input_batches/applications_dataset_1.csv
Emily Mitchell,Emily_Mitchell@white-garrison.com,1972/04/17,316377,Emily,Mitchell,19720417,49,true,invalid_mobile,input_batches/applications_dataset_1.csv
Lauren Rodriguez,Lauren_Rodriguez@delgado.info,1978-12-30,7323485,Lauren,Rodriguez,19781230,43,true,invalid_mobile;invalid_email,input_batches/applications_dataset_1.csv
Tony Norton,Tony_Norton@shepherd.com,1951/12/10,33876,Tony,Norton,19511210,70,true,invalid_mobile,input_batches/applications_dataset_1.csv
Jacqueline Choi,Jacqueline_Choi@lynn.com,16-03-1995,67741,Jacqueline,Choi,19950316,26,true,invalid_mobile,input_batches/applications_dataset_1.csv
Larry Livingston,Larry_Livingston@cook.info,25-04-2016,3239790,Larry,Livingston,20160425,5,false,under_18;invalid_mobile;invalid_email,input_batches/applications_dataset_1.csv
Caitlin Ryan,Caitlin_Ryan@smith-mitchell.biz,04/06/1956,304605,Caitlin,Ryan,19560406,65,true,invalid_mobile;invalid_email,input_batches/applications_dataset_1.csv
Crystal Harris,Crystal_Harris@reyes.com,2013/12/19,790029,Crystal,Harris,20131219,8,false,under_18;invalid_mobile,input_batches/applications_dataset_1.csv
Joseph Marshall,Joseph_Marshall@scott.com,1965-05-02,39856,Joseph,Marshall,19650502,56,true,invalid_mobile,input_batches/applications_dataset_1.csv
Terri Pace,Terri_Pace@griffin.com,1966-05-21,58881,Terri,Pace,19660521,55,true,invalid_mobile,input_batches/applications_dataset_1.csv
Jessica Brown,Jessica_Brown@perez.com,01/15/2007,8623035,Jessica,Brown,20070115,14,false,under_18;invalid_mobile,input_batches/applications_dataset_1.csv
Chase Young,Chase_Young@miller.com,2016/02/19,512313,Chase,Young,20160219,5,false,under_18;invalid_mobile,input_batches/applications_dataset_1.csv
Mitchell Cook,Mitchell_Cook@henson.com,2005/11/21,481893,Mitchell,Cook,20051121,16,false,under_18;invalid_mobile,input_batches/applications_dataset_1.csv
Paul Allen,Paul_Allen@jacobs-walker.info,1968-11-10,44110375,Paul,Allen,19681110,53,true,invalid_email,input_batches/applications_dataset_1.csv
Adam Morales,Adam_Morales@simpson-velazquez.info,04-04-1991,12197423,Adam,Morales,19910404,30,true,invalid_email,input_batches/applications_dataset_1.csv
Melinda Hamilton,Melinda_Hamilton@martinez-norris.com,2003/11/03,1252406,Melinda,Hamilton,20031103,18,false,under_18;invalid_mobile,input_batches/applications_dataset_1.csv
Randall Scott,Randall_Scott@hernandez.biz,09/03/1971,9839 9307,Randall,Scott,19710903,50,true,invalid_email,input_batches/applications_dataset_1.csv
Pamela Allison,Pamela_Allison@garcia.com,06-01-1965,4971100,Pamela,Allison,19650106,56,true,invalid_mobile,input_batches/applications_dataset_1.csv
Cynthia Harrington,Cynthia_Harrington@adams.info,07/24/1979,4887 9875,Cynthia,Harrington,19790724,42,true,invalid_email,input_batches/applications_dataset_1.csv
Heidi Brown,Heidi_Brown@molina.com,1990/12/24,320787,Heidi,Brown,19901224,31,true,invalid_mobile,input_batches/applications_dataset_1.csv
Kathryn Graham,Kathryn_Graham@wright.com,1984/09/06,776895,Kathryn,Graham,19840906,37,true,invalid_mobile,input_batches/applications_dataset_1.csv
Samantha Strickland,Samantha_Strickland@edwards.net,2011/07/26,3009630,Samantha,Strickland,20110726,10,false,under_18;invalid_mobile,input_batches/applications_dataset_1.csv
Kimberly Gilbert,Kimberly_Gilbert@huff-grant.net,21-06-1992,20011,Kimberly,Gilbert,19920621,29,true,invalid_mobile,input_batches/applications_dataset_1.csv
Laura King,Laura_King@allen.info,10/14/2013,49261,Laura,King,20131014,8,false,under_18;invalid_mobile;invalid_email,input_batches/applications_dataset_1.csv
Janet Perez,Janet_Perez@trevino.com,2013-05-08,70551,Janet,Perez,20130508,8,false,under_18;invalid_mobile,input_batches/applications_dataset_1.csv
George Hunt,George_Hunt@evans.com,10/25/1970,704277,George,Hunt,19701025,51,true,invalid_mobile,input_batches/applications_dataset_1.csv
Randy Taylor,Randy_Taylor@butler-walker.biz,24-09-1987,1290241,Randy,Taylor,19870924,34,true,invalid_mobile;invalid_email,input_batches/applications_dataset_1.csv
Mark Hensley,Mark_Hensley@newton.net,08-11-1991,397449,Mark,Hensley,19911108,30,true,invalid_mobile,input_batches/applications_dataset_1.csv
Elizabeth Woodard,Elizabeth_Woodard@wilson.org,1997-12-11,87081,Elizabeth,Woodard,19971211,24,true,invalid_mobile;invalid_email,input_batches/applications_dataset_1.csv
Amanda Snow,Amanda_Snow@bryan-andrews.com,20-12-1956,525699,Amanda,Snow,19561220,65,true,invalid_mobile,input_batches/applications_dataset_1.csv
Colton Porter,Colton_Porter@serrano-woods.org,1984/08/01,6956125,Colton,Porter,19840801,37,true,invalid_mobile;invalid_email,input_batches/applications_dataset_1.csv
Barbara Aguilar,Barbara_Aguilar@jordan.com,09/18/1985,736605,Barbara,Aguilar,19850918,36,true,invalid_mobile,input_batches/applications_dataset_1.csv
Michael Brady,Michael_Brady@miller.biz,13-01-1983,56592895,Michael,Brady,19830113,38,true,invalid_email,input_batches/applications_dataset_1.csv
Donna Little,Donna_Little@taylor.com,11/16/1991,322215,Donna,Little,19911116,30,true,invalid_mobile,input_batches/applications_dataset_1.csv
Caitlin Espinoza,Caitlin_Espinoza@koch-thompson.com,1987-06-02,3313605,Caitlin,Espinoza,19870602,34,true,invalid_mobile,input_batches/applications_dataset_1.csv
Michael Mccarthy Jr.,Michael_Mccarthy@estrada.com,1950/08/26,7283109,Michael,Mccarthy,19500826,71,true,invalid_mobile,input_batches/applications_dataset_1.csv
Michael Moore,Michael_Moore@keller.org,1968/10/25,42831,Michael,Moore,19681025,53,true,invalid_mobile;invalid_email,input_batches/applications_dataset_1.csv
Brian Little,Brian_Little@pierce.biz,12/22/1972,5471495,Brian,Little,19721222,49,true,invalid_mobile;invalid_email,input_batches/applications_dataset_1.csv
Mr. Robert Davis MD,Robert_Davis@miller.com,01-06-1986,36886,Robert,Davis,19860601,35,true,invalid_mobile,input_batches/applications_dataset_1.csv
Miranda Phillips,Miranda_Phillips@riley.info,11/01/1994,251577,Miranda,Phillips,19941101,27,true,invalid_mobile;invalid_email,input_batches/applications_dataset_1.csv
Jonathan Garrison,Jonathan_Garrison@hernandez.com,08/01/1983,625935,Jonathan,Garrison,19830801,38,true,invalid_mobile,input_batches/applications_dataset_1.csv
Anthony Guerrero,Anthony_Guerrero@johnson.com,1985/06/02,4294158,Anthony,Guerrero,19850602,36,true,invalid_mobile,input_batches/applications_dataset_1.csv
Kenneth Bryant,Kenneth_Bryant@matthews.info,12/26/1979,701211,Kenneth,Bryant,19791226,42,true,invalid_mobile;invalid_email,input_batches/applications_dataset_1.csv
Amy Brown,Amy_Brown@simon.org,2010/01/26,41431,Amy,Brown,20100126,11,false,under_18;invalid_mobile;invalid_email,input_batches/applications_dataset_1.csv
Robert Morris,Robert_Morris@miller-moore.net,1988/09/04,4670555,Robert,Morris,19880904,33,true,invalid_mobile,input_batches/applications_dataset_1.csv
Carrie Lyons,Carrie_Lyons@rodriguez-cohen.org,2017/10/25,31306,Carrie,Lyons,20171025,4,false,under_18;invalid_mobile;invalid_email,input_batches/applications_dataset_1.csv
Laura Graves,Laura_Graves@brock.info,05-01-1958,64331,Laura,Graves,19580105,63,true,invalid_mobile;invalid_email,input_batches/applications_dataset_1.csv
Jaime Lucas,Jaime_Lucas@robinson-fisher.info,31-10-1967,69701,Jaime,Lucas,19671031,54,true,invalid_mobile;invalid_email,input_batches/applications_dataset_1.csv
Jordan Pearson,Jordan_Pearson@campbell-hamilton.com,1960/10/05,8802151,Jordan,Pearson,19601005,61,true,invalid_mobile,input_batches/applications_dataset_1.csv
Nicholas Martinez,Nicholas_Martinez@white.net,11/26/1951,2031674,Nicholas,Martinez,19511126,70,true,invalid_mobile,input_batches/applications_dataset_1.csv
Mary Padilla,Mary_Padilla@young-garcia.org,05/03/1957,637371,Mary,Padilla,19570503,64,true,invalid_mobile;invalid_email,input_batches/applications_dataset_1.csv
Scott Chapman,Scott_Chapman@davidson.net,06-02-1958,806871,Scott,Chapman,19580206,63,true,invalid_mobile,input_batches/applications_dataset_1.csv
Pamela Bridges,Pamela_Bridges@marshall-collins.org,1970/11/10,61041,Pamela,Bridges,19701110,51,true,invalid_mobile;invalid_email,input_batches/applications_dataset_1.csv
Wanda Collins,Wanda_Collins@parker-tate.com,1971/01/25,522993,Wanda,Collins,19710125,50,true,invalid_mobile,input_batches/applications_dataset_1.csv
Amanda Norris,Amanda_Norris@perez-oconnell.org,12-01-2002,2120665,Amanda,Norris,20020112,19,true,invalid_mobile;invalid_email,input_batches/applications_dataset_1.csv
Brian Pham,Brian_Pham@allen.info,1986/01/27,35052023,Brian,Pham,19860127,35,true,invalid_email,input_batches/applications_dataset_1.csv
Jamie Young,Jamie_Young@bell.com,02-11-1958,429465,Jamie,Young,19581102,63,true,invalid_mobile,input_batches/applications_dataset_1.csv
Brian Peterson,Brian_Peterson@brown-martinez.com,05-04-1962,91301,Brian,Peterson,19620405,59,true,invalid_mobile,input_batches/applications_dataset_1.csv
Lisa Warren,Lisa_Warren@watts.com,06-04-2007,139875,Lisa,Warren,20070406,14,false,under_18;invalid_mobile,input_batches/applications_dataset_1.csv
Lacey Rosales,Lacey_Rosales@bennett-singh.com,19-10-2010,314373,Lacey,Rosales,20101019,11,false,under_18;invalid_mobile,input_batches/applications_dataset_1.csv
Timothy Nguyen,Timothy_Nguyen@johnson-jacobs.biz,2001/11/29,68379127,Timothy,Nguyen,20011129,20,true,invalid_email,input_batches/applications_dataset_1.csv
Daniel Harper,Daniel_Harper@huang-moody.org,1966/04/02,932085,Daniel,Harper,19660402,55,true,invalid_mobile;invalid_email,input_batches/applications_dataset_1.csv
Barbara Smith,Barbara_Smith@aguirre.biz,1994/07/23,488889,Barbara,Smith,19940723,27,true,invalid_mobile;invalid_email,input_batches/applications_dataset_1.csv
Holly Brown,Holly_Brown@graham.com,2015/08/17,1129115,Holly,Brown,20150817,6,false,under_18;invalid_mobile,input_batches/applications_dataset_1.csv
Wesley Cunningham,Wesley_Cunningham@booth-simmons.com,12/15/2008,3895 9971,Wesley,Cunningham,20081215,13,false,under_18,input_batches/applications_dataset_1.csv
Rachel Mason,Rachel_Mason@kelly.com,1950-07-23,71851,Rachel,Mason,19500723,71,true,invalid_mobile,input_batches/applications_dataset_1.csv
Alicia Case,Alicia_Case@moore.info,1996-08-10,56511,Alicia,Case,19960810,25,true,invalid_mobile;invalid_email,input_batches/applications_dataset_1.csv
Thomas Wright,Thomas_Wright@pacheco.com,1960-07-29,86461,Thomas,Wright,19600729,61,true,invalid_mobile,input_batches/applications_dataset_1.csv
Kelsey Collins,Kelsey_Collins@carter.org,2010/01/07,82451,Kelsey,Collins,20100107,11,false,under_18;invalid_mobile;invalid_email,input_batches/applications_dataset_1.csv
Michael Hodges,Michael_Hodges@foster.com,10/07/1978,5221231,Michael,Hodges,19781007,43,true,invalid_mobile,input_batches/applications_dataset_1.csv
Elizabeth Gutierrez,Elizabeth_Gutierrez@rhodes.biz,02/09/2000,866985,Elizabeth,Gutierrez,20000209,21,true,invalid_mobile;invalid_email,input_batches/applications_dataset_1.csv
Scott Brown,Scott_Brown@scott.com,1950-01-26,84341,Scott,Brown,19500126,71,true,invalid_mobile,input_batches/applications_dataset_1.csv
Melvin Wiley,Melvin_Wiley@simpson-schneider.info,05-07-1970,1957019,Melvin,Wiley,19700705,51,true,invalid_mobile;invalid_email,input_batches/applications_dataset_1.csv
Stephanie Haas,Stephanie_Haas@smith.com,1980-08-02,94971,Stephanie,Haas,19800802,41,true,invalid_mobile,input_batches/applications_dataset_1.csv
Lisa Medina,Lisa_Medina@harris.com,1956-06-16,81656,Lisa,Medina,19560616,65,true,invalid_mobile,input_batches/applications_dataset_1.csv
Susan Lane,Susan_Lane@archer-warner.biz,2012/12/27,22551711,Susan,Lane,20121227,9,false,under_18;invalid_email,input_batches/applications_dataset_1.csv
William Tran,William_Tran@williams.com,01-11-1956,7430774,William,Tran,19561101,65,true,invalid_mobile,input_batches/applications_dataset_1.csv
Savannah Holland,Savannah_Holland@williams-kelly.com,2004-07-04,79359575,Savannah,Holland,20040704,17,false,under_18,input_batches/applications_dataset_1.csv
Crystal Vega,Crystal_Vega@bradford.com,27-06-1954,99496,Crystal,Vega,19540627,67,true,invalid_mobile,input_batches/applications_dataset_1.csv
Erika Espinoza,Erika_Espinoza@mitchell.com,08/24/1997,766575,Erika,Espinoza,19970824,24,true,invalid_mobile,input_batches/applications_dataset_1.csv
Deborah Jones,Deborah_Jones@brown.info,06/07/1990,337743,Deborah,Jones,19900607,31,true,invalid_mobile;invalid_email,input_batches/applications_dataset_1.csv
Kirsten Williams,Kirsten_Williams@mitchell.info,12/04/1951,2819 3351,Kirsten,Williams,19511204,70,true,invalid_email,input_batches/applications_dataset_1.csv
Charles Patel,Charles_Patel@rivas.biz,1965-01-13,119961,Charles,Patel,19650113,56,true,invalid_mobile;invalid_email,input_batches/applications_dataset_1.csv
Misty Ramirez,Misty_Ramirez@waters-turner.org,1976-01-07,246471,Misty,Ramirez,19760107,45,true,invalid_mobile;invalid_email,input_batches/applications_dataset_1.csv
Mark Bowman,Mark_Bowman@lam-valentine.com,05/31/1982,22876,Mark,Bowman,19820531,39,true,invalid_mobile,input_batches/applications_dataset_1.csv
Christina Orr,Christina_Orr@marquez.com,2004-12-14,9889090,Christina,Orr,20041214,17,false,under_18;invalid_mobile,input_batches/applications_dataset_1.csv
Brian Bridges,Brian_Bridges@hobbs.biz,2013-08-12,4455655,Brian,Bridges,20130812,8,false,under_18;invalid_mobile;invalid_email,input_batches/applications_dataset_1.csv
Mike Hale,Mike_Hale@hall.net,08-11-1984,144735,Mike,Hale,19841108,37,true,invalid_mobile,input_batches/applications_dataset_1.csv
Amanda Allen,Amanda_Allen@cross-johnson.com,1978-04-17,420549,Amanda,Allen,19780417,43,true,invalid_mobile,input_batches/applications_dataset_1.csv
Robert Hernandez,Robert_Hernandez@bush.com,26-02-1995,3890454,Robert,Hernandez,19950226,26,true,invalid_mobile,input_batches/applications_dataset_1.csv
Brandon Bernard,Brandon_Bernard@pierce.com,1962/04/17,392397,Brandon,Bernard,19620417,59,true,invalid_mobile,input_batches/applications_dataset_1.csv
Dan Young,Dan_Young@smith.com,23-09-1998,1156877,Dan,Young,19980923,23,true,invalid_mobile,input_batches/applications_dataset_1.csv
Jonathan Nguyen,Jonathan_Nguyen@cooley.com,2009/10/02,8036036,Jonathan,Nguyen,20091002,12,false,under_18;invalid_mobile,input_batches/applications_dataset_1.csv
Mary Sandoval,Mary_Sandoval@gomez-baker.com,1990-05-05,728007,Mary,Sandoval,19900505,31,true,invalid_mobile,input_batches/applications_dataset_1.csv
Bryan Clark,Bryan_Clark@walsh-miles.com,22-01-1950,60216,Bryan,Clark,19500122,71,true,invalid_mobile,input_batches/applications_dataset_1.csv
Tina Weaver,Tina_Weaver@hoffman-clarke.info,25-03-1987,47969919,Tina,Weaver,19870325,34,true,invalid_email,input_batches/applications_dataset_1.csv
Joseph Huynh,Joseph_Huynh@meyer.com,15-03-1965,6006071,Joseph,Huynh,19650315,56,true,invalid_mobile,input_batches/applications_dataset_1.csv
Kelly Meyer,Kelly_Meyer@bennett.com,07/30/2015,49126,Kelly,Meyer,20150730,6,false,under_18;invalid_mobile,input_batches/applications_dataset_1.csv
Mary Clark,Mary_Clark@kennedy-barker.net,28-01-1950,130575,Mary,Clark,19500128,71,true,invalid_mobile,input_batches/applications_dataset_1.csv
Jonathan Adams,Jonathan_Adams@brown-castro.info,1991-01-29,46051,Jonathan,Adams,19910129,30,true,invalid_mobile;invalid_email,input_batches/applications_dataset_1.csv
Jeremy Henderson,Jeremy_Henderson@stanton.net,1993-01-30,29156,Jeremy,Henderson,19930130,28,true,invalid_mobile,input_batches/applications_dataset_1.csv
Edward King,Edward_King@bright.info,1955-12-18,87986,Edward,King,19551218,66,true,invalid_mobile;invalid_email,input_batches/applications_dataset_1.csv
Michael Taylor,Michael_Taylor@hernandez-lamb.com,02/08/2014,321063,Michael,Taylor,20140208,7,false,under_18;invalid_mobile,input_batches/applications_dataset_1.csv
James House,James_House@chavez.biz,16-05-1963,487995,James,House,19630516,58,true,invalid_mobile;invalid_email,input_batches/applications_dataset_1.csv
Pamela Kelley,Pamela_Kelley@mooney-williams.org,1982/11/25,323007,Pamela,Kelley,19821125,39,true,invalid_mobile;invalid_email,input_batches/applications_dataset_1.csv
Carolyn Sanchez,Carolyn_Sanchez@cunningham.net,28-11-2011,60183815,Carolyn,Sanchez,20111128,10,false,under_18,input_batches/applications_dataset_1.csv
Jacqueline Johnson,Jacqueline_Johnson@johnston.com,2007/10/14,20215991,Jacqueline,Johnson,20071014,14,false,under_18,input_batches/applications_dataset_1.csv
Aaron Gardner,Aaron_Gardner@briggs.com,27-01-2008,2176889,Aaron,Gardner,20080127,13,false,under_18;invalid_mobile,input_batches/applications_dataset_1.csv
Randall Kemp,Randall_Kemp@jenkins.net,24-09-1997,226959,Randall,Kemp,19970924,24,true,invalid_mobile,input_batches/applications_dataset_1.csv
Kristen Flores,Kristen_Flores@watkins.com,1995/03/28,756093,Kristen,Flores,19950328,26,true,invalid_mobile,input_batches/applications_dataset_1.csv
Robert Wilson,Robert_Wilson@webster-cooper.com,1958-08-18,371427,Robert,Wilson,19580818,63,true,invalid_mobile,input_batches/applications_dataset_1.csv
John Taylor,John_Taylor@jones.biz,07/25/1982,93261,John,Taylor,19820725,39,true,invalid_mobile;invalid_email,input_batches/applications_dataset_1.csv
Misty Mckinney,Misty_Mckinney@zimmerman.net,1987-04-26,587367,Misty,Mckinney,19870426,34,true,invalid_mobile,input_batches/applications_dataset_1.csv
Craig Smith,Craig_Smith@anderson.com,03/23/1978,33481,Craig,Smith,19780323,43,true,invalid_mobile,input_batches/applications_dataset_1.csv
Brianna Long,Brianna_Long@booth.net,1994/04/03,88226,Brianna,Long,19940403,27,true,invalid_mobile,input_batches/applications_dataset_1.csv
Ms. Hailey Fisher,Hailey_Fisher@diaz.com,2018-09-25,258189,Hailey,Fisher,20180925,3,false,under_18;invalid_mobile,input_batches/applications_dataset_1.csv
Elizabeth Cantrell,Elizabeth_Cantrell@hutchinson.com,03-05-1951,78986,Elizabeth,Cantrell,19510503,70,true,invalid_mobile,input_batches/applications_dataset_1.csv
Jennifer Ortiz,Jennifer_Ortiz@waters-cervantes.info,07/07/1981,2347 6599,Jennifer,Ortiz,19810707,40,true,invalid_email,input_batches/applications_dataset_1.csv
Dr. Charles Rose,Charles_Rose@walker.com,1955/11/20,4900995,Charles,Rose,19551120,66,true,invalid_mobile,input_batches/applications_dataset_1.csv
James Casey,James_Casey@morrison.info,1986-07-28,1168350,James,Casey,19860728,35,true,invalid_mobile;invalid_email,input_batches/applications_dataset_1.csv
Hector Stanton,Hector_Stanton@baxter-rios.biz,06/17/1963,78586,Hector,Stanton,19630617,58,true,invalid_mobile;invalid_email,input_batches/applications_dataset_1.csv
Dustin Watkins,Dustin_Watkins@coleman.com,06/09/2005,737823,Dustin,Watkins,20050609,16,false,under_18;invalid_mobile,input_batches/applications_dataset_1.csv
Chloe Pham,Chloe_Pham@porter.info,05/14/1957,9514254,Chloe,Pham,19570514,64,true,invalid_mobile;invalid_email,input_batches/applications_dataset_1.csv
Jordan White,Jordan_White@sandoval.net,15-09-1988,557379,Jordan,White,19880915,33,true,invalid_mobile,input_batches/applications_dataset_1.csv
Melissa Reese,Melissa_Reese@phillips.com,1966/12/20,22241,Melissa,Reese,19661220,55,true,invalid_mobile,input_batches/applications_dataset_1.csv
Mr. Gary Taylor,Gary_Taylor@donaldson.com,01/31/1994,49861,Gary,Taylor,19940131,27,true,invalid_mobile,input_batches/applications_dataset_1.csv
Michele West,Michele_West@francis-stewart.info,05/05/1964,594297,Michele,West,19640505,57,true,invalid_mobile;invalid_email,input_batches/applications_dataset_1.csv
Jennifer Baker,Jennifer_Baker@mckinney.net,10-01-1960,988317,Jennifer,Baker,19600110,61,true,invalid_mobile,input_batches/applications_dataset_1.csv
Andre Brown,Andre_Brown@reed.biz,1990-02-06,320577,Andre,Brown,19900206,31,true,invalid_mobile;invalid_email,input_batches/applications_dataset_1.csv
Joseph Murphy,Joseph_Murphy@williams.com,07/09/2011,21126,Joseph,Murphy,20110709,10,false,under_18;invalid_mobile,input_batches/applications_dataset_1.csv
Cole Harris,Cole_Harris@valdez.org,16-02-1962,7598809,Cole,Harris,19620216,59,true,invalid_mobile;invalid_email,input_batches/applications_dataset_1.csv
Kimberly Levy,Kimberly_Levy@montoya.org,13-10-1958,935493,Kimberly,Levy,19581013,63,true,invalid_mobile;invalid_email,input_batches/applications_dataset_1.csv
Brianna Ford,Brianna_Ford@jenkins.com,09-12-2004,419265,Brianna,Ford,20041209,17,false,under_18;invalid_mobile,input_batches/applications_dataset_1.csv
Bryan Santiago,Bryan_Santiago@schneider-grimes.com,1988-01-23,713793,Bryan,Santiago,19880123,33,true,invalid_mobile,input_batches/applications_dataset_1.csv
Michelle Walker,Michelle_Walker@zavala-frey.com,1987/08/25,289053,Michelle,Walker,19870825,34,true,invalid_mobile,input_batches/applications_dataset_1.csv
David Lewis,David_Lewis@davis-anderson.com,1974/03/06,43571,David,Lewis,19740306,47,true,invalid_mobile,input_batches/applications_dataset_1.csv
Molly Henry,Molly_Henry@guzman.com,1974-07-23,8235536,Molly,Henry,19740723,47,true,invalid_mobile,input_batches/applications_dataset_1.csv
Michaela Sanchez,Michaela_Sanchez@fernandez.net,23-07-1964,483513,Michaela,Sanchez,19640723,57,true,invalid_mobile,input_batches/applications_dataset_1.csv
Samantha Ramirez,Samantha_Ramirez@garcia-gay.com,02/09/1954,5432722,Samantha,Ramirez,19540209,67,true,invalid_mobile,input_batches/applications_dataset_1.csv
Matthew Kramer DDS,Matthew_Kramer@martinez.com,08-09-1980,3669289,Matthew,Kramer,19800908,41,true,invalid_mobile,input_batches/applications_dataset_1.csv
Stephanie Marquez,Stephanie_Marquez@le.info,05/29/2007,643491,Stephanie,Marquez,20070529,14,false,under_18;invalid_mobile;invalid_email,input_batches/applications_dataset_1.csv
Maria Short,Maria_Short@le.com,1989-05-01,37876,Maria,Short,19890501,32,true,invalid_mobile,input_batches/applications_dataset_1.csv
Sandra Hawkins,Sandra_Hawkins@wilson-little.com,04/19/2012,1614656,Sandra,Hawkins,20120419,9,false,under_18;invalid_mobile,input_batches/applications_dataset_1.csv
James Copeland,James_Copeland@steele.com,2016/04/24,5070129,James,Copeland,20160424,5,false,under_18;invalid_mobile,input_batches/applications_dataset_1.csv
Roberto Chapman,Roberto_Chapman@anderson.com,12/14/2011,62741,Roberto,Chapman,20111214,10,false,under_18;invalid_mobile,input_batches/applications_dataset_1.csv
Douglas Murphy,Douglas_Murphy@weaver.net,01/12/2002,620229,Douglas,Murphy,20020112,19,true,invalid_mobile,input_batches/applications_dataset_1.csv
Lori Chavez DDS,Lori_Chavez@daniel.com,1954-09-30,96146,Lori,Chavez,19540930,67,true,invalid_mobile,input_batches/applications_dataset_1.csv
Cynthia Weaver,Cynthia_Weaver@smith-castillo.net,08/08/1959,387297,Cynthia,Weaver,19590808,62,true,invalid_mobile,input_batches/applications_dataset_1.csv
Christopher Charles,Christopher_Charles@sawyer.biz,1957/08/24,59306,Christopher,Charles,19570824,64,true,invalid_mobile;invalid_email,input_batches/applications_dataset_1.csv
Joshua Thompson,Joshua_Thompson@wright.biz,01/12/1999,36761,Joshua,Thompson,19990112,22,true,invalid_mobile;invalid_email,input_batches/applications_dataset_1.csv
Kimberly Torres,Kimberly_Torres@lee.biz,23-06-1985,93336,Kimberly,Torres,19850623,36,true,invalid_mobile;invalid_email,input_batches/applications_dataset_1.csv
Scott Webb,Scott_Webb@hurst.com,2017-08-02,732903,Scott,Webb,20170802,4,false,under_18;invalid_mobile,input_batches/applications_dataset_1.csv
Karen Luna,Karen_Luna@miller-lopez.com,30-04-1959,143907,Karen,Luna,19590430,62,true,invalid_mobile,input_batches/applications_dataset_1.csv
Shane Bradley,Shane_Bradley@pratt-roberts.info,05-10-1976,32566207,Shane,Bradley,19761005,45,true,invalid_email,input_batches/applications_dataset_1.csv
Shelly Long,Shelly_Long@sutton.org,04-05-2010,79230711,Shelly,Long,20100504,11,false,under_18;invalid_email,input_batches/applications_dataset_1.csv
Russell Medina,Russell_Medina@smith-bell.info,05/08/1996,9904399,Russell,Medina,19960508,25,true,invalid_mobile;invalid_email,input_batches/applications_dataset_1.csv
Anne Baker,Anne_Baker@buckley-curtis.net,1959-10-03,912489,Anne,Baker,19591003,62,true,invalid_mobile,input_batches/applications_dataset_1.csv
Christopher Jones,Christopher_Jones@wilson.net,28-05-2009,99596183,Christopher,Jones,20090528,12,false,under_18,input_batches/applications_dataset_1.csv
Kelly Espinoza,Kelly_Espinoza@davidson.com,30-03-1953,9252664,Kelly,Espinoza,19530330,68,true,invalid_mobile,input_batches/applications_dataset_1.csv
Rachel Martinez,Rachel_Martinez@goodwin.org,02/02/2016,1323 2735,Rachel,Martinez,20160202,5,false,under_18;invalid_email,input_batches/applications_dataset_1.csv
Lori Reese,Lori_Reese@terry.info,1966-01-17,66811,Lori,Reese,19660117,55,true,invalid_mobile;invalid_email,input_batches/applications_dataset_1.csv
Austin Roth,Austin_Roth@ramsey.com,2014-02-19,4974327,Austin,Roth,20140219,7,false,under_18;invalid_mobile,input_batches/applications_dataset_1.csv
Timothy Edwards,Timothy_Edwards@wheeler.net,25-11-1950,61776,Timothy,Edwards,19501125,71,true,invalid_mobile,input_batches/applications_dataset_1.csv
Michael Knight,Michael_Knight@blanchard.com,07-11-1972,64146,Michael,Knight,19721107,49,true,invalid_mobile,input_batches/applications_dataset_1.csv
Nicolas Ray,Nicolas_Ray@lynch-richards.net,2007-01-15,97346,Nicolas,Ray,20070115,14,false,under_18;invalid_mobile,input_batches/applications_dataset_1.csv
Tracy Butler,Tracy_Butler@allison.info,02/05/1957,4543 5383,Tracy,Butler,19570205,64,true,invalid_email,input_batches/applications_dataset_1.csv
Brian Novak,Brian_Novak@ross.com,05-02-1995,4886141,Brian,Novak,19950205,26,true,invalid_mobile,input_batches/applications_dataset_1.csv
Mario Humphrey,Mario_Humphrey@short.com,1950-07-07,6814270,Mario,Humphrey,19500707,71,true,invalid_mobile,input_batches/applications_dataset_1.csv
Kelly Mcdonald,Kelly_Mcdonald@carr.com,2004-06-06,255639,Kelly,Mcdonald,20040606,17,false,under_18;invalid_mobile,input_batches/applications_dataset_1.csv
Melinda Smith,Melinda_Smith@castro-parker.info,1997-10-24,6609520,Melinda,Smith,19971024,24,true,invalid_mobile;invalid_email,input_batches/applications_dataset_1.csv
Emily Sanchez,Emily_Sanchez@dillon-chavez.org,03-06-1987,252231,Emily,Sanchez,19870603,34,true,invalid_mobile;invalid_email,input_batches/applications_dataset_1.csv
Dana Vega,Dana_Vega@jones.info,17-08-1953,8481824,Dana,Vega,19530817,68,true,invalid_mobile;invalid_email,input_batches/applications_dataset_1.csv
Jessica Cortez,Jessica_Cortez@newton.biz,1962/10/24,5671478,Jessica,Cortez,19621024,59,true,invalid_mobile;invalid_email,input_batches/applications_dataset_1.csv
Kelly Olson,Kelly_Olson@phillips-clay.com,1965/07/31,8275268,Kelly,Olson,19650731,56,true,invalid_mobile,input_batches/applications_dataset_1.csv
Timothy Gallegos Jr.,Timothy_Gallegos@jenkins-murphy.net,06/30/1955,6378639,Timothy,Gallegos,19550630,66,true,invalid_mobile,input_batches/applications_dataset_1.csv
Jonathan Cummings,Jonathan_Cummings@baker-harding.org,03-03-1963,4021585,Jonathan,Cummings,19630303,58,true,invalid_mobile;invalid_email,input_batches/applications_dataset_1.csv
Steven Johnson,Steven_Johnson@hoffman-frazier.biz,05-10-2008,32111095,Steven,Johnson,20081005,13,false,under_18;invalid_email,input_batches/applications_dataset_1.csv
Christopher Sullivan,Christopher_Sullivan@clayton.org,15-05-2007,808959,Christopher,Sullivan,20070515,14,false,under_18;invalid_mobile;invalid_email,input_batches/applications_dataset_1.csv
Michael Nguyen,Michael_Nguyen@miller.biz,1995-02-02,678231,Michael,Nguyen,19950202,26,true,invalid_mobile;invalid_email,input_batches/applications_dataset_1.csv
Kevin Foster,Kevin_Foster@garcia.com,1999/02/02,994545,Kevin,Foster,19990202,22,true,invalid_mobile,input_batches/applications_dataset_1.csv
Jennifer Preston,Jennifer_Preston@armstrong-harris.com,10-12-1991,74641,Jennifer,Preston,19911210,30,true,invalid_mobile,input_batches/applications_dataset_1.csv
Mary Chapman,Mary_Chapman@espinoza.info,1977-04-16,5702362,Mary,Chapman,19770416,44,true,invalid_mobile;invalid_email,input_batches/applications_dataset_1.csv
Marc Collins,Marc_Collins@richardson.com,1959/03/16,26381,Marc,Collins,19590316,62,true,invalid_mobile,input_batches/applications_dataset_1.csv
Amber Sims,Amber_Sims@murphy.biz,1973-03-27,43947559,Amber,Sims,19730327,48,true,invalid_email,input_batches/applications_dataset_1.csv
Shawn Kennedy,Shawn_Kennedy@hanson.net,24-04-2007,3258991,Shawn,Kennedy,20070424,14,false,under_18;invalid_mobile,input_batches/applications_dataset_1.csv
Christine Farmer,Christine_Farmer@obrien.biz,23-09-1955,9091405,Christine,Farmer,19550923,66,true,invalid_mobile;invalid_email,input_batches/applications_dataset_1.csv
Pam Martinez,Pam_Martinez@stephens.com,02-04-1965,61196,Pam,Martinez,19650402,56,true,invalid_mobile,input_batches/applications_dataset_1.csv
Lisa Thompson,Lisa_Thompson@howard-caldwell.com,2015/01/02,974673,Lisa,Thompson,20150102,6,false,under_18;invalid_mobile,input_batches/applications_dataset_1.csv
John Bennett,John_Bennett@leon.com,2015-02-26,86701,John,Bennett,20150226,6,false,under_18;invalid_mobile,input_batches/applications_dataset_1.csv
Ronald Dixon,Ronald_Dixon@hale-kirk.com,05/07/1992,59611,Ronald,Dixon,19920507,29,true,invalid_mobile,input_batches/applications_dataset_1.csv
Carrie Jones,Carrie_Jones@fox.biz,1956/10/17,9685145,Carrie,Jones,19561017,65,true,invalid_mobile;invalid_email,input_batches/applications_dataset_1.csv
Tiffany Carrillo,Tiffany_Carrillo@hoover-brown.org,1993-05-16,72843351,Tiffany,Carrillo,19930516,28,true,invalid_email,input_batches/applications_dataset_1.csv
Katie Hanna,Katie_Hanna@chavez.com,06/28/1984,632367,Katie,Hanna,19840628,37,true,invalid_mobile,input_batches/applications_dataset_1.csv
Seth Villanueva,Seth_Villanueva@mccoy-west.info,1969/05/02,852117,Seth,Villanueva,19690502,52,true,invalid_mobile;invalid_email,input_batches/applications_dataset_1.csv
Donna Lewis,Donna_Lewis@myers-dominguez.org,1980-04-22,86779671,Donna,Lewis,19800422,41,true,invalid_email,input_batches/applications_dataset_1.csv
Tina Hunter,Tina_Hunter@peterson.info,1968/08/01,495393,Tina,Hunter,19680801,53,true,invalid_mobile;invalid_email,input_batches/applications_dataset_1.csv
Sheri Beck,Sheri_Beck@lewis.info,21-01-1966,801807,Sheri,Beck,19660121,55,true,invalid_mobile;invalid_email,input_batches/applications_dataset_1.csv
Kristen Hall,Kristen_Hall@clay.com,1981/06/02,678123,Kristen,Hall,19810602,40,true,invalid_mobile,input_batches/applications_dataset_1.csv
Douglas Morgan,Douglas_Morgan@fritz-duncan.biz,1952-03-20,51636655,Douglas,Morgan,19520320,69,true,invalid_email,input_batches/applications_dataset_1.csv
Zachary Miller,Zachary_Miller@shelton.com,1977-03-08,69166,Zachary,Miller,19770308,44,true,invalid_mobile,input_batches/applications_dataset_1.csv
Teresa Collins,Teresa_Collins@reed.net,1950/01/17,41601,Teresa,Collins,19500117,71,true,invalid_mobile,input_batches/applications_dataset_1.csv
Devon Roberts,Devon_Roberts@lewis.biz,2003-10-30,81450999,Devon,Roberts,20031030,18,false,under_18;invalid_email,input_batches/applications_dataset_1.csv
Amy Gray,Amy_Gray@dunlap.org,1965-10-17,271761,Amy,Gray,19651017,56,true,invalid_mobile;invalid_email,input_batches/applications_dataset_1.csv
Tracy Wagner,Tracy_Wagner@anderson-martin.com,10/09/1959,748809,Tracy,Wagner,19591009,62,true,invalid_mobile,input_batches/applications_dataset_1.csv
Eric West,Eric_West@fields-brewer.com,21-02-2014,59066,Eric,West,20140221,7,false,under_18;invalid_mobile,input_batches/applications_dataset_1.csv
Denise Harper,Denise_Harper@lyons.com,01/07/2005,3642836,Denise,Harper,20050107,16,false,under_18;invalid_mobile,input_batches/applications_dataset_1.csv
Brianna Richards,Brianna_Richards@blevins.com,02-05-1967,784245,Brianna,Richards,19670502,54,true,invalid_mobile,input_batches/applications_dataset_1.csv
Shirley Garcia,Shirley_Garcia@byrd.com,1952-04-24,5999645,Shirley,Garcia,19520424,69,true,invalid_mobile,input_batches/applications_dataset_1.csv
James Byrd,James_Byrd@andersen-nguyen.net,22-02-1975,64951,James,Byrd,19750222,46,true,invalid_mobile,input_batches/applications_dataset_1.csv
Krista Mata,Krista_Mata@hernandez-glenn.biz,2005-12-12,715047,Krista,Mata,20051212,16,false,under_18;invalid_mobile;invalid_email,input_batches/applications_dataset_1.csv
Vernon Gomez,Vernon_Gomez@brown.net,29-11-2000,25171,Vernon,Gomez,20001129,21,true,invalid_mobile,input_batches/applications_dataset_1.csv
John Gilbert,John_Gilbert@williams.net,1963/03/27,65006,John,Gilbert,19630327,58,true,invalid_mobile,input_batches/applications_dataset_1.csv
Alicia Medina,Alicia_Medina@carrillo-may.com,05/04/1966,77576,Alicia,Medina,19660504,55,true,invalid_mobile,input_batches/applications_dataset_1.csv
Vanessa Campbell,Vanessa_Campbell@martinez.biz,01-01-1969,5662427,Vanessa,Campbell,19690101,53,true,invalid_mobile;invalid_email,input_batches/applications_dataset_1.csv
Pamela Berg,Pamela_Berg@robinson.com,2011-10-27,834261,Pamela,Berg,20111027,10,false,under_18;invalid_mobile,input_batches/applications_dataset_1.csv
Thomas Austin,Thomas_Austin@kline.com,27-10-1972,83171,Thomas,Austin,19721027,49,true,invalid_mobile,input_batches/applications_dataset_1.csv
Lindsey Powers,Lindsey_Powers@dixon.net,1976/12/27,33441,Lindsey,Powers,19761227,45,true,invalid_mobile,input_batches/applications_dataset_1.csv
Jacqueline Sawyer,Jacqueline_Sawyer@ruiz-marshall.com,24-04-1957,207027,Jacqueline,Sawyer,19570424,64,true,invalid_mobile,input_batches/applications_dataset_1.csv
Nancy Wilkins,Nancy_Wilkins@webster.biz,28-12-2013,439839,Nancy,Wilkins,20131228,8,false,under_18;invalid_mobile;invalid_email,input_batches/applications_dataset_1.csv
Shane White,Shane_White@mccoy.biz,04/21/1996,8925435,Shane,White,19960421,25,true,invalid_mobile;invalid_email,input_batches/applications_dataset_1.csv
Daniel Rivas,Daniel_Rivas@cain.net,2016/03/18,1239043,Daniel,Rivas,20160318,5,false,under_18;invalid_mobile,input_batches/applications_dataset_1.csv
Andrew Medina,Andrew_Medina@taylor-campbell.biz,23-04-2004,6951680,Andrew,Medina,20040423,17,false,under_18;invalid_mobile;invalid_email,input_batches/applications_dataset_1.csv
Donald Carson,Donald_Carson@robinson.com,01/17/1966,79831,Donald,Carson,19660117,55,true,invalid_mobile,input_batches/applications_dataset_1.csv
Jason Hamilton,Jason_Hamilton@lopez.net,2014/05/19,99086,Jason,Hamilton,20140519,7,false,under_18;invalid_mobile,input_batches/applications_dataset_1.csv
Mark Perez,Mark_Perez@mccall.com,1958-11-03,316719,Mark,Perez,19581103,63,true,invalid_mobile,input_batches/applications_dataset_1.csv
Christina Mann,Christina_Mann@watson.info,04/25/1953,1839 1991,Christina,Mann,19530425,68,true,invalid_email,input_batches/applications_dataset_1.csv
Matthew Miller,Matthew_Miller@jenkins-jackson.com,02/01/2006,220101,Matthew,Miller,20060201,15,false,under_18;invalid_mobile,input_batches/applications_dataset_1.csv
Nicholas Mccarthy,Nicholas_Mccarthy@williams.com,06-07-1963,9323910,Nicholas,Mccarthy,19630706,58,true,invalid_mobile,input_batches/applications_dataset_1.csv
John Barnett,John_Barnett@lewis.org,09/06/1973,713175,John,Barnett,19730906,48,true,invalid_mobile;invalid_email,input_batches/applications_dataset_1.csv
Paige Hudson,Paige_Hudson@harris-thomas.com,05-10-1974,29771,Paige,Hudson,19741005,47,true,invalid_mobile,input_batches/applications_dataset_1.csv
Dr. Edward Marshall MD,Edward_Marshall@estes-jensen.com,1977-11-24,47486,Edward,Marshall,19771124,44,true,invalid_mobile,input_batches/applications_dataset_1.csv
Gina Higgins,Gina_Higgins@boyer.com,1953/07/31,6852882,Gina,Higgins,19530731,68,true,invalid_mobile,input_batches/applications_dataset_1.csv
Linda Ellis,Linda_Ellis@gilbert.org,01/13/1958,41051,Linda,Ellis,19580113,63,true,invalid_mobile;invalid_email,input_batches/applications_dataset_1.csv
Daniel Wade,Daniel_Wade@taylor-bernard.org,2011/07/05,37401,Daniel,Wade,20110705,10,false,under_18;invalid_mobile;invalid_email,input_batches/applications_dataset_1.csv
Jessica Weiss,Jessica_Weiss@davidson.net,1972/02/06,565563,Jessica,Weiss,19720206,49,true,invalid_mobile,input_batches/applications_dataset_1.csv
Erik Aguilar,Erik_Aguilar@bates.com,1982/04/02,8425306,Erik,Aguilar,19820402,39,true,invalid_mobile,input_batches/applications_dataset_1.csv
Mr. Gregg Baker,Gregg_Baker@ho.info,03-09-2011,4201310,Gregg,Baker,20110903,10,false,under_18;invalid_mobile;invalid_email,input_batches/applications_dataset_1.csv
Bradley Compton,Bradley_Compton@west-lee.com,05/12/1988,1384293,Bradley,Compton,19880512,33,true,invalid_mobile,input_batches/applications_dataset_1.csv
Steve Mccall,Steve_Mccall@flores.com,20-07-1966,89186,Steve,Mccall,19660720,55,true,invalid_mobile,input_batches/applications_dataset_1.csv
Thomas Hull,Thomas_Hull@schmidt.com,12/19/2016,6123 5491,Thomas,Hull,20161219,5,false,under_18,input_batches/applications_dataset_1.csv
Carla Cunningham,Carla_Cunningham@barrett.com,12/12/1967,3770159,Carla,Cunningham,19671212,54,true,invalid_mobile,input_batches/applications_dataset_1.csv
Rachel Sullivan,Rachel_Sullivan@perkins.info,09/29/1982,5324222,Rachel,Sullivan,19820929,39,true,invalid_mobile;invalid_email,input_batches/applications_dataset_1.csv
Kayla Wright,Kayla_Wright@cook.com,24-02-2009,631197,Kayla,Wright,20090224,12,false,under_18;invalid_mobile,input_batches/applications_dataset_1.csv
Andrew Tanner,Andrew_Tanner@underwood.com,04/29/1995,309333,Andrew,Tanner,19950429,26,true,invalid_mobile,input_batches/applications_dataset_1.csv
Hunter Atkinson,Hunter_Atkinson@foster.com,05/22/1994,5743046,Hunter,Atkinson,19940522,27,true,invalid_mobile,input_batches/applications_dataset_1.csv
Richard Williams,Richard_Williams@vance-ramos.net,1982-05-03,14641,Richard,Williams,19820503,39,true,invalid_mobile,input_batches/applications_dataset_1.csv
Frank Martinez,Frank_Martinez@garcia-johnson.biz,26-08-2015,58076,Frank,Martinez,20150826,6,false,under_18;invalid_mobile;invalid_email,input_batches/applications_dataset_1.csv
Timothy Burns,Timothy_Burns@diaz.info,1967-07-03,2420132,Timothy,Burns,19670703,54,true,invalid_mobile;invalid_email,input_batches/applications_dataset_1.csv
Henry White DDS,Henry_White@daniels-lewis.com,2005/02/16,55186,Henry,White,20050216,16,false,under_18;invalid_mobile,input_batches/applications_dataset_1.csv
Amanda Mccoy,Amanda_Mccoy@hernandez.biz,1973/01/15,2033991,Amanda,Mccoy,19730115,48,true,invalid_mobile;invalid_email,input_batches/applications_dataset_1.csv
Pamela Cox,Pamela_Cox@oneill.com,05/21/1963,998991,Pamela,Cox,19630521,58,true,invalid_mobile,input_batches/applications_dataset_1.csv
Linda Ray,Linda_Ray@walters.net,10/22/1973,187113,Linda,Ray,19731022,48,true,invalid_mobile,input_batches/applications_dataset_1.csv
Stephen Reid,Stephen_Reid@howell.com,07-05-1997,958833,Stephen,Reid,19970507,24,true,invalid_mobile,input_batches/applications_dataset_1.csv
Kevin Landry,Kevin_Landry@miller-meyer.com,01/22/1999,6007009,Kevin,Landry,19990122,22,true,invalid_mobile,input_batches/applications_dataset_1.csv
Jamie Porter,Jamie_Porter@farmer-brown.com,1971/07/05,2761326,Jamie,Porter,19710705,50,true,invalid_mobile,input_batches/applications_dataset_1.csv
Victor Marsh,Victor_Marsh@smith-olson.org,09-08-1971,52026823,Victor,Marsh,19710809,50,true,invalid_email,input_batches/applications_dataset_1.csv
Mr. Ryan Rodriguez,Ryan_Rodriguez@green.com,10/16/2008,420789,Ryan,Rodriguez,20081016,13,false,under_18;invalid_mobile,input_batches/applications_dataset_1.csv
Brittany Bradley,Brittany_Bradley@green-allen.org,04/16/2005,3546383,Brittany,Bradley,20050416,16,false,under_18;invalid_mobile;invalid_email,input_batches/applications_dataset_1.csv
Amy Wallace,Amy_Wallace@martin-bolton.org,08/23/1973,738579,Amy,Wallace,19730823,48,true,invalid_mobile;invalid_email,input_batches/applications_dataset_1.csv
Timothy King,Timothy_King@johnson-smith.com,1953/10/01,669447,Timothy,King,19531001,68,true,invalid_mobile,input_batches/applications_dataset_1.csv
Jacqueline Briggs,Jacqueline_Briggs@howell-adams.info,1995/10/30,1979531,Jacqueline,Briggs,19951030,26,true,invalid_mobile;invalid_email,input_batches/applications_dataset_1.csv
Laurie Gonzales,Laurie_Gonzales@jones.net,26-07-1971,589965,Laurie,Gonzales,19710726,50,true,invalid_mobile,input_batches/applications_dataset_1.csv
Donald Molina,Donald_Molina@berry-duncan.net,09-10-2018,3528918,Donald,Molina,20181009,3,false,under_18;invalid_mobile,input_batches/applications_dataset_1.csv
Catherine Rodriguez,Catherine_Rodriguez@owens-gibson.com,1993/07/24,840063,Catherine,Rodriguez,19930724,28,true,invalid_mobile,input_batches/applications_dataset_1.csv
Mr. Daniel Torres,Daniel_Torres@dunlap.biz,04/23/1981,9875846,Daniel,Torres,19810423,40,true,invalid_mobile;invalid_email,input_batches/applications_dataset_1.csv
David Shepherd,David_Shepherd@thompson.com,13-08-1953,8071239,David,Shepherd,19530813,68,true,invalid_mobile,input_batches/applications_dataset_1.csv
Jonathan Hansen,Jonathan_Hansen@wright.info,1977/08/29,28556,Jonathan,Hansen,19770829,44,true,invalid_mobile;invalid_email,input_batches/applications_dataset_1.csv
Benjamin Griffin,Benjamin_Griffin@brown.org,29-01-1962,17280391,Benjamin,Griffin,19620129,59,true,invalid_email,input_batches/applications_dataset_1.csv
Tracey Hess,Tracey_Hess@thompson-moore.biz,08-11-1980,3512601,Tracey,Hess,19801108,41,true,invalid_mobile;invalid_email,input_batches/applications_dataset_1.csv
Victoria Walker,Victoria_Walker@jacobs.biz,1965-12-01,76041,Victoria,Walker,19651201,56,true,invalid_mobile;invalid_email,input_batches/applications_dataset_1.csv
John Gibbs,John_Gibbs@cox.biz,03/28/1980,73806,John,Gibbs,19800328,41,true,invalid_mobile;invalid_email,input_batches/applications_dataset_1.csv
Angela Torres,Angela_Torres@henry.com,31-07-2007,897705,Angela,Torres,20070731,14,false,under_18;invalid_mobile,input_batches/applications_dataset_1.csv
Harold Glover,Harold_Glover@manning.com,04-04-1965,33596,Harold,Glover,19650404,56,true,invalid_mobile,input_batches/applications_dataset_1.csv
Dawn Myers,Dawn_Myers@cross-thomas.com,1993/09/21,7755245,Dawn,Myers,19930921,28,true,invalid_mobile,input_batches/applications_dataset_1.csv
Mary Walters,Mary_Walters@russell-garrett.info,1970/03/30,3803640,Mary,Walters,19700330,51,true,invalid_mobile;invalid_email,input_batches/applications_dataset_1.csv
Christina Davenport,Christina_Davenport@cox-williams.info,1954-10-10,668277,Christina,Davenport,19541010,67,true,invalid_mobile;invalid_email,input_batches/applications_dataset_1.csv
Brian Johnson,Brian_Johnson@benton.com,03/23/1977,680751,Brian,Johnson,19770323,44,true,invalid_mobile,input_batches/applications_dataset_1.csv
Crystal Contreras,Crystal_Contreras@ramirez.com,1995-02-18,318579,Crystal,Contreras,19950218,26,true,invalid_mobile,input_batches/applications_dataset_1.csv
Tanya Turner,Tanya_Turner@simpson-dennis.com,1989/08/13,52251,Tanya,Turner,19890813,32,true,invalid_mobile,input_batches/applications_dataset_1.csv
Katelyn Durham,Katelyn_Durham@mcneil.com,15-10-2010,2600732,Katelyn,Durham,20101015,11,false,under_18;invalid_mobile,input_batches/applications_dataset_1.csv
Nathaniel Wilson,Nathaniel_Wilson@fisher.org,16-12-1957,25386,Nathaniel,Wilson,19571216,64,true,invalid_mobile;invalid_email,input_batches/applications_dataset_1.csv
Joseph Long,Joseph_Long@mcguire-rodriguez.org,25-11-1981,83686,Joseph,Long,19811125,40,true,invalid_mobile;invalid_email,input_batches/applications_dataset_1.csv
Mallory Hall,Mallory_Hall@moore-mckinney.com,03/26/2006,35866,Mallory,Hall,20060326,15,false,under_18;invalid_mobile,input_batches/applications_dataset_1.csv
Bianca Chavez,Bianca_Chavez@brooks-hendrix.com,02-05-1985,633609,Bianca,Chavez,19850502,36,true,invalid_mobile,input_batches/applications_dataset_1.csv
Scott Jackson,Scott_Jackson@johnston.biz,29-10-2013,216321,Scott,Jackson,20131029,8,false,under_18;invalid_mobile;invalid_email,input_batches/applications_dataset_1.csv
Dr. Brian Baker,Brian_Baker@hodges-bowers.net,08/01/1957,1998340,Brian,Baker,19570801,64,true,invalid_mobile,input_batches/applications_dataset_1.csv
Joanna Fernandez,Joanna_Fernandez@garcia.biz,1960/08/03,95206,Joanna,Fernandez,19600803,61,true,invalid_mobile;invalid_email,input_batches/applications_dataset_1.csv
Jeffrey Berg,Jeffrey_Berg@tran.net,05/30/1970,28191,Jeffrey,Berg,19700530,51,true,invalid_mobile,input_batches/applications_dataset_1.csv
David Fuller,David_Fuller@holland.net,2011/08/06,786921,David,Fuller,20110806,10,false,under_18;invalid_mobile,input_batches/applications_dataset_1.csv
Laura Kramer,Laura_Kramer@white.net,1959-02-03,72611,Laura,Kramer,19590203,62,true,invalid_mobile,input_batches/applications_dataset_1.csv
Melinda Lambert,Melinda_Lambert@rogers.com,04-10-1951,833751,Melinda,Lambert,19511004,70,true,invalid_mobile,input_batches/applications_dataset_1.csv
Jill Thornton,Jill_Thornton@brown-carrillo.biz,1987/04/15,369021,Jill,Thornton,19870415,34,true,invalid_mobile;invalid_email,input_batches/applications_dataset_1.csv
Beth Kim,Beth_Kim@mckinney.com,1993/07/27,7678476,Beth,Kim,19930727,28,true,invalid_mobile,input_batches/applications_dataset_1.csv
Kelly Thomas,Kelly_Thomas@martin-aguilar.com,27-12-1998,4822833,Kelly,Thomas,19981227,23,true,invalid_mobile,input_batches/applications_dataset_1.csv
Teresa James,Teresa_James@white.com,2017-11-15,98296,Teresa,James,20171115,4,false,under_18;invalid_mobile,input_batches/applications_dataset_1.csv
Jasmine Johnson,Jasmine_Johnson@weaver.net,2007-11-14,38786455,Jasmine,Johnson,20071114,14,false,under_18,input_batches/applications_dataset_1.csv
Brian Wood,Brian_Wood@jones.com,2003/07/05,478965,Brian,Wood,20030705,18,false,under_18;invalid_mobile,input_batches/applications_dataset_1.csv
Deborah Estes,Deborah_Estes@foster-juarez.info,2016-11-09,5563776,Deborah,Estes,20161109,5,false,under_18;invalid_mobile;invalid_email,input_batches/applications_dataset_1.csv
Jeremy Knight,Jeremy_Knight@farrell.com,18-10-1985,36631,Jeremy,Knight,19851018,36,true,invalid_mobile,input_batches/applications_dataset_1.csv
Abigail Mccoy,Abigail_Mccoy@washington.com,12/24/2007,3983 9051,Abigail,Mccoy,20071224,14,false,under_18,input_batches/applications_dataset_1.csv
Chad Sellers,Chad_Sellers@mccoy.org,1974/01/03,201111,Chad,Sellers,19740103,47,true,invalid_mobile;invalid_email,input_batches/applications_dataset_1.csv
James Terry,James_Terry@valencia.info,2004-06-04,160731,James,Terry,20040604,17,false,under_18;invalid_mobile;invalid_email,input_batches/applications_dataset_1.csv
Rachael Watson,Rachael_Watson@miller-meyer.biz,02/02/2011,964347,Rachael,Watson,20110202,10,false,under_18;invalid_mobile;invalid_email,input_batches/applications_dataset_1.csv
Matthew Salazar,Matthew_Salazar@bernard.com,09/21/1956,7436157,Matthew,Salazar,19560921,65,true,invalid_mobile,input_batches/applications_dataset_1.csv
Christopher Small,Christopher_Small@miller.net,12-10-2016,4818122,Christopher,Small,20161012,5,false,under_18;invalid_mobile,input_batches/applications_dataset_1.csv
Noah Smith,Noah_Smith@waller.info,1995/12/01,925137,Noah,Smith,19951201,26,true,invalid_mobile;invalid_email,input_batches/applications_dataset_1.csv
Steven Mack,Steven_Mack@fisher.biz,2001-07-26,80966,Steven,Mack,20010726,20,true,invalid_mobile;invalid_email,input_batches/applications_dataset_1.csv
Casey Castillo,Casey_Castillo@clark.com,11/16/1958,75866,Casey,Castillo,19581116,63,true,invalid_mobile,input_batches/applications_dataset_1.csv
Karen Sutton,Karen_Sutton@lin-nguyen.com,12/22/1970,66336,Karen,Sutton,19701222,51,true,invalid_mobile,input_batches/applications_dataset_1.csv
John Martinez,John_Martinez@robinson.com,2012-05-02,57866,John,Martinez,20120502,9,false,under_18;invalid_mobile,input_batches/applications_dataset_1.csv
Michele Harrington,Michele_Harrington@dean.biz,1998/08/05,7182190,Michele,Harrington,19980805,23,true,invalid_mobile;invalid_email,input_batches/applications_dataset_1.csv
Cheyenne Brown,Cheyenne_Brown@lee.com,31-07-1993,7463751,Cheyenne,Brown,19930731,28,true,invalid_mobile,input_batches/applications_dataset_1.csv
David Turner,David_Turner@johnston-hernandez.com,1976/10/18,496491,David,Turner,19761018,45,true,invalid_mobile,input_batches/applications_dataset_1.csv
Brian Carter,Brian_Carter@brown.com,09/17/1975,2396584,Brian,Carter,19750917,46,true,invalid_mobile,input_batches/applications_dataset_1.csv
Anthony Carson,Anthony_Carson@mcintyre.com,05/04/1956,3663759,Anthony,Carson,19560504,65,true,invalid_mobile,input_batches/applications_dataset_1.csv
Janet Zavala,Janet_Zavala@chavez.com,1972-01-16,42521,Janet,Zavala,19720116,49,true,invalid_mobile,input_batches/applications_dataset_1.csv
Carla Cannon,Carla_Cannon@olson.com,1952-10-08,53351,Carla,Cannon,19521008,69,true,invalid_mobile,input_batches/applications_dataset_1.csv
Lacey Lopez,Lacey_Lopez@savage.org,1961-04-30,5649407,Lacey,Lopez,19610430,60,true,invalid_mobile;invalid_email,input_batches/applications_dataset_1.csv
Amy Copeland,Amy_Copeland@white.com,10/11/1989,535389,Amy,Copeland,19891011,32,true,invalid_mobile,input_batches/applications_dataset_1.csv
Kristin Jacobs,Kristin_Jacobs@gardner.com,1960/03/03,67891,Kristin,Jacobs,19600303,61,true,invalid_mobile,input_batches/applications_dataset_1.csv
Antonio Ferguson,Antonio_Ferguson@bailey.com,2008/07/10,8239470,Antonio,Ferguson,20080710,13,false,under_18;invalid_mobile,input_batches/applications_dataset_1.csv
Isabella Bush DDS,Isabella_Bush@reed.info,1964/10/31,9726109,Isabella,Bush,19641031,57,true,invalid_mobile;invalid_email,input_batches/applications_dataset_1.csv
James Davidson,James_Davidson@brown.info,1955/12/14,67973167,James,Davidson,19551214,66,true,invalid_email,input_batches/applications_dataset_1.csv
Holly Mendoza,Holly_Mendoza@pratt.com,14-03-1980,226641,Holly,Mendoza,19800314,41,true,invalid_mobile,input_batches/applications_dataset_1.csv
Jordan Lopez,Jordan_Lopez@barnes-mathews.com,2006/12/20,413133,Jordan,Lopez,20061220,15,false,under_18;invalid_mobile,input_batches/applications_dataset_1.csv
Antonio Ryan,Antonio_Ryan@hall-herrera.com,09-09-2010,87921,Antonio,Ryan,20100909,11,false,under_18;invalid_mobile,input_batches/applications_dataset_1.csv
Raymond Ware,Raymond_Ware@walsh.com,08/15/2004,8263 2731,Raymond,Ware,20040815,17,false,under_18,input_batches/applications_dataset_1.csv
Alexander Stafford,Alexander_Stafford@farley.com,10-02-2006,82406,Alexander,Stafford,20060210,15,false,under_18;invalid_mobile,input_batches/applications_dataset_1.csv
Kristen Rice,Kristen_Rice@johnson.com,1955-08-25,78291,Kristen,Rice,19550825,66,true,invalid_mobile,input_batches/applications_dataset_1.csv
Joseph Moore,Joseph_Moore@mckenzie.com,1995/11/07,17051,Joseph,Moore,19951107,26,true,invalid_mobile,input_batches/applications_dataset_1.csv
Bryan Riley,Bryan_Riley@martin.biz,1959-10-03,3220449,Bryan,Riley,19591003,62,true,invalid_mobile;invalid_email,input_batches/applications_dataset_1.csv
Diana Flores,Diana_Flores@snow.com,29-03-1978,336339,Diana,Flores,19780329,43,true,invalid_mobile,input_batches/applications_dataset_1.csv
Kathryn Lawrence MD,Kathryn_Lawrence@miller-hoffman.com,2009-01-21,34701,Kathryn,Lawrence,20090121,12,false,under_18;invalid_mobile,input_batches/applications_dataset_1.csv
Nancy Miller,Nancy_Miller@hansen.info,1985-09-27,90626,Nancy,Miller,19850927,36,true,invalid_mobile;invalid_email,input_batches/applications_dataset_1.csv
David Horton,David_Horton@bullock-reyes.com,1974-02-16,421611,David,Horton,19740216,47,true,invalid_mobile,input_batches/applications_dataset_1.csv
Zachary Esparza,Zachary_Esparza@walton.com,1992/04/29,4635982,Zachary,Esparza,19920429,29,true,invalid_mobile,input_batches/applications_dataset_1.csv
Victoria Moreno,Victoria_Moreno@chen-nelson.com,01-07-1970,29941,Victoria,Moreno,19700701,51,true,invalid_mobile,input_batches/applications_dataset_1.csv
Douglas Skinner,Douglas_Skinner@ward.biz,1991/01/15,986439,Douglas,Skinner,19910115,30,true,invalid_mobile;invalid_email,input_batches/applications_dataset_1.csv
Timothy Spencer,Timothy_Spencer@morrison.net,06/23/1960,51646,Timothy,Spencer,19600623,61,true,invalid_mobile,input_batches/applications_dataset_1.csv
Daniel Oconnor,Daniel_Oconnor@tucker.org,16-12-2006,29838831,Daniel,Oconnor,20061216,15,false,under_18;invalid_email,input_batches/applications_dataset_1.csv
Ryan Fitzgerald,Ryan_Fitzgerald@whitaker-davis.com,1970/09/12,5849257,Ryan,Fitzgerald,19700912,51,true,invalid_mobile,input_batches/applications_dataset_1.csv
Natalie Martinez,Natalie_Martinez@martinez.com,2018/06/09,4714942,Natalie,Martinez,20180609,3,false,under_18;invalid_mobile,input_batches/applications_dataset_1.csv
Joyce Hayes,Joyce_Hayes@morris.biz,2006-09-06,43466,Joyce,Hayes,20060906,15,false,under_18;invalid_mobile;invalid_email,input_batches/applications_dataset_1.csv
Amber Morris,Amber_Morris@wong.com,07/23/1964,8998046,Amber,Morris,19640723,57,true,invalid_mobile,input_batches/applications_dataset_1.csv
Tiffany Jackson,Tiffany_Jackson@avery.biz,19-05-2004,2914570,Tiffany,Jackson,20040519,17,false,under_18;invalid_mobile;invalid_email,input_batches/applications_dataset_1.csv
Tiffany Vasquez,Tiffany_Vasquez@greene-smith.com,2005/05/17,799671,Tiffany,Vasquez,20050517,16,false,under_18;invalid_mobile,input_batches/applications_dataset_1.csv
John Douglas,John_Douglas@jensen.info,03/02/1999,2207 2627,John,Douglas,19990302,22,true,invalid_email,input_batches/applications_dataset_1.csv
William Reed,William_Reed@morales.org,16-02-1993,6807207,William,Reed,19930216,28,true,invalid_mobile;invalid_email,input_batches/applications_dataset_1.csv
Nicole James,Nicole_James@brown-mills.com,1991/01/07,844311,Nicole,James,19910107,30,true,invalid_mobile,input_batches/applications_dataset_1.csv
Mrs. Danielle Miller,Danielle_Miller@hughes.com,1967-02-12,97561,Danielle,Miller,19670212,54,true,invalid_mobile,input_batches/applications_dataset_1.csv
Sarah Miller,Sarah_Miller@may.com,1990-01-23,238173,Sarah,Miller,19900123,31,true,invalid_mobile,input_batches/applications_dataset_1.csv
John Morrison,John_Morrison@anderson-lucas.com,14-03-1955,51106,John,Morrison,19550314,66,true,invalid_mobile,input_batches/applications_dataset_1.csv
Daniel Smith,Daniel_Smith@harris.com,1988/11/10,279231,Daniel,Smith,19881110,33,true,invalid_mobile,input_batches/applications_dataset_1.csv
Derrick Campbell,Derrick_Campbell@webb.com,1985/01/10,2978858,Derrick,Campbell,19850110,36,true,invalid_mobile,input_batches/applications_dataset_1.csv
Jennifer Ibarra,Jennifer_Ibarra@ibarra-medina.com,1962/09/14,346227,Jennifer,Ibarra,19620914,59,true,invalid_mobile,input_batches/applications_dataset_1.csv
Timothy Black,Timothy_Black@robinson-williams.com,2008-09-07,17276,Timothy,Black,20080907,13,false,under_18;invalid_mobile,input_batches/applications_dataset_1.csv
Shawn Blanchard,Shawn_Blanchard@robinson.org,1991/06/27,67761,Shawn,Blanchard,19910627,30,true,invalid_mobile;invalid_email,input_batches/applications_dataset_1.csv
Brian Johnson,Brian_Johnson@rodriguez.biz,2006/12/14,669405,Brian,Johnson,20061214,15,false,under_18;invalid_mobile;invalid_email,input_batches/applications_dataset_1.csv
James White,James_White@moran-sullivan.com,1987-09-06,676143,James,White,19870906,34,true,invalid_mobile,input_batches/applications_dataset_1.csv
William Smith,William_Smith@woods-hicks.net,2007-03-14,52860751,William,Smith,20070314,14,false,under_18,input_batches/applications_dataset_1.csv
Mrs. Hannah Cummings,Hannah_Cummings@anderson-hansen.com,01/05/2008,1511896,Hannah,Cummings,20080105,13,false,under_18;invalid_mobile,input_batches/applications_dataset_1.csv
Philip Mills,Philip_Mills@riley.net,11/02/1963,4903634,Philip,Mills,19631102,58,true,invalid_mobile,input_batches/applications_dataset_1.csv
Emily Berry,Emily_Berry@anderson.com,11/20/2006,613125,Emily,Berry,20061120,15,false,under_18;invalid_mobile,input_batches/applications_dataset_1.csv
Casey Coffey,Casey_Coffey@west.com,2004-08-02,26436239,Casey,Coffey,20040802,17,false,under_18,input_batches/applications_dataset_1.csv
Regina Johnson,Regina_Johnson@hernandez.org,1953/05/14,9976058,Regina,Johnson,19530514,68,true,invalid_mobile;invalid_email,input_batches/applications_dataset_1.csv
Steven Waters,Steven_Waters@davis.com,04/20/2007,2539 7755,Steven,Waters,20070420,14,false,under_18,input_batches/applications_dataset_1.csv
Joshua Gonzalez,Joshua_Gonzalez@greene.com,1980/09/24,1884597,Joshua,Gonzalez,19800924,41,true,invalid_mobile,input_batches/applications_dataset_1.csv
Kimberly Green,Kimberly_Green@sanchez.com,10/09/2017,2367 6815,Kimberly,Green,20171009,4,false,under_18,input_batches/applications_dataset_1.csv
Thomas Nelson DDS,Thomas_Nelson@brandt.info,1993/10/02,12978607,Thomas,Nelson,19931002,28,true,invalid_email,input_batches/applications_dataset_1.csv
Linda Barajas,Linda_Barajas@ramirez.com,09-12-1985,93651,Linda,Barajas,19851209,36,true,invalid_mobile,input_batches/applications_dataset_1.csv
Amber Jensen,Amber_Jensen@reed.biz,2003-05-23,965115,Amber,Jensen,20030523,18,false,under_18;invalid_mobile;invalid_email,input_batches/applications_dataset_1.csv
Elizabeth Benitez,Elizabeth_Benitez@goodwin-sullivan.biz,1956/03/23,4224823,Elizabeth,Benitez,19560323,65,true,invalid_mobile;invalid_email,input_batches/applications_dataset_1.csv
Jonathan Hernandez,Jonathan_Hernandez@hood-abbott.com,1998/10/02,61501,Jonathan,Hernandez,19981002,23,true,invalid_mobile,input_batches/applications_dataset_1.csv
Benjamin Stevens,Benjamin_Stevens@walton-gamble.com,1999/11/12,838161,Benjamin,Stevens,19991112,22,true,invalid_mobile,input_batches/applications_dataset_1.csv
Isaac Roth,Isaac_Roth@thompson.com,01/02/1961,706593,Isaac,Roth,19610102,60,true,invalid_mobile,input_batches/applications_dataset_1.csv
Lauren Smith,Lauren_Smith@davis.info,01-08-1978,34446,Lauren,Smith,19780801,43,true,invalid_mobile;invalid_email,input_batches/applications_dataset_1.csv
Nicole Duffy MD,Nicole_Duffy@davenport-nelson.info,08-01-2009,18095111,Nicole,Duffy,20090108,12,false,under_18;invalid_email,input_batches/applications_dataset_1.csv
Emily Vega,Emily_Vega@butler.com,05/08/1996,887709,Emily,Vega,19960508,25,true,invalid_mobile,input_batches/applications_dataset_1.csv
Jesse Stone,Jesse_Stone@morales.com,09/08/2004,3149819,Jesse,Stone,20040908,17,false,under_18;invalid_mobile,input_batches/applications_dataset_1.csv
Thomas Horne,Thomas_Horne@floyd.info,18-07-1971,82457007,Thomas,Horne,19710718,50,true,invalid_email,input_batches/applications_dataset_1.csv
Jo Humphrey,Jo_Humphrey@ramos.com,10/31/1988,71786,Jo,Humphrey,19881031,33,true,invalid_mobile,input_batches/applications_dataset_1.csv
Nicholas Marquez,Nicholas_Marquez@good.info,03/21/1990,2188138,Nicholas,Marquez,19900321,31,true,invalid_mobile;invalid_email,input_batches/applications_dataset_1.csv
Cathy Todd,Cathy_Todd@acevedo.biz,1964/04/21,74009191,Cathy,Todd,19640421,57,true,invalid_email,input_batches/applications_dataset_1.csv
Vicki Harmon,Vicki_Harmon@fry.org,1988-09-02,20227951,Vicki,Harmon,19880902,33,true,invalid_email,input_batches/applications_dataset_1.csv
Brent Lloyd,Brent_Lloyd@lester-smith.com,1971-06-21,593355,Brent,Lloyd,19710621,50,true,invalid_mobile,input_batches/applications_dataset_1.csv
Jonathan Hill,Jonathan_Hill@butler-murphy.info,1950/12/14,184365,Jonathan,Hill,19501214,71,true,invalid_mobile;invalid_email,input_batches/applications_dataset_1.csv
Timothy Kelly,Timothy_Kelly@frye-brown.com,1977-04-20,68576,Timothy,Kelly,19770420,44,true,invalid_mobile,input_batches/applications_dataset_1.csv
Donna Martinez,Donna_Martinez@rich-cook.com,2001/12/10,343875,Donna,Martinez,20011210,20,true,invalid_mobile,input_batches/applications_dataset_1.csv
Tammy Miles,Tammy_Miles@allen.com,03/07/2014,40571,Tammy,Miles,20140307,7,false,under_18;invalid_mobile,input_batches/applications_dataset_1.csv
Stephen Fields,Stephen_Fields@wilson.com,1958-07-23,7179348,Stephen,Fields,19580723,63,true,invalid_mobile,input_batches/applications_dataset_1.csv
Paige Kemp,Paige_Kemp@green.org,03/31/1984,9431 6667,Paige,Kemp,19840331,37,true,invalid_email,input_batches/applications_dataset_1.csv
Hannah Myers,Hannah_Myers@schaefer.com,09-09-1950,17826,Hannah,Myers,19500909,71,true,invalid_mobile,input_batches/applications_dataset_1.csv
Tanya Garcia,Tanya_Garcia@vazquez.com,1978-12-09,35021,Tanya,Garcia,19781209,43,true,invalid_mobile,input_batches/applications_dataset_1.csv
Elizabeth Moody,Elizabeth_Moody@parker.org,2012/06/09,222735,Elizabeth,Moody,20120609,9,false,under_18;invalid_mobile;invalid_email,input_batches/applications_dataset_1.csv
Rebecca Santos,Rebecca_Santos@long.com,2003-04-30,8681023,Rebecca,Santos,20030430,18,false,under_18;invalid_mobile,input_batches/applications_dataset_1.csv
Tammy Williams,Tammy_Williams@greer.info,03-06-1963,1276297,Tammy,Williams,19630603,58,true,invalid_mobile;invalid_email,input_batches/applications_dataset_1.csv
Lauren Zimmerman DDS,Lauren_Zimmerman@chan.com,1997/06/28,325953,Lauren,Zimmerman,19970628,24,true,invalid_mobile,input_batches/applications_dataset_1.csv
Amy Reed,Amy_Reed@chung.com,2000-01-05,8444388,Amy,Reed,20000105,21,true,invalid_mobile,input_batches/applications_dataset_1.csv
Peter Holland,Peter_Holland@lopez-norris.com,09/27/1974,802413,Peter,Holland,19740927,47,true,invalid_mobile,input_batches/applications_dataset_1.csv
Stephen Martinez,Stephen_Martinez@schmidt.com,1993-12-20,39056,Stephen,Martinez,19931220,28,true,invalid_mobile,input_batches/applications_dataset_1.csv
Evan Martinez,Evan_Martinez@adkins-dennis.com,02/08/1989,548331,Evan,Martinez,19890208,32,true,invalid_mobile,input_batches/applications_dataset_1.csv
Stephanie Smith,Stephanie_Smith@oconnor.com,2017/05/30,634983,Stephanie,Smith,20170530,4,false,under_18;invalid_mobile,input_batches/applications_dataset_1.csv
Robert Schultz,Robert_Schultz@vance.com,05/30/2000,582441,Robert,Schultz,20000530,21,true,invalid_mobile,input_batches/applications_dataset_1.csv
Steven Price,Steven_Price@thompson-williams.com,1998/11/15,45636,Steven,Price,19981115,23,true,invalid_mobile,input_batches/applications_dataset_1.csv
William Park,William_Park@peterson.com,1960/09/14,755733,William,Park,19600914,61,true,invalid_mobile,input_batches/applications_dataset_1.csv
Cole Butler,Cole_Butler@campbell.info,25-12-2009,940509,Cole,Butler,20091225,12,false,under_18;invalid_mobile;invalid_email,input_batches/applications_dataset_1.csv
Jessica Prince,Jessica_Prince@rodriguez-hill.com,1995/12/27,596913,Jessica,Prince,19951227,26,true,invalid_mobile,input_batches/applications_dataset_1.csv
Brian Smith,Brian_Smith@martinez.com,1979-03-02,853017,Brian,Smith,19790302,42,true,invalid_mobile,input_batches/applications_dataset_1.csv
Mark Ortiz,Mark_Ortiz@costa-barker.info,2000/08/01,5881751,Mark,Ortiz,20000801,21,true,invalid_mobile;invalid_email,input_batches/applications_dataset_1.csv
Shane Garcia,Shane_Garcia@ingram-ford.com,12/23/2005,8043 5507,Shane,Garcia,20051223,16,false,under_18,input_batches/applications_dataset_1.csv
Tammy Lowe,Tammy_Lowe@hart.info,05-02-2011,43251,Tammy,Lowe,20110205,10,false,under_18;invalid_mobile;invalid_email,input_batches/applications_dataset_1.csv
Bonnie Parsons,Bonnie_Parsons@elliott.info,1999-11-27,887463,Bonnie,Parsons,19991127,22,true,invalid_mobile;invalid_email,input_batches/applications_dataset_1.csv
Christopher Gross,Christopher_Gross@grimes.net,2003/11/14,49217831,Christopher,Gross,20031114,18,false,under_18,input_batches/applications_dataset_1.csv
Diane Lee,Diane_Lee@mills-robinson.org,07/14/1988,968625,Diane,Lee,19880714,33,true,invalid_mobile;invalid_email,input_batches/applications_dataset_1.csv
Destiny Thompson,Destiny_Thompson@wood.com,06/30/2008,419979,Destiny,Thompson,20080630,13,false,under_18;invalid_mobile,input_batches/applications_dataset_1.csv
Carol Johnston,Carol_Johnston@anderson-brown.com,01/19/1968,6968634,Carol,Johnston,19680119,53,true,invalid_mobile,input_batches/applications_dataset_1.csv
Catherine Cline,Catherine_Cline@smith.net,04/30/2006,919797,Catherine,Cline,20060430,15,false,under_18;invalid_mobile,input_batches/applications_dataset_1.csv
Joseph Bond,Joseph_Bond@may.biz,1961/08/27,58099375,Joseph,Bond,19610827,60,true,invalid_email,input_batches/applications_dataset_1.csv
Whitney Russell,Whitney_Russell@ellis.com,1958-02-13,1790769,Whitney,Russell,19580213,63,true,invalid_mobile,input_batches/applications_dataset_1.csv
Joseph Brown,Joseph_Brown@park.biz,1991-04-11,237615,Joseph,Brown,19910411,30,true,invalid_mobile;invalid_email,input_batches/applications_dataset_1.csv
Andrea Cherry,Andrea_Cherry@miller-roberts.com,1957/02/04,44891,Andrea,Cherry,19570204,64,true,invalid_mobile,input_batches/applications_dataset_1.csv
Ronnie James,Ronnie_James@dalton-williams.org,04/22/2017,766785,Ronnie,James,20170422,4,false,under_18;invalid_mobile;invalid_email,input_batches/applications_dataset_1.csv
Jesse Wagner,Jesse_Wagner@miller-nguyen.biz,08/16/1966,999171,Jesse,Wagner,19660816,55,true,invalid_mobile;invalid_email,input_batches/applications_dataset_1.csv
Jennifer Johnson,Jennifer_Johnson@soto.com,12/30/1979,4868354,Jennifer,Johnson,19791230,42,true,invalid_mobile,input_batches/applications_dataset_1.csv
Amy Collins,Amy_Collins@lindsey-farrell.com,11/09/1964,47251,Amy,Collins,19641109,57,true,invalid_mobile,input_batches/applications_dataset_1.csv
Nathaniel Curtis,Nathaniel_Curtis@brooks.org,1968-12-05,59686,Nathaniel,Curtis,19681205,53,true,invalid_mobile;invalid_email,input_batches/applications_dataset_1.csv
Joann Patel,Joann_Patel@king.info,2003/11/13,83570903,Joann,Patel,20031113,18,false,under_18;invalid_email,input_batches/applications_dataset_1.csv
Daniel Gonzalez,Daniel_Gonzalez@rogers.org,10-01-2006,1447412,Daniel,Gonzalez,20060110,15,false,under_18;invalid_mobile;invalid_email,input_batches/applications_dataset_1.csv
Donna Harris,Donna_Harris@walter.biz,2003-06-14,54582023,Donna,Harris,20030614,18,false,under_18;invalid_email,input_batches/applications_dataset_1.csv
Patricia Gomez,Patricia_Gomez@chan.com,11-06-2002,208857,Patricia,Gomez,20020611,19,true,invalid_mobile,input_batches/applications_dataset_1.csv
Christopher Douglas,Christopher_Douglas@rodriguez-santos.com,1955-12-21,83776,Christopher,Douglas,19551221,66,true,invalid_mobile,input_batches/applications_dataset_1.csv
Thomas Glover,Thomas_Glover@kane.biz,08/14/1967,4143 3683,Thomas,Glover,19670814,54,true,invalid_email,input_batches/applications_dataset_1.csv
Ryan Fischer,Ryan_Fischer@smith.biz,08/12/1977,4815 1867,Ryan,Fischer,19770812,44,true,invalid_email,input_batches/applications_dataset_1.csv
Briana Turner,Briana_Turner@bailey.com,28-04-1981,87921,Briana,Turner,19810428,40,true,invalid_mobile,input_batches/applications_dataset_1.csv
Patrick Williams,Patrick_Williams@hill.com,02/28/2010,565971,Patrick,Williams,20100228,11,false,under_18;invalid_mobile,input_batches/applications_dataset_1.csv
Kathryn Morris,Kathryn_Morris@martin-diaz.biz,06/05/1966,1219 8603,Kathryn,Morris,19660605,55,true,invalid_email,input_batches/applications_dataset_1.csv
Jonathan Henry,Jonathan_Henry@mccoy.info,02/27/1981,6011 3947,Jonathan,Henry,19810227,40,true,invalid_email,input_batches/applications_dataset_1.csv
Jonathan Navarro,Jonathan_Navarro@keller.com,04/23/1961,85746,Jonathan,Navarro,19610423,60,true,invalid_mobile,input_batches/applications_dataset_1.csv
Steven Ryan,Steven_Ryan@miller-williams.biz,1995-01-15,3604994,Steven,Ryan,19950115,26,true,invalid_mobile;invalid_email,input_batches/applications_dataset_1.csv
Matthew Rodriguez,Matthew_Rodriguez@smith.info,05-07-2005,463443,Matthew,Rodriguez,20050705,16,false,under_18;invalid_mobile;invalid_email,input_batches/applications_dataset_1.csv
Laurie Stewart,Laurie_Stewart@marquez.com,1981-01-30,32491,Laurie,Stewart,19810130,40,true,invalid_mobile,input_batches/applications_dataset_1.csv
Joseph Ramirez,Joseph_Ramirez@garcia.com,1955/05/10,84221,Joseph,Ramirez,19550510,66,true,invalid_mobile,input_batches/applications_dataset_1.csv
Eric Harris,Eric_Harris@brown.info,10-09-1950,2320578,Eric,Harris,19500910,71,true,invalid_mobile;invalid_email,input_batches/applications_dataset_1.csv
Amy Townsend,Amy_Townsend@wright.com,2015-07-15,948999,Amy,Townsend,20150715,6,false,under_18;invalid_mobile,input_batches/applications_dataset_1.csv
Jeffrey Gutierrez,Jeffrey_Gutierrez@fleming.com,02/06/1961,485013,Jeffrey,Gutierrez,19610206,60,true,invalid_mobile,input_batches/applications_dataset_1.csv
Kenneth Zimmerman,Kenneth_Zimmerman@cruz-bowman.com,1968/10/18,46616,Kenneth,Zimmerman,19681018,53,true,invalid_mobile,input_batches/applications_dataset_1.csv
Jonathan Guerrero,Jonathan_Guerrero@paul.com,07-04-1984,176811,Jonathan,Guerrero,19840407,37,true,invalid_mobile,input_batches/applications_dataset_1.csv
James Thomas,James_Thomas@munoz.net,1982-01-28,7823775,James,Thomas,19820128,39,true,invalid_mobile,input_batches/applications_dataset_1.csv
James Bradshaw,James_Bradshaw@brewer.com,2009/11/29,34761231,James,Bradshaw,20091129,12,false,under_18,input_batches/applications_dataset_1.csv
Edgar Moreno,Edgar_Moreno@patel.com,05/13/1964,689517,Edgar,Moreno,19640513,57,true,invalid_mobile,input_batches/applications_dataset_1.csv
Margaret Roberts,Margaret_Roberts@rojas-green.org,27-12-1994,2508045,Margaret,Roberts,19941227,27,true,invalid_mobile;invalid_email,input_batches/applications_dataset_1.csv
Mary Gonzales,Mary_Gonzales@weber-day.org,1962-11-19,872655,Mary,Gonzales,19621119,59,true,invalid_mobile;invalid_email,input_batches/applications_dataset_1.csv
Deborah Ortiz,Deborah_Ortiz@phelps-sanchez.com,1966-05-17,23241,Deborah,Ortiz,19660517,55,true,invalid_mobile,input_batches/applications_dataset_1.csv
Jesse Thomas,Jesse_Thomas@floyd-warner.info,11/14/1956,9809451,Jesse,Thomas,19561114,65,true,invalid_mobile;invalid_email,input_batches/applications_dataset_1.csv
Taylor Torres,Taylor_Torres@romero.com,2006-05-08,875451,Taylor,Torres,20060508,15,false,under_18;invalid_mobile,input_batches/applications_dataset_1.csv
Jennifer Sampson,Jennifer_Sampson@west-rodriguez.com,1968-07-23,6685330,Jennifer,Sampson,19680723,53,true,invalid_mobile,input_batches/applications_dataset_1.csv
Jennifer Shaffer,Jennifer_Shaffer@palmer.org,04/15/1976,30986,Jennifer,Shaffer,19760415,45,true,invalid_mobile;invalid_email,input_batches/applications_dataset_1.csv
Melanie Griffith,Melanie_Griffith@black-reyes.org,11/02/1997,167535,Melanie,Griffith,19971102,24,true,invalid_mobile;invalid_email,input_batches/applications_dataset_1.csv
Michelle May,Michelle_May@wells-walker.com,23-07-1975,69466,Michelle,May,19750723,46,true,invalid_mobile,input_batches/applications_dataset_1.csv
Lori Morales,Lori_Morales@snow-boyd.biz,1970-10-12,46595111,Lori,Morales,19701012,51,true,invalid_email,input_batches/applications_dataset_1.csv
Alexandra Shelton,Alexandra_Shelton@jackson-gomez.com,13-02-1987,8728861,Alexandra,Shelton,19870213,34,true,invalid_mobile,input_batches/applications_dataset_1.csv
Carl Gonzalez,Carl_Gonzalez@zamora.org,25-11-1950,165939,Carl,Gonzalez,19501125,71,true,invalid_mobile;invalid_email,input_batches/applications_dataset_1.csv
Chad Kelly,Chad_Kelly@sherman.com,09/21/1970,634155,Chad,Kelly,19700921,51,true,invalid_mobile,input_batches/applications_dataset_1.csv
Jacob White,Jacob_White@melton.com,2004-12-16,939267,Jacob,White,20041216,17,false,under_18;invalid_mobile,input_batches/applications_dataset_1.csv
Tony Howard,Tony_Howard@gutierrez.org,02/11/1953,6299 3627,Tony,Howard,19530211,68,true,invalid_email,input_batches/applications_dataset_1.csv
Randy Franklin,Randy_Franklin@hamilton.com,22-02-1952,6321491,Randy,Franklin,19520222,69,true,invalid_mobile,input_batches/applications_dataset_1.csv
Taylor Davidson,Taylor_Davidson@williams.net,1979-11-09,9689611,Taylor,Davidson,19791109,42,true,invalid_mobile,input_batches/applications_dataset_1.csv
Nicole Rivas,Nicole_Rivas@liu.org,24-11-1994,45622759,Nicole,Rivas,19941124,27,true,invalid_email,input_batches/applications_dataset_1.csv
Daniel Martinez,Daniel_Martinez@sullivan.com,1993/12/01,85401,Daniel,Martinez,19931201,28,true,invalid_mobile,input_batches/applications_dataset_1.csv
Theresa Potter,Theresa_Potter@valdez.com,02/12/1958,98186,Theresa,Potter,19580212,63,true,invalid_mobile,input_batches/applications_dataset_1.csv
William Kerr,William_Kerr@meyer.net,1991-01-24,63111,William,Kerr,19910124,30,true,invalid_mobile,input_batches/applications_dataset_1.csv
Erin Anderson,Erin_Anderson@middleton.com,1972/09/02,300921,Erin,Anderson,19720902,49,true,invalid_mobile,input_batches/applications_dataset_1.csv
Carlos Sawyer,Carlos_Sawyer@villa-watkins.com,07-04-1953,621855,Carlos,Sawyer,19530407,68,true,invalid_mobile,input_batches/applications_dataset_1.csv
Steven Reyes,Steven_Reyes@wolfe.net,1979-10-24,900693,Steven,Reyes,19791024,42,true,invalid_mobile,input_batches/applications_dataset_1.csv
Robert Johnson,Robert_Johnson@thomas-boyd.com,20-09-1964,5540753,Robert,Johnson,19640920,57,true,invalid_mobile,input_batches/applications_dataset_1.csv
Melissa Franklin,Melissa_Franklin@nelson.info,07/08/1998,1791581,Melissa,Franklin,19980708,23,true,invalid_mobile;invalid_email,input_batches/applications_dataset_1.csv
Travis Davis,Travis_Davis@thomas-long.org,11/07/1950,761589,Travis,Davis,19501107,71,true,invalid_mobile;invalid_email,input_batches/applications_dataset_1.csv
Adam Bailey,Adam_Bailey@bates.com,24-04-1999,5377205,Adam,Bailey,19990424,22,true,invalid_mobile,input_batches/applications_dataset_1.csv
Crystal Peterson,Crystal_Peterson@parker-soto.com,1968/01/13,2593879,Crystal,Peterson,19680113,53,true,invalid_mobile,input_batches/applications_dataset_1.csv
David Anderson,David_Anderson@hughes.com,1984-12-10,646941,David,Anderson,19841210,37,true,invalid_mobile,input_batches/applications_dataset_1.csv
David Allen III,David_Allen@bentley-scott.com,06/06/1955,57931,David,Allen,19550606,66,true,invalid_mobile,input_batches/applications_dataset_1.csv
Jose Mitchell,Jose_Mitchell@roth.com,1974/07/19,9383102,Jose,Mitchell,19740719,47,true,invalid_mobile,input_batches/applications_dataset_1.csv
Jay Smith,Jay_Smith@nguyen-martinez.biz,1965-11-21,6277888,Jay,Smith,19651121,56,true,invalid_mobile;invalid_email,input_batches/applications_dataset_1.csv
David Spence,David_Spence@sullivan.org,04/25/1965,49986,David,Spence,19650425,56,true,invalid_mobile;invalid_email,input_batches/applications_dataset_1.csv
Alicia Young,Alicia_Young@barton-bell.com,1994/05/14,86706,Alicia,Young,19940514,27,true,invalid_mobile,input_batches/applications_dataset_1.csv
Gregory Cooper,Gregory_Cooper@lopez.com,07/25/2013,907869,Gregory,Cooper,20130725,8,false,under_18;invalid_mobile,input_batches/applications_dataset_1.csv
Michelle Brown,Michelle_Brown@perez-scott.net,08/17/2003,618951,Michelle,Brown,20030817,18,false,under_18;invalid_mobile,input_batches/applications_dataset_1.csv
Melissa Johnson,Melissa_Johnson@cameron-byrd.com,1982/11/19,301347,Melissa,Johnson,19821119,39,true,invalid_mobile,input_batches/applications_dataset_1.csv
Robert Hunter,Robert_Hunter@foster-woodward.info,1976-10-21,80356607,Robert,Hunter,19761021,45,true,invalid_email,input_batches/applications_dataset_1.csv
Madeline Terry,Madeline_Terry@higgins.com,1952-09-22,291141,Madeline,Terry,19520922,69,true,invalid_mobile,input_batches/applications_dataset_1.csv
Rebekah Fischer,Rebekah_Fischer@meza-warren.com,1969-10-23,8302925,Rebekah,Fischer,19691023,52,true,invalid_mobile,input_batches/applications_dataset_1.csv
Wendy Sexton,Wendy_Sexton@hopkins-harvey.com,1988-02-17,480237,Wendy,Sexton,19880217,33,true,invalid_mobile,input_batches/applications_dataset_1.csv
Brent Richards,Brent_Richards@fletcher-skinner.org,2010-06-09,291309,Brent,Richards,20100609,11,false,under_18;invalid_mobile;invalid_email,input_batches/applications_dataset_1.csv
Christopher Kim,Christopher_Kim@marshall-wilkins.com,2009-08-06,7521277,Christopher,Kim,20090806,12,false,under_18;invalid_mobile,input_batches/applications_dataset_1.csv
Kristie White,Kristie_White@padilla.com,24-09-1986,4611328,Kristie,White,19860924,35,true,invalid_mobile,input_batches/applications_dataset_1.csv
Eric Anderson,Eric_Anderson@valdez.biz,1973/07/24,14996,Eric,Anderson,19730724,48,true,invalid_mobile;invalid_email,input_batches/applications_dataset_1.csv
Patrick Moran,Patrick_Moran@kennedy-smith.com,04-12-1954,9123766,Patrick,Moran,19541204,67,true,invalid_mobile,input_batches/applications_dataset_1.csv
Kimberly Dillon,Kimberly_Dillon@drake.info,2001/06/18,996591,Kimberly,Dillon,20010618,20,true,invalid_mobile;invalid_email,input_batches/applications_dataset_1.csv
Stephanie Garcia,Stephanie_Garcia@mckinney-baker.biz,1953/06/13,346491,Stephanie,Garcia,19530613,68,true,invalid_mobile;invalid_email,input_batches/applications_dataset_1.csv
Brandon Henry,Brandon_Henry@king-bowers.org,1959/04/09,454143,Brandon,Henry,19590409,62,true,invalid_mobile;invalid_email,input_batches/applications_dataset_1.csv
Elizabeth Jones,Elizabeth_Jones@peterson-johnson.net,05/30/2010,89436,Elizabeth,Jones,20100530,11,false,under_18;invalid_mobile,input_batches/applications_dataset_1.csv
Manuel Reyes,Manuel_Reyes@leon-johnson.com,03/30/1976,2704430,Manuel,Reyes,19760330,45,true,invalid_mobile,input_batches/applications_dataset_1.csv
Mindy Valentine,Mindy_Valentine@gutierrez-martin.com,1979/04/25,94856,Mindy,Valentine,19790425,42,true,invalid_mobile,input_batches/applications_dataset_1.csv
Mary Stevenson,Mary_Stevenson@clark.com,1955/09/11,5888464,Mary,Stevenson,19550911,66,true,invalid_mobile,input_batches/applications_dataset_1.csv
Emma Beltran,Emma_Beltran@armstrong-adkins.biz,13-02-1986,426357,Emma,Beltran,19860213,35,true,invalid_mobile;invalid_email,input_batches/applications_dataset_1.csv
Paul Phillips,Paul_Phillips@manning.org,1992-04-23,29741,Paul,Phillips,19920423,29,true,invalid_mobile;invalid_email,input_batches/applications_dataset_1.csv
James Porter,James_Porter@cervantes.biz,03-07-1990,3071230,James,Porter,19900703,31,true,invalid_mobile;invalid_email,input_batches/applications_dataset_1.csv
David Harrison,David_Harrison@green.info,1984-10-31,2368605,David,Harrison,19841031,37,true,invalid_mobile;invalid_email,input_batches/applications_dataset_1.csv
Tara Davidson,Tara_Davidson@hernandez.com,17-11-1986,1738283,Tara,Davidson,19861117,35,true,invalid_mobile,input_batches/applications_dataset_1.csv
Donna Kelly,Donna_Kelly@young.org,28-11-1962,4989146,Donna,Kelly,19621128,59,true,invalid_mobile;invalid_email,input_batches/applications_dataset_1.csv
Renee Mayer,Renee_Mayer@petty.com,2005-02-01,351321,Renee,Mayer,20050201,16,false,under_18;invalid_mobile,input_batches/applications_dataset_1.csv
Victor Davis,Victor_Davis@crawford.org,1957-01-03,9626898,Victor,Davis,19570103,64,true,invalid_mobile;invalid_email,input_batches/applications_dataset_1.csv
Marc Abbott,Marc_Abbott@grimes.info,08/25/2017,54976,Marc,Abbott,20170825,4,false,under_18;invalid_mobile;invalid_email,input_batches/applications_dataset_1.csv
Kevin Flores,Kevin_Flores@crawford.com,1956/06/05,414045,Kevin,Flores,19560605,65,true,invalid_mobile,input_batches/applications_dataset_1.csv
Sarah Mayo,Sarah_Mayo@thompson.org,1993/05/07,2388107,Sarah,Mayo,19930507,28,true,invalid_mobile;invalid_email,input_batches/applications_dataset_1.csv
Anthony Morgan,Anthony_Morgan@smith.com,14-01-1967,41706,Anthony,Morgan,19670114,54,true,invalid_mobile,input_batches/applications_dataset_1.csv
Sarah Wong,Sarah_Wong@glover.info,03/27/1985,8765597,Sarah,Wong,19850327,36,true,invalid_mobile;invalid_email,input_batches/applications_dataset_1.csv
Tanya Martinez,Tanya_Martinez@moore.com,09/11/1976,3661127,Tanya,Martinez,19760911,45,true,invalid_mobile,input_batches/applications_dataset_1.csv
Jacob Lewis,Jacob_Lewis@carlson.net,16-09-1962,7367256,Jacob,Lewis,19620916,59,true,invalid_mobile,input_batches/applications_dataset_1.csv
Valerie Spencer,Valerie_Spencer@franklin-jackson.info,10-03-2018,22299967,Valerie,Spencer,20180310,3,false,under_18;invalid_email,input_batches/applications_dataset_1.csv
Kelly Drake,Kelly_Drake@pollard-nelson.com,14-01-1971,68351,Kelly,Drake,19710114,50,true,invalid_mobile,input_batches/applications_dataset_1.csv
Zachary Foster,Zachary_Foster@hamilton-king.com,2011-10-20,572823,Zachary,Foster,20111020,10,false,under_18;invalid_mobile,input_batches/applications_dataset_1.csv
Susan Summers,Susan_Summers@wilson.com,01-07-1981,9873480,Susan,Summers,19810701,40,true,invalid_mobile,input_batches/applications_dataset_1.csv
Alicia Roberts,Alicia_Roberts@ramos.net,2009-09-24,75301,Alicia,Roberts,20090924,12,false,under_18;invalid_mobile,input_batches/applications_dataset_1.csv
Charlene Patterson,Charlene_Patterson@edwards.com,1986/09/27,7158222,Charlene,Patterson,19860927,35,true,invalid_mobile,input_batches/applications_dataset_1.csv
Mike Hudson,Mike_Hudson@wilson-snyder.info,1986-08-07,75936847,Mike,Hudson,19860807,35,true,invalid_email,input_batches/applications_dataset_1.csv
Nichole Murray,Nichole_Murray@harmon-blackwell.com,1953-10-28,7541654,Nichole,Murray,19531028,68,true,invalid_mobile,input_batches/applications_dataset_1.csv
Anthony Robinson,Anthony_Robinson@welch-williams.net,03/27/1987,345279,Anthony,Robinson,19870327,34,true,invalid_mobile,input_batches/applications_dataset_1.csv
Andrew Sutton,Andrew_Sutton@mcintyre-allen.com,15-12-1966,818421,Andrew,Sutton,19661215,55,true,invalid_mobile,input_batches/applications_dataset_1.csv
John Munoz,John_Munoz@perkins-proctor.org,2004/10/09,7944973,John,Munoz,20041009,17,false,under_18;invalid_mobile;invalid_email,input_batches/applications_dataset_1.csv
Antonio Gray,Antonio_Gray@jackson-bell.org,1971-03-15,56973759,Antonio,Gray,19710315,50,true,invalid_email,input_batches/applications_dataset_1.csv
Mallory Bright,Mallory_Bright@santiago.com,1954/11/18,117729,Mallory,Bright,19541118,67,true,invalid_mobile,input_batches/applications_dataset_1.csv
Zachary Johnson,Zachary_Johnson@velez.com,1974/10/02,2099868,Zachary,Johnson,19741002,47,true,invalid_mobile,input_batches/applications_dataset_1.csv
Nicolas Myers,Nicolas_Myers@shaw.net,2001/06/18,4088904,Nicolas,Myers,20010618,20,true,invalid_mobile,input_batches/applications_dataset_1.csv
Cynthia Crawford,Cynthia_Crawford@miller-fowler.org,1965-09-25,97822935,Cynthia,Crawford,19650925,56,true,invalid_email,input_batches/applications_dataset_1.csv
Larry Smith,Larry_Smith@phillips-pratt.org,2013-11-27,18336,Larry,Smith,20131127,8,false,under_18;invalid_mobile;invalid_email,input_batches/applications_dataset_1.csv
Victoria Hoover,Victoria_Hoover@roberts.com,1984/11/01,97191,Victoria,Hoover,19841101,37,true,invalid_mobile,input_batches/applications_dataset_1.csv
Carl Shannon,Carl_Shannon@raymond.net,1980/04/01,4571624,Carl,Shannon,19800401,41,true,invalid_mobile,input_batches/applications_dataset_1.csv
Melissa Hardy,Melissa_Hardy@stewart.com,03/04/1990,58936,Melissa,Hardy,19900304,31,true,invalid_mobile,input_batches/applications_dataset_1.csv
Carolyn Smith,Carolyn_Smith@mccormick.biz,1976/04/18,383949,Carolyn,Smith,19760418,45,true,invalid_mobile;invalid_email,input_batches/applications_dataset_1.csv
Austin Washington,Austin_Washington@hodge-weber.com,2000-05-25,61981,Austin,Washington,20000525,21,true,invalid_mobile,input_batches/applications_dataset_1.csv
Earl Jackson,Earl_Jackson@cummings.com,09-12-1990,475281,Earl,Jackson,19901209,31,true,invalid_mobile,input_batches/applications_dataset_1.csv
Nicole Simmons,Nicole_Simmons@webb.com,21-11-1988,9303981,Nicole,Simmons,19881121,33,true,invalid_mobile,input_batches/applications_dataset_1.csv
Phillip Hurst,Phillip_Hurst@thompson-flores.net,13-07-1986,395427,Phillip,Hurst,19860713,35,true,invalid_mobile,input_batches/applications_dataset_1.csv
Hailey Robbins,Hailey_Robbins@miller.com,10/28/1986,16186,Hailey,Robbins,19861028,35,true,invalid_mobile,input_batches/applications_dataset_1.csv
James Taylor,James_Taylor@sparks.net,1971-04-30,334581,James,Taylor,19710430,50,true,invalid_mobile,input_batches/applications_dataset_1.csv
Andrea Figueroa,Andrea_Figueroa@warren-romero.com,10/23/2014,2620507,Andrea,Figueroa,20141023,7,false,under_18;invalid_mobile,input_batches/applications_dataset_1.csv
Cassandra Moreno,Cassandra_Moreno@roberts-mccarthy.info,1968/03/27,528657,Cassandra,Moreno,19680327,53,true,invalid_mobile;invalid_email,input_batches/applications_dataset_1.csv
Gregory Pacheco,Gregory_Pacheco@perez.com,1963-12-28,89236,Gregory,Pacheco,19631228,58,true,invalid_mobile,input_batches/applications_dataset_1.csv
Shawn Shelton,Shawn_Shelton@dixon.biz,1963/01/24,62583727,Shawn,Shelton,19630124,58,true,invalid_email,input_batches/applications_dataset_1.csv
Nicole Huerta,Nicole_Huerta@acevedo.com,1981-07-01,915957,Nicole,Huerta,19810701,40,true,invalid_mobile,input_batches/applications_dataset_1.csv
Matthew Hoffman,Matthew_Hoffman@lara.com,05-04-2005,44628735,Matthew,Hoffman,20050405,16,false,under_18,input_batches/applications_dataset_1.csv
Sandra Francis,Sandra_Francis@juarez.org,18-04-1965,596037,Sandra,Francis,19650418,56,true,invalid_mobile;invalid_email,input_batches/applications_dataset_1.csv
Rebecca Ray,Rebecca_Ray@davis.com,1991/03/28,78041,Rebecca,Ray,19910328,30,true,invalid_mobile,input_batches/applications_dataset_1.csv
Tammy Simpson,Tammy_Simpson@schneider.net,1972-09-14,9676269,Tammy,Simpson,19720914,49,true,invalid_mobile,input_batches/applications_dataset_1.csv
Kyle Clark,Kyle_Clark@harvey.org,1961/09/25,53051,Kyle,Clark,19610925,60,true,invalid_mobile;invalid_email,input_batches/applications_dataset_1.csv
Kyle Howard,Kyle_Howard@shannon-mosley.net,2009-10-21,21951,Kyle,Howard,20091021,12,false,under_18;invalid_mobile,input_batches/applications_dataset_1.csv
David Warren,David_Warren@bell-lewis.com,07/18/1969,437769,David,Warren,19690718,52,true,invalid_mobile,input_batches/applications_dataset_1.csv
Brandon Townsend,Brandon_Townsend@gray-davis.info,1989/02/03,38911,Brandon,Townsend,19890203,32,true,invalid_mobile;invalid_email,input_batches/applications_dataset_1.csv
Christopher Ellis,Christopher_Ellis@johnson.com,1970/05/14,4715418,Christopher,Ellis,19700514,51,true,invalid_mobile,input_batches/applications_dataset_1.csv
Renee Mccall,Renee_Mccall@valencia-ward.com,1994/11/09,4767253,Renee,Mccall,19941109,27,true,invalid_mobile,input_batches/applications_dataset_1.csv
Nicole Valdez,Nicole_Valdez@chase.net,05/18/1975,2440103,Nicole,Valdez,19750518,46,true,invalid_mobile,input_batches/applications_dataset_1.csv
Adam Morrison,Adam_Morrison@clay-jones.com,01-08-1980,4022019,Adam,Morrison,19800801,41,true,invalid_mobile,input_batches/applications_dataset_1.csv
Kenneth Koch,Kenneth_Koch@wagner.com,1966/02/06,130515,Kenneth,Koch,19660206,55,true,invalid_mobile,input_batches/applications_dataset_1.csv
Michael Harris,Michael_Harris@miller-fischer.com,2004/05/22,66016,Michael,Harris,20040522,17,false,under_18;invalid_mobile,input_batches/applications_dataset_1.csv
Devon Levy,Devon_Levy@chapman.com,1968/06/25,244203,Devon,Levy,19680625,53,true,invalid_mobile,input_batches/applications_dataset_1.csv
Alison Wright,Alison_Wright@moore.info,1954-02-25,8439607,Alison,Wright,19540225,67,true,invalid_mobile;invalid_email,input_batches/applications_dataset_1.csv
Jennifer Jones,Jennifer_Jones@williams.com,2014-04-26,67930447,Jennifer,Jones,20140426,7,false,under_18,input_batches/applications_dataset_1.csv
Alexandra Rosales,Alexandra_Rosales@wu-kerr.net,1953-09-25,9013887,Alexandra,Rosales,19530925,68,true,invalid_mobile,input_batches/applications_dataset_1.csv
Erika Wood,Erika_Wood@jacobson.org,09-06-1952,7709010,Erika,Wood,19520609,69,true,invalid_mobile;invalid_email,input_batches/applications_dataset_1.csv
Kristen Dyer,Kristen_Dyer@haynes.com,06/20/1992,371487,Kristen,Dyer,19920620,29,true,invalid_mobile,input_batches/applications_dataset_1.csv
Adrian Martin,Adrian_Martin@rojas.net,2008/03/07,98206903,Adrian,Martin,20080307,13,false,under_18,input_batches/applications_dataset_1.csv
Joshua Hunter,Joshua_Hunter@jackson-parker.com,2007-05-17,60770775,Joshua,Hunter,20070517,14,false,under_18,input_batches/applications_dataset_1.csv
Cindy Wells,Cindy_Wells@munoz.com,1973-06-16,5892335,Cindy,Wells,19730616,48,true,invalid_mobile,input_batches/applications_dataset_1.csv
Meredith Shepherd,Meredith_Shepherd@wolfe.com,2016-10-29,65360583,Meredith,Shepherd,20161029,5,false,under_18,input_batches/applications_dataset_1.csv
Paula Jackson,Paula_Jackson@rodgers.com,09/03/2010,945849,Paula,Jackson,20100903,11,false,under_18;invalid_mobile,input_batches/applications_dataset_1.csv
Jacob Woodard,Jacob_Woodard@lee-williams.biz,08/21/2005,4707 3639,Jacob,Woodard,20050821,16,false,under_18;invalid_email,input_batches/applications_dataset_1.csv
Michael Hill,Michael_Hill@herrera-vargas.com,1977-08-02,9580964,Michael,Hill,19770802,44,true,invalid_mobile,input_batches/applications_dataset_1.csv
Maureen Miller,Maureen_Miller@wright.com,04/07/1958,6526234,Maureen,Miller,19580407,63,true,invalid_mobile,input_batches/applications_dataset_1.csv
Pamela Brandt,Pamela_Brandt@glover.com,1983/08/21,93461,Pamela,Brandt,19830821,38,true,invalid_mobile,input_batches/applications_dataset_1.csv
Matthew Rojas Jr.,Matthew_Rojas@austin.com,1950/04/30,4089233,Matthew,Rojas,19500430,71,true,invalid_mobile,input_batches/applications_dataset_1.csv
Lawrence Jordan,Lawrence_Jordan@adams-gutierrez.com,05/19/1962,677979,Lawrence,Jordan,19620519,59,true,invalid_mobile,input_batches/applications_dataset_1.csv
Travis Coleman,Travis_Coleman@williams.com,09-02-1995,424587,Travis,Coleman,19950209,26,true,invalid_mobile,input_batches/applications_dataset_1.csv
Tina Lopez,Tina_Lopez@white-payne.com,2017-01-12,53786,Tina,Lopez,20170112,4,false,under_18;invalid_mobile,input_batches/applications_dataset_1.csv
Joseph Armstrong,Joseph_Armstrong@miller-lee.com,11-09-1980,18656,Joseph,Armstrong,19800911,41,true,invalid_mobile,input_batches/applications_dataset_1.csv
Kayla Sellers,Kayla_Sellers@stewart.info,2002/03/29,509223,Kayla,Sellers,20020329,19,true,invalid_mobile;invalid_email,input_batches/applications_dataset_1.csv
Michael Rogers,Michael_Rogers@wagner.com,03/12/1955,22141,Michael,Rogers,19550312,66,true,invalid_mobile,input_batches/applications_dataset_1.csv
Tiffany Fitzpatrick,Tiffany_Fitzpatrick@lindsey.com,13-02-1996,791433,Tiffany,Fitzpatrick,19960213,25,true,invalid_mobile,input_batches/applications_dataset_1.csv
Sierra Warren,Sierra_Warren@miranda.biz,1963-02-12,82651,Sierra,Warren,19630212,58,true,invalid_mobile;invalid_email,input_batches/applications_dataset_1.csv
Patricia Martinez,Patricia_Martinez@stewart.info,1962-12-02,61469863,Patricia,Martinez,19621202,59,true,invalid_email,input_batches/applications_dataset_1.csv
Gregory Castillo,Gregory_Castillo@nunez-henderson.org,20-02-1972,3822057,Gregory,Castillo,19720220,49,true,invalid_mobile;invalid_email,input_batches/applications_dataset_1.csv
Yvonne Murphy,Yvonne_Murphy@valdez.com,1993/06/25,1348131,Yvonne,Murphy,19930625,28,true,invalid_mobile,input_batches/applications_dataset_1.csv
Austin Patel,Austin_Patel@reid.com,2016-07-30,666243,Austin,Patel,20160730,5,false,under_18;invalid_mobile,input_batches/applications_dataset_1.csv
Ronald Lopez,Ronald_Lopez@swanson.com,1978/01/27,25071,Ronald,Lopez,19780127,43,true,invalid_mobile,input_batches/applications_dataset_1.csv
Terry Fowler,Terry_Fowler@rivers-miller.org,2004-07-10,65941,Terry,Fowler,20040710,17,false,under_18;invalid_mobile;invalid_email,input_batches/applications_dataset_1.csv
Holly Lara,Holly_Lara@young.net,01/16/1970,81361,Holly,Lara,19700116,51,true,invalid_mobile,input_batches/applications_dataset_1.csv
Cody Hayden,Cody_Hayden@donovan.com,04/10/1989,2063461,Cody,Hayden,19890410,32,true,invalid_mobile,input_batches/applications_dataset_1.csv
Veronica Bradford,Veronica_Bradford@larson.com,1986-10-24,3765728,Veronica,Bradford,19861024,35,true,invalid_mobile,input_batches/applications_dataset_1.csv
Sylvia Moon,Sylvia_Moon@mcintyre.biz,25-07-2003,37974511,Sylvia,Moon,20030725,18,false,under_18;invalid_email,input_batches/applications_dataset_1.csv
Sharon Young,Sharon_Young@cordova.biz,1992/02/04,57220335,Sharon,Young,19920204,29,true,invalid_email,input_batches/applications_dataset_1.csv
Jeffery Wilson,Jeffery_Wilson@cook.com,1978-11-18,30701,Jeffery,Wilson,19781118,43,true,invalid_mobile,input_batches/applications_dataset_1.csv
Tammy Cooper,Tammy_Cooper@allen.com,05-01-1979,38916,Tammy,Cooper,19790105,42,true,invalid_mobile,input_batches/applications_dataset_1.csv
Jessica Gardner,Jessica_Gardner@cook-howe.com,08/05/1964,20356,Jessica,Gardner,19640805,57,true,invalid_mobile,input_batches/applications_dataset_1.csv
Mr. Matthew Roman,Matthew_Roman@gonzalez-cooper.com,2011/02/15,72646,Matthew,Roman,20110215,10,false,under_18;invalid_mobile,input_batches/applications_dataset_1.csv
Sharon Frazier,Sharon_Frazier@garcia-hall.info,1997-05-08,9084097,Sharon,Frazier,19970508,24,true,invalid_mobile;invalid_email,input_batches/applications_dataset_1.csv
James Gonzalez,James_Gonzalez@woodward.org,20-03-1974,95391,James,Gonzalez,19740320,47,true,invalid_mobile;invalid_email,input_batches/applications_dataset_1.csv
Tracy Mcmillan,Tracy_Mcmillan@wilson.com,06/20/2001,87726,Tracy,Mcmillan,20010620,20,true,invalid_mobile,input_batches/applications_dataset_1.csv
Jenna Ayala,Jenna_Ayala@price.net,2017/06/19,112557,Jenna,Ayala,20170619,4,false,under_18;invalid_mobile,input_batches/applications_dataset_1.csv
Julie Martinez,Julie_Martinez@chung-williams.com,23-05-2014,59153079,Julie,Martinez,20140523,7,false,under_18,input_batches/applications_dataset_1.csv
Richard Lee,Richard_Lee@jones-willis.info,2000-10-24,3018611,Richard,Lee,20001024,21,true,invalid_mobile;invalid_email,input_batches/applications_dataset_1.csv
Timothy Lopez,Timothy_Lopez@george.com,2008-08-28,49793623,Timothy,Lopez,20080828,13,false,under_18,input_batches/applications_dataset_1.csv
Karen Erickson,Karen_Erickson@roman.org,1978/10/04,68245335,Karen,Erickson,19781004,43,true,invalid_email,input_batches/applications_dataset_1.csv
Robin Evans,Robin_Evans@coleman.net,30-07-1973,909081,Robin,Evans,19730730,48,true,invalid_mobile,input_batches/applications_dataset_1.csv
Melvin Butler,Melvin_Butler@hardy.org,11/14/1957,6415 4343,Melvin,Butler,19571114,64,true,invalid_email,input_batches/applications_dataset_1.csv
Deborah Mcbride,Deborah_Mcbride@brooks-pitts.net,05/11/1988,64806,Deborah,Mcbride,19880511,33,true,invalid_mobile,input_batches/applications_dataset_1.csv
Austin Williams,Austin_Williams@villanueva.com,1962-08-24,84646,Austin,Williams,19620824,59,true,invalid_mobile,input_batches/applications_dataset_1.csv
Kenneth Dean,Kenneth_Dean@rodriguez.com,1962-06-21,8649705,Kenneth,Dean,19620621,59,true,invalid_mobile,input_batches/applications_dataset_1.csv
Joan Crawford,Joan_Crawford@scott.com,10/31/1963,31071,Joan,Crawford,19631031,58,true,invalid_mobile,input_batches/applications_dataset_1.csv
Erin King,Erin_King@lee-miller.com,01/28/1957,399327,Erin,King,19570128,64,true,invalid_mobile,input_batches/applications_dataset_1.csv
Mr. James Hamilton,James_Hamilton@finley-nelson.com,2014-04-12,1118839,James,Hamilton,20140412,7,false,under_18;invalid_mobile,input_batches/applications_dataset_1.csv
Deborah Hood,Deborah_Hood@olson.com,25-12-1966,29986,Deborah,Hood,19661225,55,true,invalid_mobile,input_batches/applications_dataset_1.csv
Marcus Stout,Marcus_Stout@barber-wright.org,05/10/1996,2686195,Marcus,Stout,19960510,25,true,invalid_mobile;invalid_email,input_batches/applications_dataset_1.csv
Shannon Jacobs,Shannon_Jacobs@norris.com,2000/09/22,44866,Shannon,Jacobs,20000922,21,true,invalid_mobile,input_batches/applications_dataset_1.csv
Todd Harris,Todd_Harris@pierce.com,1975-08-07,355683,Todd,Harris,19750807,46,true,invalid_mobile,input_batches/applications_dataset_1.csv
Sarah Wilson,Sarah_Wilson@webb-gomez.com,01/31/2011,23076,Sarah,Wilson,20110131,10,false,under_18;invalid_mobile,input_batches/applications_dataset_1.csv
Edward Brown,Edward_Brown@baker-wright.net,04/16/1960,26096,Edward,Brown,19600416,61,true,invalid_mobile,input_batches/applications_dataset_1.csv
Calvin Jones,Calvin_Jones@morgan-lopez.org,2007-11-26,89850455,Calvin,Jones,20071126,14,false,under_18;invalid_email,input_batches/applications_dataset_1.csv
Mr. Nicholas Fry,Nicholas_Fry@neal.com,02/15/2010,572103,Nicholas,Fry,20100215,11,false,under_18;invalid_mobile,input_batches/applications_dataset_1.csv
Alejandro Sharp,Alejandro_Sharp@banks.biz,1986-05-31,8316624,Alejandro,Sharp,19860531,35,true,invalid_mobile;invalid_email,input_batches/applications_dataset_1.csv
Debra Morgan,Debra_Morgan@clark.com,1980/10/28,4955196,Debra,Morgan,19801028,41,true,invalid_mobile,input_batches/applications_dataset_1.csv
John Kemp,John_Kemp@underwood.com,28-09-1990,1162092,John,Kemp,19900928,31,true,invalid_mobile,input_batches/applications_dataset_1.csv
Benjamin Richardson,Benjamin_Richardson@yang.com,1976-09-10,5904655,Benjamin,Richardson,19760910,45,true,invalid_mobile,input_batches/applications_dataset_1.csv
Eric Cobb,Eric_Cobb@cannon.net,1982-10-25,869745,Eric,Cobb,19821025,39,true,invalid_mobile,input_batches/applications_dataset_1.csv
Joseph Daniel,Joseph_Daniel@manning.info,08-08-1965,4498656,Joseph,Daniel,19650808,56,true,invalid_mobile;invalid_email,input_batches/applications_dataset_1.csv
William Pollard,William_Pollard@lewis-wiley.com,18-06-2004,3633106,William,Pollard,20040618,17,false,under_18;invalid_mobile,input_batches/applications_dataset_1.csv
Aaron Pace,Aaron_Pace@burgess-riley.com,01/02/2012,75746,Aaron,Pace,20120102,9,false,under_18;invalid_mobile,input_batches/applications_dataset_1.csv
Wendy Smith,Wendy_Smith@ferguson-jones.com,1986/06/29,8189700,Wendy,Smith,19860629,35,true,invalid_mobile,input_batches/applications_dataset_1.csv
Cheyenne Hernandez,Cheyenne_Hernandez@thomas.info,01/20/1973,782919,Cheyenne,Hernandez,19730120,48,true,invalid_mobile;invalid_email,input_batches/applications_dataset_1.csv
Patricia Spencer,Patricia_Spencer@holland-rodriguez.com,2004-03-23,52772407,Patricia,Spencer,20040323,17,false,under_18,input_batches/applications_dataset_1.csv
Charles Taylor PhD,Charles_Taylor@ramsey-pruitt.net,15-05-1966,369705,Charles,Taylor,19660515,55,true,invalid_mobile,input_batches/applications_dataset_1.csv
Stacey Clark,Stacey_Clark@williams.com,1957-08-25,71616,Stacey,Clark,19570825,64,true,invalid_mobile,input_batches/applications_dataset_1.csv
Megan Williams,Megan_Williams@novak.com,19-08-1987,75936,Megan,Williams,19870819,34,true,invalid_mobile,input_batches/applications_dataset_1.csv
Robert Lee,Robert_Lee@house.com,1973-10-21,4718981,Robert,Lee,19731021,48,true,invalid_mobile,input_batches/applications_dataset_1.csv
James Davis,James_Davis@huang.com,05/01/1959,9453046,James,Davis,19590501,62,true,invalid_mobile,input_batches/applications_dataset_1.csv
Tami Harper,Tami_Harper@hall-flowers.biz,28-06-1972,7979651,Tami,Harper,19720628,49,true,invalid_mobile;invalid_email,input_batches/applications_dataset_1.csv
Thomas Avila,Thomas_Avila@henry-powell.org,1997/01/09,502887,Thomas,Avila,19970109,24,true,invalid_mobile;invalid_email,input_batches/applications_dataset_1.csv
Darius Phillips,Darius_Phillips@mercado.biz,2002/06/14,16737247,Darius,Phillips,20020614,19,true,invalid_email,input_batches/applications_dataset_1.csv
Donald Perez,Donald_Perez@douglas-robles.com,1993-10-10,2697444,Donald,Perez,19931010,28,true,invalid_mobile,input_batches/applications_dataset_1.csv
Elizabeth Moran,Elizabeth_Moran@mills.com,19-03-1994,91826,Elizabeth,Moran,19940319,27,true,invalid_mobile,input_batches/applications_dataset_1.csv
Kristina Chapman,Kristina_Chapman@hunt.org,06/26/1984,71866,Kristina,Chapman,19840626,37,true,invalid_mobile;invalid_email,input_batches/applications_dataset_1.csv
Julie Hobbs,Julie_Hobbs@moreno.biz,1980-02-14,787695,Julie,Hobbs,19800214,41,true,invalid_mobile;invalid_email,input_batches/applications_dataset_1.csv
Hailey Miller,Hailey_Miller@gay.org,1971/02/17,44016239,Hailey,Miller,19710217,50,true,invalid_email,input_batches/applications_dataset_1.csv
Robert Elliott,Robert_Elliott@johnson.com,03-12-2001,157947,Robert,Elliott,20011203,20,true,invalid_mobile,input_batches/applications_dataset_1.csv
Kathleen Franklin,Kathleen_Franklin@golden.com,02/10/1997,281229,Kathleen,Franklin,19970210,24,true,invalid_mobile,input_batches/applications_dataset_1.csv
Cassandra Smith,Cassandra_Smith@sweeney.com,19-10-1994,13626,Cassandra,Smith,19941019,27,true,invalid_mobile,input_batches/applications_dataset_1.csv
Stacey Montoya,Stacey_Montoya@smith.net,01/26/2008,7954164,Stacey,Montoya,20080126,13,false,under_18;invalid_mobile,input_batches/applications_dataset_1.csv
Hector Rivera,Hector_Rivera@oconnor.info,09/11/1956,2315 3231,Hector,Rivera,19560911,65,true,invalid_email,input_batches/applications_dataset_1.csv
Veronica Morris,Veronica_Morris@thomas.com,04-04-1958,7713651,Veronica,Morris,19580404,63,true,invalid_mobile,input_batches/applications_dataset_1.csv
Derrick Sanders,Derrick_Sanders@lopez.info,1951-04-25,96331,Derrick,Sanders,19510425,70,true,invalid_mobile;invalid_email,input_batches/applications_dataset_1.csv
Russell Gallagher,Russell_Gallagher@davidson.com,23-02-1974,711303,Russell,Gallagher,19740223,47,true,invalid_mobile,input_batches/applications_dataset_1.csv
Cody Moore,Cody_Moore@parker.com,1961/07/10,759435,Cody,Moore,19610710,60,true,invalid_mobile,input_batches/applications_dataset_1.csv
Robin Ramsey,Robin_Ramsey@gilbert-bailey.info,2010/02/05,1197988,Robin,Ramsey,20100205,11,false,under_18;invalid_mobile;invalid_email,input_batches/applications_dataset_1.csv
Heather Shelton,Heather_Shelton@porter.com,04/15/1996,252819,Heather,Shelton,19960415,25,true,invalid_mobile,input_batches/applications_dataset_1.csv
Lindsay Zuniga,Lindsay_Zuniga@carson.org,04/12/2004,9566523,Lindsay,Zuniga,20040412,17,false,under_18;invalid_mobile;invalid_email,input_batches/applications_dataset_1.csv
Mark Wells,Mark_Wells@bentley-thomas.info,1972/01/06,53601,Mark,Wells,19720106,49,true,invalid_mobile;invalid_email,input_batches/applications_dataset_1.csv
Gerald Gonzales,Gerald_Gonzales@bennett.com,01/02/1975,71646,Gerald,Gonzales,19750102,46,true,invalid_mobile,input_batches/applications_dataset_1.csv
Christopher Perez,Christopher_Perez@barker-daniels.com,1985-09-24,830727,Christopher,Perez,19850924,36,true,invalid_mobile,input_batches/applications_dataset_1.csv
Justin Thornton,Justin_Thornton@mcintyre-knight.com,1996/07/30,801567,Justin,Thornton,19960730,25,true,invalid_mobile,input_batches/applications_dataset_1.csv
Miss Lauren Solis,Lauren_Solis@frazier-lewis.com,2014-09-22,13418359,Lauren,Solis,20140922,7,false,under_18,input_batches/applications_dataset_1.csv
Michael Shannon,Michael_Shannon@martinez-mccann.info,2005/05/09,996129,Michael,Shannon,20050509,16,false,under_18;invalid_mobile;invalid_email,input_batches/applications_dataset_1.csv
Sheila Garcia,Sheila_Garcia@griffin-garcia.org,18-03-1985,17726,Sheila,Garcia,19850318,36,true,invalid_mobile;invalid_email,input_batches/applications_dataset_1.csv
Rebecca Rogers,Rebecca_Rogers@graves-clark.com,05/24/1987,504393,Rebecca,Rogers,19870524,34,true,invalid_mobile,input_batches/applications_dataset_1.csv
Dana Tran,Dana_Tran@brown.com,2016-12-15,8245840,Dana,Tran,20161215,5,false,under_18;invalid_mobile,input_batches/applications_dataset_1.csv
Elizabeth Lee,Elizabeth_Lee@lynn-sullivan.com,1974/09/01,87941,Elizabeth,Lee,19740901,47,true,invalid_mobile,input_batches/applications_dataset_1.csv
Isaac Wright,Isaac_Wright@parker.com,2002-11-02,39506,Isaac,Wright,20021102,19,true,invalid_mobile,input_batches/applications_dataset_1.csv
Jennifer Evans,Jennifer_Evans@bender.info,1992/02/02,3653070,Jennifer,Evans,19920202,29,true,invalid_mobile;invalid_email,input_batches/applications_dataset_1.csv
Martha Mahoney,Martha_Mahoney@stephens.biz,1965/05/15,9900465,Martha,Mahoney,19650515,56,true,invalid_mobile;invalid_email,input_batches/applications_dataset_1.csv
Daniel Shelton,Daniel_Shelton@kent.biz,13-08-2009,18052207,Daniel,Shelton,20090813,12,false,under_18;invalid_email,input_batches/applications_dataset_1.csv
Jacqueline Sandoval,Jacqueline_Sandoval@craig.com,12/03/1962,858903,Jacqueline,Sandoval,19621203,59,true,invalid_mobile,input_batches/applications_dataset_1.csv
Yvette Gonzales,Yvette_Gonzales@campbell.info,2004-05-19,7022436,Yvette,Gonzales,20040519,17,false,under_18;invalid_mobile;invalid_email,input_batches/applications_dataset_1.csv
Sherry Randolph,Sherry_Randolph@wood.com,09/08/1971,2831501,Sherry,Randolph,19710908,50,true,invalid_mobile,input_batches/applications_dataset_1.csv
Nicholas Vincent,Nicholas_Vincent@clark-jones.com,1961-10-02,1589155,Nicholas,Vincent,19611002,60,true,invalid_mobile,input_batches/applications_dataset_1.csv
Nicole Banks,Nicole_Banks@mosley-blackwell.com,2006/06/04,72706,Nicole,Banks,20060604,15,false,under_18;invalid_mobile,input_batches/applications_dataset_1.csv
Kathryn Mckinney,Kathryn_Mckinney@gordon.com,06/03/1961,824547,Kathryn,Mckinney,19610603,60,true,invalid_mobile,input_batches/applications_dataset_1.csv
Kaylee Griffin,Kaylee_Griffin@russell.com,1954-05-08,629163,Kaylee,Griffin,19540508,67,true,invalid_mobile,input_batches/applications_dataset_1.csv
Raymond Yu,Raymond_Yu@mathis.com,05-02-1969,32306,Raymond,Yu,19690205,52,true,invalid_mobile,input_batches/applications_dataset_1.csv
Stephen Hill,Stephen_Hill@nelson.com,09/03/1954,516669,Stephen,Hill,19540903,67,true,invalid_mobile,input_batches/applications_dataset_1.csv
Ryan Young,Ryan_Young@eaton.com,07-01-1962,91136,Ryan,Young,19620107,59,true,invalid_mobile,input_batches/applications_dataset_1.csv
Kevin Turner,Kevin_Turner@wood.biz,1984/11/08,660435,Kevin,Turner,19841108,37,true,invalid_mobile;invalid_email,input_batches/applications_dataset_1.csv
Scott Bonilla,Scott_Bonilla@jones-holmes.info,1986-10-02,81577447,Scott,Bonilla,19861002,35,true,invalid_email,input_batches/applications_dataset_1.csv
Scott Smith,Scott_Smith@solomon.net,1971/11/03,42946,Scott,Smith,19711103,50,true,invalid_mobile,input_batches/applications_dataset_1.csv
Jill George,Jill_George@roberts-henderson.com,05-12-2007,779817,Jill,George,20071205,14,false,under_18;invalid_mobile,input_batches/applications_dataset_1.csv
Anthony Odonnell,Anthony_Odonnell@terry.com,1959-11-21,3722664,Anthony,Odonnell,19591121,62,true,invalid_mobile,input_batches/applications_dataset_1.csv
Tammy Dixon,Tammy_Dixon@campbell.com,1971/01/19,998367,Tammy,Dixon,19710119,50,true,invalid_mobile,input_batches/applications_dataset_1.csv
Mary Herring,Mary_Herring@bell.org,1960/03/24,4231347,Mary,Herring,19600324,61,true,invalid_mobile;invalid_email,input_batches/applications_dataset_1.csv
David Harris,David_Harris@eaton.biz,06/20/1976,305373,David,Harris,19760620,45,true,invalid_mobile;invalid_email,input_batches/applications_dataset_1.csv
Holly Jenkins,Holly_Jenkins@morrow-jenkins.com,12/07/2013,8791315,Holly,Jenkins,20131207,8,false,under_18;invalid_mobile,input_batches/applications_dataset_1.csv
Kristen Hall,Kristen_Hall@davenport.com,1985/01/24,8958020,Kristen,Hall,19850124,36,true,invalid_mobile,input_batches/applications_dataset_1.csv
Vanessa Hernandez,Vanessa_Hernandez@williams-wagner.com,1995-07-17,12111,Vanessa,Hernandez,19950717,26,true,invalid_mobile,input_batches/applications_dataset_1.csv
Lindsey Baker,Lindsey_Baker@brown-anderson.com,1959/04/24,45676,Lindsey,Baker,19590424,62,true,invalid_mobile,input_batches/applications_dataset_1.csv
Jessica Cooper,Jessica_Cooper@rivera.com,03/12/1990,9755481,Jessica,Cooper,19900312,31,true,invalid_mobile,input_batches/applications_dataset_1.csv
Daniel Garcia,Daniel_Garcia@williams-griffin.com,1956-03-15,99651,Daniel,Garcia,19560315,65,true,invalid_mobile,input_batches/applications_dataset_1.csv
Brandon Proctor,Brandon_Proctor@baldwin.com,2014/05/04,38506,Brandon,Proctor,20140504,7,false,under_18;invalid_mobile,input_batches/applications_dataset_1.csv
Ray Moore,Ray_Moore@davies.com,1956/10/07,20616,Ray,Moore,19561007,65,true,invalid_mobile,input_batches/applications_dataset_1.csv
Thomas Hughes,Thomas_Hughes@alvarez-gibson.com,18-06-2006,958323,Thomas,Hughes,20060618,15,false,under_18;invalid_mobile,input_batches/applications_dataset_1.csv
Erika Hill,Erika_Hill@weaver.net,21-12-2006,57806,Erika,Hill,20061221,15,false,under_18;invalid_mobile,input_batches/applications_dataset_1.csv
William Wright,William_Wright@mcdonald.info,01/17/1970,838293,William,Wright,19700117,51,true,invalid_mobile;invalid_email,input_batches/applications_dataset_1.csv
Joshua Hurley,Joshua_Hurley@smith.com,04-04-2003,8537131,Joshua,Hurley,20030404,18,false,under_18;invalid_mobile,input_batches/applications_dataset_1.csv
Allen Luna,Allen_Luna@mitchell.net,1979/08/02,933279,Allen,Luna,19790802,42,true,invalid_mobile,input_batches/applications_dataset_1.csv
David Forbes,David_Forbes@cochran.biz,2014-05-25,771255,David,Forbes,20140525,7,false,under_18;invalid_mobile;invalid_email,input_batches/applications_dataset_1.csv
Jeffrey Ross,Jeffrey_Ross@cooper-browning.biz,1991-08-21,2737799,Jeffrey,Ross,19910821,30,true,invalid_mobile;invalid_email,input_batches/applications_dataset_1.csv
Yolanda Morris,Yolanda_Morris@robles.info,02/10/1972,9915 6595,Yolanda,Morris,19720210,49,true,invalid_email,input_batches/applications_dataset_1.csv
Amy Webster,Amy_Webster@oliver-sanchez.info,2015/05/20,2325212,Amy,Webster,20150520,6,false,under_18;invalid_mobile;invalid_email,input_batches/applications_dataset_1.csv
Joseph Lopez,Joseph_Lopez@brown.biz,1980/05/25,549909,Joseph,Lopez,19800525,41,true,invalid_mobile;invalid_email,input_batches/applications_dataset_1.csv
Robert Miller,Robert_Miller@shields.com,1954/03/17,8861294,Robert,Miller,19540317,67,true,invalid_mobile,input_batches/applications_dataset_1.csv
Karen Harris,Karen_Harris@wheeler-moran.com,04/21/1991,80331,Karen,Harris,19910421,30,true,invalid_mobile,input_batches/applications_dataset_1.csv
George Spencer,George_Spencer@fuller.com,2018-12-16,2849022,George,Spencer,20181216,3,false,under_18;invalid_mobile,input_batches/applications_dataset_1.csv
Eric Roberts,Eric_Roberts@frey.com,08/08/1952,55931,Eric,Roberts,19520808,69,true,invalid_mobile,input_batches/applications_dataset_1.csv
Daniel Mckinney,Daniel_Mckinney@hernandez.com,12/18/1999,35241,Daniel,Mckinney,19991218,22,true,invalid_mobile,input_batches/applications_dataset_1.csv
Stephanie Rangel,Stephanie_Rangel@hart.com,07/25/2017,5612482,Stephanie,Rangel,20170725,4,false,under_18;invalid_mobile,input_batches/applications_dataset_1.csv
Cody Nichols,Cody_Nichols@rodriguez-lewis.info,05/26/2006,60386,Cody,Nichols,20060526,15,false,under_18;invalid_mobile;invalid_email,input_batches/applications_dataset_1.csv
Charles White,Charles_White@gomez.com,2016/12/18,116505,Charles,White,20161218,5,false,under_18;invalid_mobile,input_batches/applications_dataset_1.csv
Jennifer Ortiz,Jennifer_Ortiz@sosa.biz,11/07/1990,286689,Jennifer,Ortiz,19901107,31,true,invalid_mobile;invalid_email,input_batches/applications_dataset_1.csv
Ryan Hampton,Ryan_Hampton@edwards.com,2007-08-08,98126,Ryan,Hampton,20070808,14,false,under_18;invalid_mobile,input_batches/applications_dataset_1.csv
Jacqueline Soto,Jacqueline_Soto@holmes.com,1965/04/02,703569,Jacqueline,Soto,19650402,56,true,invalid_mobile,input_batches/applications_dataset_1.csv
Ashley Jones,Ashley_Jones@martin.com,03-12-1989,124377,Ashley,Jones,19891203,32,true,invalid_mobile,input_batches/applications_dataset_1.csv
Thomas Torres,Thomas_Torres@hammond.net,1997-01-02,787545,Thomas,Torres,19970102,24,true,invalid_mobile,input_batches/applications_dataset_1.csv
Charles Holt,Charles_Holt@sharp.com,1963-09-12,5416699,Charles,Holt,19630912,58,true,invalid_mobile,input_batches/applications_dataset_1.csv
Matthew Rodgers,Matthew_Rodgers@kaufman.com,1978/07/07,3455474,Matthew,Rodgers,19780707,43,true,invalid_mobile,input_batches/applications_dataset_1.csv
Jeremiah Robertson,Jeremiah_Robertson@brooks-patrick.info,1962/10/12,38471223,Jeremiah,Robertson,19621012,59,true,invalid_email,input_batches/applications_dataset_1.csv
Jeffery Barry,Jeffery_Barry@newton.info,2015-03-03,62246,Jeffery,Barry,20150303,6,false,under_18;invalid_mobile;invalid_email,input_batches/applications_dataset_1.csv
Katherine Berry,Katherine_Berry@wright.org,1988-03-15,295749,Katherine,Berry,19880315,33,true,invalid_mobile;invalid_email,input_batches/applications_dataset_1.csv
Zachary Holmes,Zachary_Holmes@huber.org,12/03/1953,324009,Zachary,Holmes,19531203,68,true,invalid_mobile;invalid_email,input_batches/applications_dataset_1.csv
Luis Peters,Luis_Peters@ramos-ruiz.com,1998-02-07,211911,Luis,Peters,19980207,23,true,invalid_mobile,input_batches/applications_dataset_1.csv
Rebecca Castillo,Rebecca_Castillo@hicks.org,01-12-1962,301083,Rebecca,Castillo,19621201,59,true,invalid_mobile;invalid_email,input_batches/applications_dataset_1.csv
Jessica Parker,Jessica_Parker@estrada.com,2016/12/02,758685,Jessica,Parker,20161202,5,false,under_18;invalid_mobile,input_batches/applications_dataset_1.csv
Bradley Anderson MD,Bradley_Anderson@bennett.info,1983-02-06,773709,Bradley,Anderson,19830206,38,true,invalid_mobile;invalid_email,input_batches/applications_dataset_1.csv
Adrian Perez,Adrian_Perez@carrillo.com,12/19/1970,369681,Adrian,Perez,19701219,51,true,invalid_mobile,input_batches/applications_dataset_1.csv
Matthew Green,Matthew_Green@russell.com,1990/10/12,551997,Matthew,Green,19901012,31,true,invalid_mobile,input_batches/applications_dataset_1.csv
Michelle Price,Michelle_Price@mcbride.com,1998-01-11,942495,Michelle,Price,19980111,23,true,invalid_mobile,input_batches/applications_dataset_1.csv
Phillip Meyer,Phillip_Meyer@mckee.com,1977-10-23,55691,Phillip,Meyer,19771023,44,true,invalid_mobile,input_batches/applications_dataset_1.csv
Julie Phillips,Julie_Phillips@doyle.biz,09-11-1960,9652868,Julie,Phillips,19601109,61,true,invalid_mobile;invalid_email,input_batches/applications_dataset_1.csv
Joseph Weber,Joseph_Weber@white.biz,07/25/2008,1431550,Joseph,Weber,20080725,13,false,under_18;invalid_mobile;invalid_email,input_batches/applications_dataset_1.csv
Charles Mack,Charles_Mack@greer-mcdonald.info,11-11-1991,22116,Charles,Mack,19911111,30,true,invalid_mobile;invalid_email,input_batches/applications_dataset_1.csv
John Tucker,John_Tucker@nelson-blake.info,07/04/2003,5346545,John,Tucker,20030704,18,false,under_18;invalid_mobile;invalid_email,input_batches/applications_dataset_1.csv
Dana Wilson,Dana_Wilson@bass.org,01/03/1966,54366,Dana,Wilson,19660103,55,true,invalid_mobile;invalid_email,input_batches/applications_dataset_1.csv
Henry Howard,Henry_Howard@turner-curtis.org,06/25/1976,6436865,Henry,Howard,19760625,45,true,invalid_mobile;invalid_email,input_batches/applications_dataset_1.csv
William Garcia,William_Garcia@wilson.com,1995/12/20,7846476,William,Garcia,19951220,26,true,invalid_mobile,input_batches/applications_dataset_1.csv
Matthew Miller,Matthew_Miller@jones.info,18-12-1995,760359,Matthew,Miller,19951218,26,true,invalid_mobile;invalid_email,input_batches/applications_dataset_1.csv
Joseph Sanchez,Joseph_Sanchez@martinez-hoffman.biz,09/13/1956,9099 6671,Joseph,Sanchez,19560913,65,true,invalid_email,input_batches/applications_dataset_1.csv
Cory Christensen,Cory_Christensen@perry.net,06/15/2018,4467562,Cory,Christensen,20180615,3,false,under_18;invalid_mobile,input_batches/applications_dataset_1.csv
Jamie Mccullough,Jamie_Mccullough@carlson.com,1992/10/01,90301,Jamie,Mccullough,19921001,29,true,invalid_mobile,input_batches/applications_dataset_1.csv
Jose Smith,Jose_Smith@clarke-pierce.net,1955/09/13,176193,Jose,Smith,19550913,66,true,invalid_mobile,input_batches/applications_dataset_1.csv
Christine Andrews,Christine_Andrews@bennett-ramirez.com,1993/10/19,435993,Christine,Andrews,19931019,28,true,invalid_mobile,input_batches/applications_dataset_1.csv
Justin Taylor,Justin_Taylor@faulkner.com,2009-09-14,42836,Justin,Taylor,20090914,12,false,under_18;invalid_mobile,input_batches/applications_dataset_1.csv
Dylan Sanchez,Dylan_Sanchez@villa-yang.net,11-11-2003,425397,Dylan,Sanchez,20031111,18,false,under_18;invalid_mobile,input_batches/applications_dataset_1.csv
Megan Watson,Megan_Watson@gray-alexander.com,16-08-2008,32181,Megan,Watson,20080816,13,false,under_18;invalid_mobile,input_batches/applications_dataset_1.csv
Reginald Bell,Reginald_Bell@estrada.net,11/14/1981,75521,Reginald,Bell,19811114,40,true,invalid_mobile,input_batches/applications_dataset_1.csv
James Bell,James_Bell@elliott-mills.org,1952/06/11,606561,James,Bell,19520611,69,true,invalid_mobile;invalid_email,input_batches/applications_dataset_1.csv
Jennifer Cooper,Jennifer_Cooper@mitchell-edwards.com,1973-12-23,711699,Jennifer,Cooper,19731223,48,true,invalid_mobile,input_batches/applications_dataset_1.csv
Tanya Wagner,Tanya_Wagner@jones-molina.com,1986/11/23,381597,Tanya,Wagner,19861123,35,true,invalid_mobile,input_batches/applications_dataset_1.csv
Henry Curtis,Henry_Curtis@owens-walker.biz,1989-05-27,6919718,Henry,Curtis,19890527,32,true,invalid_mobile;invalid_email,input_batches/applications_dataset_1.csv
Cassandra Elliott,Cassandra_Elliott@bradley.com,2003-05-06,6271378,Cassandra,Elliott,20030506,18,false,under_18;invalid_mobile,input_batches/applications_dataset_1.csv
Ray Mccarty,Ray_Mccarty@fuller.info,1971/02/08,55446,Ray,Mccarty,19710208,50,true,invalid_mobile;invalid_email,input_batches/applications_dataset_1.csv
Briana Marshall,Briana_Marshall@lawrence.com,1951/12/18,3113664,Briana,Marshall,19511218,70,true,invalid_mobile,input_batches/applications_dataset_1.csv
Melissa Clark,Melissa_Clark@holmes.com,1985-11-03,789753,Melissa,Clark,19851103,36,true,invalid_mobile,input_batches/applications_dataset_1.csv
Patrick Mays,Patrick_Mays@woods.com,18-08-1967,30286,Patrick,Mays,19670818,54,true,invalid_mobile,input_batches/applications_dataset_1.csv
Maria Powell,Maria_Powell@potts-knapp.com,01/21/1999,3376808,Maria,Powell,19990121,22,true,invalid_mobile,input_batches/applications_dataset_1.csv
Brian Rhodes,Brian_Rhodes@harris.com,1992/06/01,6948187,Brian,Rhodes,19920601,29,true,invalid_mobile,input_batches/applications_dataset_1.csv
Kenneth Holmes,Kenneth_Holmes@martinez.com,05-02-1989,4094623,Kenneth,Holmes,19890205,32,true,invalid_mobile,input_batches/applications_dataset_1.csv
Adam Garcia,Adam_Garcia@patterson.com,1995/02/06,5263028,Adam,Garcia,19950206,26,true,invalid_mobile,input_batches/applications_dataset_1.csv
Matthew Johnson,Matthew_Johnson@weber.com,24-09-1968,4986731,Matthew,Johnson,19680924,53,true,invalid_mobile,input_batches/applications_dataset_1.csv
Randy Aguirre,Randy_Aguirre@gates.com,2011/10/27,114495,Randy,Aguirre,20111027,10,false,under_18;invalid_mobile,input_batches/applications_dataset_1.csv
Michael Garcia,Michael_Garcia@thornton.com,05/11/2006,884685,Michael,Garcia,20060511,15,false,under_18;invalid_mobile,input_batches/applications_dataset_1.csv
Henry Johnson Jr.,Henry_Johnson@horton.org,2012-05-15,54804439,Henry,Johnson,20120515,9,false,under_18;invalid_email,input_batches/applications_dataset_1.csv
Scott Dodson,Scott_Dodson@campbell-long.com,16-05-1951,333987,Scott,Dodson,19510516,70,true,invalid_mobile,input_batches/applications_dataset_1.csv
Laura Faulkner,Laura_Faulkner@wood.info,1995/09/29,583917,Laura,Faulkner,19950929,26,true,invalid_mobile;invalid_email,input_batches/applications_dataset_1.csv
Joseph Patterson,Joseph_Patterson@bentley.net,2017-01-16,2014986,Joseph,Patterson,20170116,4,false,under_18;invalid_mobile,input_batches/applications_dataset_1.csv
Joe Moody,Joe_Moody@johnson-watts.biz,1999-04-05,97781031,Joe,Moody,19990405,22,true,invalid_email,input_batches/applications_dataset_1.csv
Robert Kelley,Robert_Kelley@scott.com,06/02/1987,78861,Robert,Kelley,19870602,34,true,invalid_mobile,input_batches/applications_dataset_1.csv
Justin Mack,Justin_Mack@caldwell.com,13-05-2011,9661919,Justin,Mack,20110513,10,false,under_18;invalid_mobile,input_batches/applications_dataset_1.csv
Anna Gray,Anna_Gray@brown.biz,2006/02/23,5814397,Anna,Gray,20060223,15,false,under_18;invalid_mobile;invalid_email,input_batches/applications_dataset_1.csv
Christopher Lee,Christopher_Lee@chung-smith.com,2018-09-26,1169792,Christopher,Lee,20180926,3,false,under_18;invalid_mobile,input_batches/applications_dataset_1.csv
Mrs. Sara Garrett,Sara_Garrett@horn.com,01/04/2015,524085,Sara,Garrett,20150104,6,false,under_18;invalid_mobile,input_batches/applications_dataset_1.csv
Wendy Sanchez,Wendy_Sanchez@perry.com,1953-01-23,67276,Wendy,Sanchez,19530123,68,true,invalid_mobile,input_batches/applications_dataset_1.csv
Dr. Maria Hall,Maria_Hall@anderson-reyes.com,12/13/1951,563805,Maria,Hall,19511213,70,true,invalid_mobile,input_batches/applications_dataset_1.csv
Mr. James Hall,James_Hall@barrett.com,01/10/1951,1682122,James,Hall,19510110,70,true,invalid_mobile,input_batches/applications_dataset_1.csv
Robert Cabrera,Robert_Cabrera@kim.org,1995-07-06,99768879,Robert,Cabrera,19950706,26,true,invalid_email,input_batches/applications_dataset_1.csv
Megan Morrison,Megan_Morrison@long-weaver.com,03/19/1973,7875155,Megan,Morrison,19730319,48,true,invalid_mobile,input_batches/applications_dataset_1.csv
Jaime Mcdaniel,Jaime_Mcdaniel@mcclure-brooks.biz,2017/05/19,69676,Jaime,Mcdaniel,20170519,4,false,under_18;invalid_mobile;invalid_email,input_batches/applications_dataset_1.csv
Joseph Williams,Joseph_Williams@patterson-flores.biz,28-01-2002,8489027,Joseph,Williams,20020128,19,true,invalid_mobile;invalid_email,input_batches/applications_dataset_1.csv
Kevin Madden,Kevin_Madden@decker.com,2005-12-26,47551,Kevin,Madden,20051226,16,false,under_18;invalid_mobile,input_batches/applications_dataset_1.csv
Philip Cruz,Philip_Cruz@cohen.net,2007-04-10,2887249,Philip,Cruz,20070410,14,false,under_18;invalid_mobile,input_batches/applications_dataset_1.csv
Andrew Shaw,Andrew_Shaw@lee.biz,27-09-1990,366219,Andrew,Shaw,19900927,31,true,invalid_mobile;invalid_email,input_batches/applications_dataset_1.csv
Jessica Sexton,Jessica_Sexton@anderson.com,2007/02/18,963483,Jessica,Sexton,20070218,14,false,under_18;invalid_mobile,input_batches/applications_dataset_1.csv
Stephen Campos,Stephen_Campos@lam.biz,2005/01/23,19488863,Stephen,Campos,20050123,16,false,under_18;invalid_email,input_batches/applications_dataset_1.csv
Robert Griffith,Robert_Griffith@montgomery-roberts.info,08-01-1980,243957,Robert,Griffith,19800108,41,true,invalid_mobile;invalid_email,input_batches/applications_dataset_1.csv
John Aguilar,John_Aguilar@murphy-zuniga.com,10/19/1953,99521,John,Aguilar,19531019,68,true,invalid_mobile,input_batches/applications_dataset_1.csv
Jesus Meyer,Jesus_Meyer@sanford.com,1960/10/03,5316837,Jesus,Meyer,19601003,61,true,invalid_mobile,input_batches/applications_dataset_1.csv
Troy Butler,Troy_Butler@anderson.org,1974/04/05,2780947,Troy,Butler,19740405,47,true,invalid_mobile;invalid_email,input_batches/applications_dataset_1.csv
Jody Reed,Jody_Reed@winters-taylor.biz,2015/12/30,27588167,Jody,Reed,20151230,6,false,under_18;invalid_email,input_batches/applications_dataset_1.csv
Gloria Hartman,Gloria_Hartman@bell.com,1997/02/27,613809,Gloria,Hartman,19970227,24,true,invalid_mobile,input_batches/applications_dataset_1.csv
Melissa Mcbride,Melissa_Mcbride@miller.com,04/24/1990,36671,Melissa,Mcbride,19900424,31,true,invalid_mobile,input_batches/applications_dataset_1.csv
Robert Allen,Robert_Allen@boone.com,02/18/1985,61541,Robert,Allen,19850218,36,true,invalid_mobile,input_batches/applications_dataset_1.csv
Phillip Evans,Phillip_Evans@clayton-russo.net,1980/03/29,35416,Phillip,Evans,19800329,41,true,invalid_mobile,input_batches/applications_dataset_1.csv
Philip Banks,Philip_Banks@boyer.com,1996-06-10,70481,Philip,Banks,19960610,25,true,invalid_mobile,input_batches/applications_dataset_1.csv
Janet King,Janet_King@collins.biz,30-07-2014,6330059,Janet,King,20140730,7,false,under_18;invalid_mobile;invalid_email,input_batches/applications_dataset_1.csv
Michael Pierce,Michael_Pierce@boyd-griffith.com,1966/11/11,12221,Michael,Pierce,19661111,55,true,invalid_mobile,input_batches/applications_dataset_1.csv
Joseph Brown,Joseph_Brown@hays.net,2005-04-14,29911,Joseph,Brown,20050414,16,false,under_18;invalid_mobile,input_batches/applications_dataset_1.csv
Richard Martin,Richard_Martin@russell.com,11/22/1965,185529,Richard,Martin,19651122,56,true,invalid_mobile,input_batches/applications_dataset_1.csv
Brenda Turner,Brenda_Turner@vance-king.com,03/14/1990,5812899,Brenda,Turner,19900314,31,true,invalid_mobile,input_batches/applications_dataset_1.csv
Jennifer Conrad,Jennifer_Conrad@white-bennett.com,1997/03/06,7310892,Jennifer,Conrad,19970306,24,true,invalid_mobile,input_batches/applications_dataset_1.csv
Catherine Kirk,Catherine_Kirk@miller-mcfarland.com,2013-03-09,20921,Catherine,Kirk,20130309,8,false,under_18;invalid_mobile,input_batches/applications_dataset_1.csv
Andrea Gaines,Andrea_Gaines@lewis.net,10/30/1959,6065312,Andrea,Gaines,19591030,62,true,invalid_mobile,input_batches/applications_dataset_1.csv
Madison Nguyen,Madison_Nguyen@butler.info,1979-01-17,635127,Madison,Nguyen,19790117,42,true,invalid_mobile;invalid_email,input_batches/applications_dataset_1.csv
Tony Reese,Tony_Reese@henry-wells.net,23-06-1984,4413606,Tony,Reese,19840623,37,true,invalid_mobile,input_batches/applications_dataset_1.csv
Terri Powell,Terri_Powell@hunter-guerra.net,1987-03-07,27151,Terri,Powell,19870307,34,true,invalid_mobile,input_batches/applications_dataset_1.csv
David Wells,David_Wells@medina.com,1983-10-30,8094269,David,Wells,19831030,38,true,invalid_mobile,input_batches/applications_dataset_1.csv
Timothy Mitchell,Timothy_Mitchell@fields.net,1965/03/18,2410829,Timothy,Mitchell,19650318,56,true,invalid_mobile,input_batches/applications_dataset_1.csv
Kimberly Oconnor,Kimberly_Oconnor@jones-hanson.com,06/03/1951,134787,Kimberly,Oconnor,19510603,70,true,invalid_mobile,input_batches/applications_dataset_1.csv
Anthony Smith,Anthony_Smith@jones.biz,1956/03/25,846981,Anthony,Smith,19560325,65,true,invalid_mobile;invalid_email,input_batches/applications_dataset_1.csv
Roberta Garza,Roberta_Garza@peterson.com,2003-07-06,779787,Roberta,Garza,20030706,18,false,under_18;invalid_mobile,input_batches/applications_dataset_1.csv
Terry Bennett,Terry_Bennett@garcia.com,2012/02/28,16471,Terry,Bennett,20120228,9,false,under_18;invalid_mobile,input_batches/applications_dataset_1.csv
Mrs. Tiffany Gomez,Tiffany_Gomez@reilly-hill.com,07-01-1950,65216,Tiffany,Gomez,19500107,71,true,invalid_mobile,input_batches/applications_dataset_1.csv
Katherine Franklin,Katherine_Franklin@richardson.biz,27-08-2010,906189,Katherine,Franklin,20100827,11,false,under_18;invalid_mobile;invalid_email,input_batches/applications_dataset_1.csv
Sherry Martin,Sherry_Martin@cross-wright.org,1995/05/04,45471,Sherry,Martin,19950504,26,true,invalid_mobile;invalid_email,input_batches/applications_dataset_1.csv
Robert Li,Robert_Li@brock.com,2018/11/07,38151,Robert,Li,20181107,3,false,under_18;invalid_mobile,input_batches/applications_dataset_1.csv
Jesse Miller,Jesse_Miller@thompson-owens.biz,1961-03-06,854883,Jesse,Miller,19610306,60,true,invalid_mobile;invalid_email,input_batches/applications_dataset_1.csv
Kevin Jones,Kevin_Jones@moore.org,26-01-1974,122217,Kevin,Jones,19740126,47,true,invalid_mobile;invalid_email,input_batches/applications_dataset_1.csv
Rhonda Young,Rhonda_Young@knight.com,04-01-1958,53046,Rhonda,Young,19580104,63,true,invalid_mobile,input_batches/applications_dataset_1.csv
Tony Shepherd,Tony_Shepherd@petersen.com,07/03/2016,711447,Tony,Shepherd,20160703,5,false,under_18;invalid_mobile,input_batches/applications_dataset_2.csv
Sherry Gonzalez,Sherry_Gonzalez@caldwell.biz,14-03-1973,66744895,Sherry,Gonzalez,19730314,48,true,invalid_email,input_batches/applications_dataset_2.csv
Ashlee Austin,Ashlee_Austin@melendez.com,12/09/1992,6454197,Ashlee,Austin,19921209,29,true,invalid_mobile,input_batches/applications_dataset_2.csv
David Brown,David_Brown@jackson-smith.biz,2001-09-22,69082983,David,Brown,20010922,20,true,invalid_email,input_batches/applications_dataset_2.csv
Marc Meyer,Marc_Meyer@chavez.com,1996/05/17,9727376,Marc,Meyer,19960517,25,true,invalid_mobile,input_batches/applications_dataset_2.csv
Denise Glass,Denise_Glass@calderon.org,1982-05-31,77863943,Denise,Glass,19820531,39,true,invalid_email,input_batches/applications_dataset_2.csv
Emily Christian,Emily_Christian@hardy-ball.biz,1993/11/27,83586,Emily,Christian,19931127,28,true,invalid_mobile;invalid_email,input_batches/applications_dataset_2.csv
Billy Knight,Billy_Knight@thomas.biz,01/27/1955,4983 3743,Billy,Knight,19550127,66,true,invalid_email,input_batches/applications_dataset_2.csv
Shane Davis,Shane_Davis@smith.net,2006/06/25,42361783,Shane,Davis,20060625,15,false,under_18,input_batches/applications_dataset_2.csv
Laura Harding,Laura_Harding@jackson.com,2017-12-18,32048503,Laura,Harding,20171218,4,false,under_18,input_batches/applications_dataset_2.csv
Zachary Payne,Zachary_Payne@espinoza.info,17-02-2018,7802719,Zachary,Payne,20180217,3,false,under_18;invalid_mobile;invalid_email,input_batches/applications_dataset_2.csv
Jeffery Leon,Jeffery_Leon@clark.com,2004-03-24,9076271,Jeffery,Leon,20040324,17,false,under_18;invalid_mobile,input_batches/applications_dataset_2.csv
Jennifer Martin,Jennifer_Martin@anderson-ford.com,1999-01-12,1878563,Jennifer,Martin,19990112,22,true,invalid_mobile,input_batches/applications_dataset_2.csv
Lori Zimmerman,Lori_Zimmerman@smith-bradley.biz,1998-02-17,14572007,Lori,Zimmerman,19980217,23,true,invalid_email,input_batches/applications_dataset_2.csv
Katie Mcgee,Katie_Mcgee@moran.com,25-06-1967,65726,Katie,Mcgee,19670625,54,true,invalid_mobile,input_batches/applications_dataset_2.csv
Michael Parker,Michael_Parker@mcfarland-johns.com,1984-10-03,569205,Michael,Parker,19841003,37,true,invalid_mobile,input_batches/applications_dataset_2.csv
Robert Atkins,Robert_Atkins@west.net,09-11-2017,831963,Robert,Atkins,20171109,4,false,under_18;invalid_mobile,input_batches/applications_dataset_2.csv
Stephanie Brown,Stephanie_Brown@mueller-simmons.info,08-06-1976,8354970,Stephanie,Brown,19760608,45,true,invalid_mobile;invalid_email,input_batches/applications_dataset_2.csv
Erin Paul,Erin_Paul@vaughan-moore.com,12/22/2008,923211,Erin,Paul,20081222,13,false,under_18;invalid_mobile,input_batches/applications_dataset_2.csv
Kristina Torres,Kristina_Torres@wilson.com,02/17/1956,65486,Kristina,Torres,19560217,65,true,invalid_mobile,input_batches/applications_dataset_2.csv
Timothy Scott,Timothy_Scott@williams.info,21-06-1992,169047,Timothy,Scott,19920621,29,true,invalid_mobile;invalid_email,input_batches/applications_dataset_2.csv
Ronald Carter,Ronald_Carter@campbell-fitzgerald.com,16-01-1968,5109812,Ronald,Carter,19680116,53,true,invalid_mobile,input_batches/applications_dataset_2.csv
Catherine Smith,Catherine_Smith@king.org,20-05-1988,1996933,Catherine,Smith,19880520,33,true,invalid_mobile;invalid_email,input_batches/applications_dataset_2.csv
Mrs. Catherine Rivers,Catherine_Rivers@tate-barnes.com,1975/03/13,8648641,Catherine,Rivers,19750313,46,true,invalid_mobile,input_batches/applications_dataset_2.csv
Cynthia White,Cynthia_White@hogan.com,1951-08-21,722319,Cynthia,White,19510821,70,true,invalid_mobile,input_batches/applications_dataset_2.csv
Shawn Rojas,Shawn_Rojas@weber.com,15-12-1960,64641,Shawn,Rojas,19601215,61,true,invalid_mobile,input_batches/applications_dataset_2.csv
Evan Bradford,Evan_Bradford@may.biz,1955/11/01,28249239,Evan,Bradford,19551101,66,true,invalid_email,input_batches/applications_dataset_2.csv
John Leon,John_Leon@campbell-wu.org,1985/11/29,5767672,John,Leon,19851129,36,true,invalid_mobile;invalid_email,input_batches/applications_dataset_2.csv
Karen Lopez,Karen_Lopez@vargas-lewis.com,24-06-1985,8649712,Karen,Lopez,19850624,36,true,invalid_mobile,input_batches/applications_dataset_2.csv
Rebekah Jackson,Rebekah_Jackson@cook.info,1968-05-14,14674871,Rebekah,Jackson,19680514,53,true,invalid_email,input_batches/applications_dataset_2.csv
Melissa Hogan,Melissa_Hogan@rodriguez-hughes.biz,2015-05-31,68883495,Melissa,Hogan,20150531,6,false,under_18;invalid_email,input_batches/applications_dataset_2.csv
Megan Wilson,Megan_Wilson@martinez.com,08/31/1953,591723,Megan,Wilson,19530831,68,true,invalid_mobile,input_batches/applications_dataset_2.csv
Justin Roberts,Justin_Roberts@wilson.com,12-02-2004,1171528,Justin,Roberts,20040212,17,false,under_18;invalid_mobile,input_batches/applications_dataset_2.csv
Ashley Fernandez,Ashley_Fernandez@johnson-perry.info,1960-03-22,49631,Ashley,Fernandez,19600322,61,true,invalid_mobile;invalid_email,input_batches/applications_dataset_2.csv
Terry Oliver,Terry_Oliver@raymond-stewart.info,08-07-2013,6019686,Terry,Oliver,20130708,8,false,under_18;invalid_mobile;invalid_email,input_batches/applications_dataset_2.csv
Brittany Ellison,Brittany_Ellison@nolan.com,2004/04/04,82360847,Brittany,Ellison,20040404,17,false,under_18,input_batches/applications_dataset_2.csv
Aaron Clark,Aaron_Clark@sanchez.com,1964-05-11,3522877,Aaron,Clark,19640511,57,true,invalid_mobile,input_batches/applications_dataset_2.csv
Michael Johnson,Michael_Johnson@jackson-cervantes.com,07/08/1950,763653,Michael,Johnson,19500708,71,true,invalid_mobile,input_batches/applications_dataset_2.csv
Heather Jones,Heather_Jones@medina.org,11-07-2009,57191,Heather,Jones,20090711,12,false,under_18;invalid_mobile;invalid_email,input_batches/applications_dataset_2.csv
Carly Estrada,Carly_Estrada@kim.com,1976-09-14,2972565,Carly,Estrada,19760914,45,true,invalid_mobile,input_batches/applications_dataset_2.csv
Alexandra Hopkins,Alexandra_Hopkins@gaines.com,07/01/2015,2092056,Alexandra,Hopkins,20150701,6,false,under_18;invalid_mobile,input_batches/applications_dataset_2.csv
Brittany Short,Brittany_Short@bowen.com,1993-01-19,9283373,Brittany,Short,19930119,28,true,invalid_mobile,input_batches/applications_dataset_2.csv
Julie Hopkins,Julie_Hopkins@roberts.com,30-04-2018,57706,Julie,Hopkins,20180430,3,false,under_18;invalid_mobile,input_batches/applications_dataset_2.csv
Crystal Long,Crystal_Long@alvarez-warner.biz,27-08-1974,528699,Crystal,Long,19740827,47,true,invalid_mobile;invalid_email,input_batches/applications_dataset_2.csv
Jack Jackson,Jack_Jackson@barron.biz,1963/01/06,6430880,Jack,Jackson,19630106,58,true,invalid_mobile;invalid_email,input_batches/applications_dataset_2.csv
Amber Smith,Amber_Smith@ho.biz,1968/12/29,54476327,Amber,Smith,19681229,53,true,invalid_email,input_batches/applications_dataset_2.csv
Christina Cross,Christina_Cross@terry-cooper.com,02/24/2007,828471,Christina,Cross,20070224,14,false,under_18;invalid_mobile,input_batches/applications_dataset_2.csv
Tina Dickerson,Tina_Dickerson@gordon-harrison.info,11/02/2009,21856,Tina,Dickerson,20091102,12,false,under_18;invalid_mobile;invalid_email,input_batches/applications_dataset_2.csv
Chase Chavez,Chase_Chavez@vasquez.com,05/12/1961,74541,Chase,Chavez,19610512,60,true,invalid_mobile,input_batches/applications_dataset_2.csv
Shelby Williams,Shelby_Williams@white-cabrera.com,2016-01-20,9588272,Shelby,Williams,20160120,5,false,under_18;invalid_mobile,input_batches/applications_dataset_2.csv
Shannon Jones,Shannon_Jones@choi-acosta.biz,06-05-1994,59291,Shannon,Jones,19940506,27,true,invalid_mobile;invalid_email,input_batches/applications_dataset_2.csv
David Goodwin,David_Goodwin@rivera-jones.com,1977-10-18,6647831,David,Goodwin,19771018,44,true,invalid_mobile,input_batches/applications_dataset_2.csv
Stephen Blankenship,Stephen_Blankenship@jefferson-anderson.com,21-10-2017,24416,Stephen,Blankenship,20171021,4,false,under_18;invalid_mobile,input_batches/applications_dataset_2.csv
Jacqueline Stanton,Jacqueline_Stanton@hawkins.com,1954/10/11,42606,Jacqueline,Stanton,19541011,67,true,invalid_mobile,input_batches/applications_dataset_2.csv
Allison Callahan,Allison_Callahan@weber.com,1958/10/25,581313,Allison,Callahan,19581025,63,true,invalid_mobile,input_batches/applications_dataset_2.csv
Frank Schaefer,Frank_Schaefer@richardson-norton.com,02/10/1955,30771,Frank,Schaefer,19550210,66,true,invalid_mobile,input_batches/applications_dataset_2.csv
Stephanie Ross,Stephanie_Ross@barker.com,1973/03/12,9489831,Stephanie,Ross,19730312,48,true,invalid_mobile,input_batches/applications_dataset_2.csv
Donald Norman,Donald_Norman@copeland.com,07/26/1997,245049,Donald,Norman,19970726,24,true,invalid_mobile,input_batches/applications_dataset_2.csv
Mitchell Fleming,Mitchell_Fleming@nguyen.net,2009-12-29,281433,Mitchell,Fleming,20091229,12,false,under_18;invalid_mobile,input_batches/applications_dataset_2.csv
Derek Romero,Derek_Romero@ramos.org,1967-08-06,35013079,Derek,Romero,19670806,54,true,invalid_email,input_batches/applications_dataset_2.csv
Beth Hall,Beth_Hall@brown.org,07/12/1960,9931 3667,Beth,Hall,19600712,61,true,invalid_email,input_batches/applications_dataset_2.csv
Monica Clark,Monica_Clark@price-burgess.biz,04/08/1981,12191,Monica,Clark,19810408,40,true,invalid_mobile;invalid_email,input_batches/applications_dataset_2.csv
Michael Rodriguez,Michael_Rodriguez@perez.net,2012/09/03,861723,Michael,Rodriguez,20120903,9,false,under_18;invalid_mobile,input_batches/applications_dataset_2.csv
Emily Davis,Emily_Davis@barker.info,10/05/1975,947103,Emily,Davis,19751005,46,true,invalid_mobile;invalid_email,input_batches/applications_dataset_2.csv
Samantha Arnold,Samantha_Arnold@rogers-bentley.org,01/05/1972,91936,Samantha,Arnold,19720105,49,true,invalid_mobile;invalid_email,input_batches/applications_dataset_2.csv
Adam Davidson,Adam_Davidson@snyder.com,2016-09-09,92651,Adam,Davidson,20160909,5,false,under_18;invalid_mobile,input_batches/applications_dataset_2.csv
Kristen Wallace,Kristen_Wallace@greer.net,1995/04/19,91796,Kristen,Wallace,19950419,26,true,invalid_mobile,input_batches/applications_dataset_2.csv
Michael Johnson,Michael_Johnson@martin.com,07-04-2016,95308759,Michael,Johnson,20160407,5,false,under_18,input_batches/applications_dataset_2.csv
Richard Flores,Richard_Flores@gomez-young.org,02/28/1983,171405,Richard,Flores,19830228,38,true,invalid_mobile;invalid_email,input_batches/applications_dataset_2.csv
Nicole Page,Nicole_Page@ross.com,1984/07/04,60101,Nicole,Page,19840704,37,true,invalid_mobile,input_batches/applications_dataset_2.csv
Anna Crawford,Anna_Crawford@brown.com,2008/02/17,8133399,Anna,Crawford,20080217,13,false,under_18;invalid_mobile,input_batches/applications_dataset_2.csv
David Stokes,David_Stokes@tyler-smith.org,1981/08/25,1236621,David,Stokes,19810825,40,true,invalid_mobile;invalid_email,input_batches/applications_dataset_2.csv
John Howell,John_Howell@sims.biz,08/21/1959,7727 5467,John,Howell,19590821,62,true,invalid_email,input_batches/applications_dataset_2.csv
Lacey Cochran,Lacey_Cochran@flowers.com,2004/09/28,38946,Lacey,Cochran,20040928,17,false,under_18;invalid_mobile,input_batches/applications_dataset_2.csv
Jessica Burns,Jessica_Burns@maynard-ruiz.com,1981-06-01,231345,Jessica,Burns,19810601,40,true,invalid_mobile,input_batches/applications_dataset_2.csv
Matthew Blevins,Matthew_Blevins@johnson.com,03/09/1965,24726,Matthew,Blevins,19650309,56,true,invalid_mobile,input_batches/applications_dataset_2.csv
Sabrina Young,Sabrina_Young@walters-freeman.net,2011-02-11,26381,Sabrina,Young,20110211,10,false,under_18;invalid_mobile,input_batches/applications_dataset_2.csv
Ricardo Brown,Ricardo_Brown@pitts-jimenez.com,1979/08/30,8765961,Ricardo,Brown,19790830,42,true,invalid_mobile,input_batches/applications_dataset_2.csv
Wesley Combs,Wesley_Combs@bright-zimmerman.biz,1965-12-30,43019751,Wesley,Combs,19651230,56,true,invalid_email,input_batches/applications_dataset_2.csv
Heather Conley,Heather_Conley@clements.com,1957-05-09,8704802,Heather,Conley,19570509,64,true,invalid_mobile,input_batches/applications_dataset_2.csv
Lauren Chen,Lauren_Chen@smith-richardson.com,2018/12/05,24942983,Lauren,Chen,20181205,3,false,under_18,input_batches/applications_dataset_2.csv
Kristin Baker,Kristin_Baker@baker-li.info,2011/04/29,385431,Kristin,Baker,20110429,10,false,under_18;invalid_mobile;invalid_email,input_batches/applications_dataset_2.csv
Jacqueline Wilson,Jacqueline_Wilson@davis.com,29-03-2010,4610005,Jacqueline,Wilson,20100329,11,false,under_18;invalid_mobile,input_batches/applications_dataset_2.csv
Becky Robinson,Becky_Robinson@navarro-rodriguez.com,1991-09-20,118719,Becky,Robinson,19910920,30,true,invalid_mobile,input_batches/applications_dataset_2.csv
Greg Hendrix,Greg_Hendrix@miller-brown.com,1978-05-06,76556,Greg,Hendrix,19780506,43,true,invalid_mobile,input_batches/applications_dataset_2.csv
Brandon Erickson,Brandon_Erickson@wilson.com,1982-11-19,358557,Brandon,Erickson,19821119,39,true,invalid_mobile,input_batches/applications_dataset_2.csv
Theresa Ross,Theresa_Ross@thompson.info,1969/06/18,97976,Theresa,Ross,19690618,52,true,invalid_mobile;invalid_email,input_batches/applications_dataset_2.csv
Julian Nguyen,Julian_Nguyen@lewis.com,03/27/2013,23876,Julian,Nguyen,20130327,8,false,under_18;invalid_mobile,input_batches/applications_dataset_2.csv
Charles Shields,Charles_Shields@oliver.org,1979/04/07,54884063,Charles,Shields,19790407,42,true,invalid_email,input_batches/applications_dataset_2.csv
Adriana Perez,Adriana_Perez@harris.com,1956/01/14,6357009,Adriana,Perez,19560114,65,true,invalid_mobile,input_batches/applications_dataset_2.csv
Melissa Jackson,Melissa_Jackson@schroeder-lopez.org,12-01-1996,51041,Melissa,Jackson,19960112,25,true,invalid_mobile;invalid_email,input_batches/applications_dataset_2.csv
William Ortiz,William_Ortiz@foley.org,1990-06-23,880059,William,Ortiz,19900623,31,true,invalid_mobile;invalid_email,input_batches/applications_dataset_2.csv
Mark Johnson,Mark_Johnson@smith.com,1978/11/17,82956,Mark,Johnson,19781117,43,true,invalid_mobile,input_batches/applications_dataset_2.csv
Troy Phillips,Troy_Phillips@huynh.net,1951/10/27,266277,Troy,Phillips,19511027,70,true,invalid_mobile,input_batches/applications_dataset_2.csv
Sarah Porter,Sarah_Porter@rose-mercado.net,12/21/1970,128499,Sarah,Porter,19701221,51,true,invalid_mobile,input_batches/applications_dataset_2.csv
Mark Scott,Mark_Scott@hernandez.com,05/12/1976,8159362,Mark,Scott,19760512,45,true,invalid_mobile,input_batches/applications_dataset_2.csv
Joseph Sullivan,Joseph_Sullivan@woods-shaw.biz,07/12/1979,377631,Joseph,Sullivan,19790712,42,true,invalid_mobile;invalid_email,input_batches/applications_dataset_2.csv
Andrew Ryan,Andrew_Ryan@woodard.com,2012-11-28,184779,Andrew,Ryan,20121128,9,false,under_18;invalid_mobile,input_batches/applications_dataset_2.csv
Paula Dixon,Paula_Dixon@lee-carter.net,1999/02/24,969831,Paula,Dixon,19990224,22,true,invalid_mobile,input_batches/applications_dataset_2.csv
Dr. Emily Hernandez,Emily_Hernandez@hernandez-mcconnell.biz,2015/08/03,31041,Emily,Hernandez,20150803,6,false,under_18;invalid_mobile;invalid_email,input_batches/applications_dataset_2.csv
Donald Jimenez,Donald_Jimenez@coleman.info,2016/02/07,544983,Donald,Jimenez,20160207,5,false,under_18;invalid_mobile;invalid_email,input_batches/applications_dataset_2.csv
Mr. William Parker,William_Parker@colon.net,08-02-1952,43576,William,Parker,19520208,69,true,invalid_mobile,input_batches/applications_dataset_2.csv
Austin Stevens,Austin_Stevens@nixon-bell.net,12/06/1992,877473,Austin,Stevens,19921206,29,true,invalid_mobile,input_batches/applications_dataset_2.csv
Heather Rogers,Heather_Rogers@golden.com,1996/04/19,3442552,Heather,Rogers,19960419,25,true,invalid_mobile,input_batches/applications_dataset_2.csv
Christopher Cline,Christopher_Cline@conrad.org,1958-02-28,21240567,Christopher,Cline,19580228,63,true,invalid_email,input_batches/applications_dataset_2.csv
James Cordova,James_Cordova@rodriguez.info,09/04/1958,9407 5463,James,Cordova,19580904,63,true,invalid_email,input_batches/applications_dataset_2.csv
Denise Smith,Denise_Smith@lee.biz,05/02/1992,744777,Denise,Smith,19920502,29,true,invalid_mobile;invalid_email,input_batches/applications_dataset_2.csv
Amanda Myers,Amanda_Myers@schneider.com,24-03-1977,670095,Amanda,Myers,19770324,44,true,invalid_mobile,input_batches/applications_dataset_2.csv
Johnny Mooney,Johnny_Mooney@miles.biz,1951/09/29,8371406,Johnny,Mooney,19510929,70,true,invalid_mobile;invalid_email,input_batches/applications_dataset_2.csv
Corey Spencer,Corey_Spencer@rios.com,13-05-1995,335667,Corey,Spencer,19950513,26,true,invalid_mobile,input_batches/applications_dataset_2.csv
Jacqueline Davis,Jacqueline_Davis@williams.info,12-06-2009,17681,Jacqueline,Davis,20090612,12,false,under_18;invalid_mobile;invalid_email,input_batches/applications_dataset_2.csv
Kayla Davis,Kayla_Davis@zuniga.net,27-08-2007,3597924,Kayla,Davis,20070827,14,false,under_18;invalid_mobile,input_batches/applications_dataset_2.csv
Bradley Poole,Bradley_Poole@schroeder-benitez.info,1995/04/24,5383008,Bradley,Poole,19950424,26,true,invalid_mobile;invalid_email,input_batches/applications_dataset_2.csv
William Pierce,William_Pierce@smith.com,1987/10/03,6368594,William,Pierce,19871003,34,true,invalid_mobile,input_batches/applications_dataset_2.csv
Brianna Berg,Brianna_Berg@martin.info,1991/11/10,3607815,Brianna,Berg,19911110,30,true,invalid_mobile;invalid_email,input_batches/applications_dataset_2.csv
Jimmy Fischer,Jimmy_Fischer@jackson.org,24-07-2011,6097155,Jimmy,Fischer,20110724,10,false,under_18;invalid_mobile;invalid_email,input_batches/applications_dataset_2.csv
Frances Harris,Frances_Harris@martinez.com,09/22/1969,3637229,Frances,Harris,19690922,52,true,invalid_mobile,input_batches/applications_dataset_2.csv
Kenneth Benton,Kenneth_Benton@mack.com,2017/11/19,37406,Kenneth,Benton,20171119,4,false,under_18;invalid_mobile,input_batches/applications_dataset_2.csv
Christopher Newman,Christopher_Newman@campbell.info,1995/09/25,93133527,Christopher,Newman,19950925,26,true,invalid_email,input_batches/applications_dataset_2.csv
Rebecca Jackson,Rebecca_Jackson@clark.com,1969/06/28,8651210,Rebecca,Jackson,19690628,52,true,invalid_mobile,input_batches/applications_dataset_2.csv
Veronica Bradshaw,Veronica_Bradshaw@martinez.com,18-07-1965,7569689,Veronica,Bradshaw,19650718,56,true,invalid_mobile,input_batches/applications_dataset_2.csv
Catherine Allen,Catherine_Allen@hernandez-fields.com,1980-09-05,38811,Catherine,Allen,19800905,41,true,invalid_mobile,input_batches/applications_dataset_2.csv
Andrea Carrillo,Andrea_Carrillo@hansen.com,1992/02/15,930069,Andrea,Carrillo,19920215,29,true,invalid_mobile,input_batches/applications_dataset_2.csv
Kelly Bailey,Kelly_Bailey@cherry.info,1996/02/17,43647431,Kelly,Bailey,19960217,25,true,invalid_email,input_batches/applications_dataset_2.csv
Kerry Byrd,Kerry_Byrd@brown.net,20-07-1971,9841007,Kerry,Byrd,19710720,50,true,invalid_mobile,input_batches/applications_dataset_2.csv
Gregory Lambert,Gregory_Lambert@williams.org,10/07/1975,2659 8607,Gregory,Lambert,19751007,46,true,invalid_email,input_batches/applications_dataset_2.csv
Dale Anderson,Dale_Anderson@bennett.com,07/25/1978,36216,Dale,Anderson,19780725,43,true,invalid_mobile,input_batches/applications_dataset_2.csv
Jacob Sherman,Jacob_Sherman@williams-holden.com,12/03/1956,9714237,Jacob,Sherman,19561203,65,true,invalid_mobile,input_batches/applications_dataset_2.csv
David Webb,David_Webb@schmidt.com,06/03/1954,68466,David,Webb,19540603,67,true,invalid_mobile,input_batches/applications_dataset_2.csv
Tonya Green,Tonya_Green@acevedo.com,31-03-2008,14506,Tonya,Green,20080331,13,false,under_18;invalid_mobile,input_batches/applications_dataset_2.csv
Alexis Lane,Alexis_Lane@stanley.com,22-06-2000,2086722,Alexis,Lane,20000622,21,true,invalid_mobile,input_batches/applications_dataset_2.csv
Joyce Cannon,Joyce_Cannon@hernandez.info,1960/04/09,686403,Joyce,Cannon,19600409,61,true,invalid_mobile;invalid_email,input_batches/applications_dataset_2.csv
Anne Ray,Anne_Ray@duran.org,2015/09/02,459837,Anne,Ray,20150902,6,false,under_18;invalid_mobile;invalid_email,input_batches/applications_dataset_2.csv
Karen Williams,Karen_Williams@hines.com,1965/06/11,81576,Karen,Williams,19650611,56,true,invalid_mobile,input_batches/applications_dataset_2.csv
Sheena Krause,Sheena_Krause@williams.com,1988/05/24,185583,Sheena,Krause,19880524,33,true,invalid_mobile,input_batches/applications_dataset_2.csv
Luis Wallace,Luis_Wallace@lopez-taylor.com,1977/02/26,731547,Luis,Wallace,19770226,44,true,invalid_mobile,input_batches/applications_dataset_2.csv
Robert Shepherd,Robert_Shepherd@johnson.net,10/04/1962,56446,Robert,Shepherd,19621004,59,true,invalid_mobile,input_batches/applications_dataset_2.csv
Robert Scott,Robert_Scott@arnold.com,25-07-2003,26296,Robert,Scott,20030725,18,false,under_18;invalid_mobile,input_batches/applications_dataset_2.csv
Carlos Johnson,Carlos_Johnson@perez.biz,18-02-1985,7907922,Carlos,Johnson,19850218,36,true,invalid_mobile;invalid_email,input_batches/applications_dataset_2.csv
Crystal Hansen,Crystal_Hansen@griffin-potter.info,1980-05-18,5151126,Crystal,Hansen,19800518,41,true,invalid_mobile;invalid_email,input_batches/applications_dataset_2.csv
Judy Schneider,Judy_Schneider@stephens.com,1983-09-27,2411858,Judy,Schneider,19830927,38,true,invalid_mobile,input_batches/applications_dataset_2.csv
Jeff Freeman,Jeff_Freeman@guzman.com,20-05-2003,13590655,Jeff,Freeman,20030520,18,false,under_18,input_batches/applications_dataset_2.csv
Crystal Brady,Crystal_Brady@ewing.com,21-02-1985,66286,Crystal,Brady,19850221,36,true,invalid_mobile,input_batches/applications_dataset_2.csv
Samantha Henson,Samantha_Henson@meadows.com,08/18/2003,2851500,Samantha,Henson,20030818,18,false,under_18;invalid_mobile,input_batches/applications_dataset_2.csv
Daniel Sims,Daniel_Sims@roach-oneal.com,1989/11/07,2319703,Daniel,Sims,19891107,32,true,invalid_mobile,input_batches/applications_dataset_2.csv
Connie Day,Connie_Day@greer.com,05-02-2003,519255,Connie,Day,20030205,18,false,under_18;invalid_mobile,input_batches/applications_dataset_2.csv
Dylan Lee,Dylan_Lee@anderson.net,12/04/1978,4076892,Dylan,Lee,19781204,43,true,invalid_mobile,input_batches/applications_dataset_2.csv
Christian Lee,Christian_Lee@hicks.org,2013-09-09,750699,Christian,Lee,20130909,8,false,under_18;invalid_mobile;invalid_email,input_batches/applications_dataset_2.csv
Deanna Stephens,Deanna_Stephens@keith.info,28-10-1994,7345794,Deanna,Stephens,19941028,27,true,invalid_mobile;invalid_email,input_batches/applications_dataset_2.csv
David Perry,David_Perry@walls-nguyen.com,1991-05-06,47266,David,Perry,19910506,30,true,invalid_mobile,input_batches/applications_dataset_2.csv
Charles Villegas,Charles_Villegas@rivera-clark.com,11/06/1978,384471,Charles,Villegas,19781106,43,true,invalid_mobile,input_batches/applications_dataset_2.csv
Sharon Clark,Sharon_Clark@cabrera-turner.info,1953/08/06,51371,Sharon,Clark,19530806,68,true,invalid_mobile;invalid_email,input_batches/applications_dataset_2.csv
Christina Sanders,Christina_Sanders@davidson-savage.com,17-08-2003,6578426,Christina,Sanders,20030817,18,false,under_18;invalid_mobile,input_batches/applications_dataset_2.csv
Jeffrey Hinton,Jeffrey_Hinton@brown.com,1963/12/14,46301,Jeffrey,Hinton,19631214,58,true,invalid_mobile,input_batches/applications_dataset_2.csv
Gina Harris,Gina_Harris@butler.com,04/13/1956,716955,Gina,Harris,19560413,65,true,invalid_mobile,input_batches/applications_dataset_2.csv
Alex Tapia,Alex_Tapia@webster.com,11/15/1999,752763,Alex,Tapia,19991115,22,true,invalid_mobile,input_batches/applications_dataset_2.csv
Justin White,Justin_White@lucas-moore.info,2001-07-21,34278303,Justin,White,20010721,20,true,invalid_email,input_batches/applications_dataset_2.csv
Jacob Woods,Jacob_Woods@thompson-wolf.com,16-06-2003,92331,Jacob,Woods,20030616,18,false,under_18;invalid_mobile,input_batches/applications_dataset_2.csv
Rachel Browning,Rachel_Browning@smith.info,1961/10/17,19703607,Rachel,Browning,19611017,60,true,invalid_email,input_batches/applications_dataset_2.csv
Sean Watson,Sean_Watson@jones-diaz.biz,1981-03-22,22526,Sean,Watson,19810322,40,true,invalid_mobile;invalid_email,input_batches/applications_dataset_2.csv
Stephanie Oneal,Stephanie_Oneal@davis.info,24-05-1994,36971,Stephanie,Oneal,19940524,27,true,invalid_mobile;invalid_email,input_batches/applications_dataset_2.csv
Stephanie Maldonado,Stephanie_Maldonado@vasquez.info,1976/10/07,287055,Stephanie,Maldonado,19761007,45,true,invalid_mobile;invalid_email,input_batches/applications_dataset_2.csv
Jay Williams,Jay_Williams@dalton.com,01-06-1964,7184934,Jay,Williams,19640601,57,true,invalid_mobile,input_batches/applications_dataset_2.csv
Jeffery Rodriguez,Jeffery_Rodriguez@norton.com,17-04-1993,347595,Jeffery,Rodriguez,19930417,28,true,invalid_mobile,input_batches/applications_dataset_2.csv
Margaret Guzman,Margaret_Guzman@wright-weber.com,12-12-1997,8831096,Margaret,Guzman,19971212,24,true,invalid_mobile,input_batches/applications_dataset_2.csv
Lori Willis,Lori_Willis@hernandez-johnson.com,1981/01/16,11861,Lori,Willis,19810116,40,true,invalid_mobile,input_batches/applications_dataset_2.csv
John Fernandez Jr.,John_Fernandez@may.org,30-05-1980,17232207,John,Fernandez,19800530,41,true,invalid_email,input_batches/applications_dataset_2.csv
Dr. Christina Valdez,Christina_Valdez@santana.org,07/14/1979,2517705,Christina,Valdez,19790714,42,true,invalid_mobile;invalid_email,input_batches/applications_dataset_2.csv
Timothy Martin,Timothy_Martin@whitaker.com,02/04/2016,99946,Timothy,Martin,20160204,5,false,under_18;invalid_mobile,input_batches/applications_dataset_2.csv
Kelly Scott,Kelly_Scott@bailey.biz,08/11/2011,6951967,Kelly,Scott,20110811,10,false,under_18;invalid_mobile;invalid_email,input_batches/applications_dataset_2.csv
Mr. Joseph Ward,Joseph_Ward@carson.com,09/11/1969,5776744,Joseph,Ward,19690911,52,true,invalid_mobile,input_batches/applications_dataset_2.csv
Brady Gonzalez,Brady_Gonzalez@mckay.com,1984-12-03,1679308,Brady,Gonzalez,19841203,37,true,invalid_mobile,input_batches/applications_dataset_2.csv
Linda Mcdonald,Linda_Mcdonald@alexander.com,2001/12/05,16671,Linda,Mcdonald,20011205,20,true,invalid_mobile,input_batches/applications_dataset_2.csv
Donna Yates,Donna_Yates@moore.org,16-02-2008,52316,Donna,Yates,20080216,13,false,under_18;invalid_mobile;invalid_email,input_batches/applications_dataset_2.csv
Aaron Keith,Aaron_Keith@lopez-clark.com,1972-06-18,707841,Aaron,Keith,19720618,49,true,invalid_mobile,input_batches/applications_dataset_2.csv
Nicholas Cook,Nicholas_Cook@koch.com,07/12/1974,97811,Nicholas,Cook,19740712,47,true,invalid_mobile,input_batches/applications_dataset_2.csv
Erica Gonzales,Erica_Gonzales@munoz.net,09/26/1994,815745,Erica,Gonzales,19940926,27,true,invalid_mobile,input_batches/applications_dataset_2.csv
Brian Rodriguez,Brian_Rodriguez@jones.net,13-06-1965,65591,Brian,Rodriguez,19650613,56,true,invalid_mobile,input_batches/applications_dataset_2.csv
Melissa Schultz,Melissa_Schultz@hunter.biz,07/30/2017,6547 2255,Melissa,Schultz,20170730,4,false,under_18;invalid_email,input_batches/applications_dataset_2.csv
Nancy Williams,Nancy_Williams@nguyen.com,08/09/1998,295329,Nancy,Williams,19980809,23,true,invalid_mobile,input_batches/applications_dataset_2.csv
Kathryn Barrera,Kathryn_Barrera@perez-clark.org,13-07-1990,82301,Kathryn,Barrera,19900713,31,true,invalid_mobile;invalid_email,input_batches/applications_dataset_2.csv
Kristen Martin,Kristen_Martin@freeman-jones.com,06/14/1975,5903906,Kristen,Martin,19750614,46,true,invalid_mobile,input_batches/applications_dataset_2.csv
Christopher Lester,Christopher_Lester@keller.org,04-05-1954,79532575,Christopher,Lester,19540504,67,true,invalid_email,input_batches/applications_dataset_2.csv
Kathleen Robinson,Kathleen_Robinson@beard.biz,20-01-1998,471105,Kathleen,Robinson,19980120,23,true,invalid_mobile;invalid_email,input_batches/applications_dataset_2.csv
Katherine Ward,Katherine_Ward@foster.com,1980-02-21,62901,Katherine,Ward,19800221,41,true,invalid_mobile,input_batches/applications_dataset_2.csv
Angelica Delgado,Angelica_Delgado@hensley.org,1988/05/26,2668891,Angelica,Delgado,19880526,33,true,invalid_mobile;invalid_email,input_batches/applications_dataset_2.csv
William Burke,William_Burke@lane.info,1992/12/29,215793,William,Burke,19921229,29,true,invalid_mobile;invalid_email,input_batches/applications_dataset_2.csv
Michele Hurley,Michele_Hurley@henry.com,1964/06/15,5835789,Michele,Hurley,19640615,57,true,invalid_mobile,input_batches/applications_dataset_2.csv
Ashley Rogers,Ashley_Rogers@elliott-johnson.com,12-06-2004,97874903,Ashley,Rogers,20040612,17,false,under_18,input_batches/applications_dataset_2.csv
Jennifer Kim,Jennifer_Kim@maxwell.com,1994/05/19,895473,Jennifer,Kim,19940519,27,true,invalid_mobile,input_batches/applications_dataset_2.csv
Corey Roth,Corey_Roth@rivera.com,05-10-2007,893955,Corey,Roth,20071005,14,false,under_18;invalid_mobile,input_batches/applications_dataset_2.csv
Gabriella Conner,Gabriella_Conner@martinez-vega.info,1960-09-23,9246147,Gabriella,Conner,19600923,61,true,invalid_mobile;invalid_email,input_batches/applications_dataset_2.csv
Madison Owen,Madison_Owen@barron.com,2004/07/19,68116,Madison,Owen,20040719,17,false,under_18;invalid_mobile,input_batches/applications_dataset_2.csv
Alicia Kaufman,Alicia_Kaufman@phillips.biz,04-02-1991,5434486,Alicia,Kaufman,19910204,30,true,invalid_mobile;invalid_email,input_batches/applications_dataset_2.csv
Emma Morse,Emma_Morse@keller-morales.com,2013/10/20,221937,Emma,Morse,20131020,8,false,under_18;invalid_mobile,input_batches/applications_dataset_2.csv
Alicia Dean,Alicia_Dean@leon.org,1982-07-16,32173895,Alicia,Dean,19820716,39,true,invalid_email,input_batches/applications_dataset_2.csv
Emily Acevedo,Emily_Acevedo@dunn.net,13-03-1964,988851,Emily,Acevedo,19640313,57,true,invalid_mobile,input_batches/applications_dataset_2.csv
Valerie Boyd PhD,Valerie_Boyd@marshall-ross.info,03/27/2001,2859 3615,Valerie,Boyd,20010327,20,true,invalid_email,input_batches/applications_dataset_2.csv
Harold Lucero,Harold_Lucero@weeks.com,1987-12-31,593511,Harold,Lucero,19871231,34,true,invalid_mobile,input_batches/applications_dataset_2.csv
Sabrina Marshall,Sabrina_Marshall@baker-yu.com,2018/10/31,70301767,Sabrina,Marshall,20181031,3,false,under_18,input_batches/applications_dataset_2.csv
Jimmy Hall,Jimmy_Hall@spence-knapp.biz,1955-09-30,45553567,Jimmy,Hall,19550930,66,true,invalid_email,input_batches/applications_dataset_2.csv
Trevor Daniels,Trevor_Daniels@wilson.com,1984-07-19,28476,Trevor,Daniels,19840719,37,true,invalid_mobile,input_batches/applications_dataset_2.csv
Amanda Gay,Amanda_Gay@chavez.com,2006/05/04,833841,Amanda,Gay,20060504,15,false,under_18;invalid_mobile,input_batches/applications_dataset_2.csv
Lindsay Barnett,Lindsay_Barnett@barnes.com,09-03-2001,897651,Lindsay,Barnett,20010309,20,true,invalid_mobile,input_batches/applications_dataset_2.csv
Gregory Jones MD,Gregory_Jones@mcdonald.net,1952-06-12,33721,Gregory,Jones,19520612,69,true,invalid_mobile,input_batches/applications_dataset_2.csv
Gary Murphy,Gary_Murphy@singleton.info,10-12-1999,96047135,Gary,Murphy,19991210,22,true,invalid_email,input_batches/applications_dataset_2.csv
Ashley Marsh,Ashley_Marsh@norris-kelly.com,29-05-1978,404601,Ashley,Marsh,19780529,43,true,invalid_mobile,input_batches/applications_dataset_2.csv
Michael Jones,Michael_Jones@mcdaniel.org,2008-11-24,16126,Michael,Jones,20081124,13,false,under_18;invalid_mobile;invalid_email,input_batches/applications_dataset_2.csv
Diane Herrera,Diane_Herrera@alvarado.org,06/12/2005,9183 7411,Diane,Herrera,20050612,16,false,under_18;invalid_email,input_batches/applications_dataset_2.csv
Andrew Gibson,Andrew_Gibson@yu-richardson.org,09-08-1953,15513119,Andrew,Gibson,19530809,68,true,invalid_email,input_batches/applications_dataset_2.csv
Tyler Morris MD,Tyler_Morris@cross.com,2017-05-23,26630807,Tyler,Morris,20170523,4,false,under_18,input_batches/applications_dataset_2.csv
Cassandra Lewis,Cassandra_Lewis@ward.org,2012/08/27,86877407,Cassandra,Lewis,20120827,9,false,under_18;invalid_email,input_batches/applications_dataset_2.csv
Ian Deleon,Ian_Deleon@mullins-espinoza.org,1986-03-07,36389911,Ian,Deleon,19860307,35,true,invalid_email,input_batches/applications_dataset_2.csv
Calvin Mcgrath,Calvin_Mcgrath@smith.net,2018-07-07,407259,Calvin,Mcgrath,20180707,3,false,under_18;invalid_mobile,input_batches/applications_dataset_2.csv
Stephanie Lee,Stephanie_Lee@tran-parker.biz,10/16/1962,16951,Stephanie,Lee,19621016,59,true,invalid_mobile;invalid_email,input_batches/applications_dataset_2.csv
Jay Merritt,Jay_Merritt@patterson.org,1984-10-17,46065855,Jay,Merritt,19841017,37,true,invalid_email,input_batches/applications_dataset_2.csv
Katherine Patrick,Katherine_Patrick@rocha.com,27-04-2018,87666807,Katherine,Patrick,20180427,3,false,under_18,input_batches/applications_dataset_2.csv
David Mckinney,David_Mckinney@pollard.net,12/25/1984,6613412,David,Mckinney,19841225,37,true,invalid_mobile,input_batches/applications_dataset_2.csv
Darren Hale,Darren_Hale@murphy.biz,1994-04-07,976407,Darren,Hale,19940407,27,true,invalid_mobile;invalid_email,input_batches/applications_dataset_2.csv
Jonathan Smith,Jonathan_Smith@aguilar.biz,04-02-1972,941157,Jonathan,Smith,19720204,49,true,invalid_mobile;invalid_email,input_batches/applications_dataset_2.csv
Joseph Acosta,Joseph_Acosta@hansen.biz,04/18/1967,4411 5387,Joseph,Acosta,19670418,54,true,invalid_email,input_batches/applications_dataset_2.csv
Samantha Miller,Samantha_Miller@west.com,10-11-1959,8809872,Samantha,Miller,19591110,62,true,invalid_mobile,input_batches/applications_dataset_2.csv
John Frazier,John_Frazier@webster.com,1977-02-09,9296190,John,Frazier,19770209,44,true,invalid_mobile,input_batches/applications_dataset_2.csv
Eric Mejia,Eric_Mejia@scott-dunn.com,09/24/2004,70801,Eric,Mejia,20040924,17,false,under_18;invalid_mobile,input_batches/applications_dataset_2.csv
Lisa Ramirez,Lisa_Ramirez@george.org,2009-01-13,14592223,Lisa,Ramirez,20090113,12,false,under_18;invalid_email,input_batches/applications_dataset_2.csv
Larry Cox,Larry_Cox@green.info,1952/10/09,31571,Larry,Cox,19521009,69,true,invalid_mobile;invalid_email,input_batches/applications_dataset_2.csv
Renee Oneal,Renee_Oneal@adams.com,05-02-2008,6169717,Renee,Oneal,20080205,13,false,under_18;invalid_mobile,input_batches/applications_dataset_2.csv
Bryan Espinoza,Bryan_Espinoza@moore.com,16-07-1976,8357791,Bryan,Espinoza,19760716,45,true,invalid_mobile,input_batches/applications_dataset_2.csv
Christina Suarez,Christina_Suarez@mcclain.org,2007/08/04,1356979,Christina,Suarez,20070804,14,false,under_18;invalid_mobile;invalid_email,input_batches/applications_dataset_2.csv
Brandi Flores,Brandi_Flores@bowen.biz,06-02-1995,75411,Brandi,Flores,19950206,26,true,invalid_mobile;invalid_email,input_batches/applications_dataset_2.csv
Jackie Bates,Jackie_Bates@sanders.org,1988-02-20,727875,Jackie,Bates,19880220,33,true,invalid_mobile;invalid_email,input_batches/applications_dataset_2.csv
Darrell White,Darrell_White@hunter-chavez.com,1959-04-08,26976,Darrell,White,19590408,62,true,invalid_mobile,input_batches/applications_dataset_2.csv
James Johnson,James_Johnson@phillips-buchanan.biz,10/07/1991,11516,James,Johnson,19911007,30,true,invalid_mobile;invalid_email,input_batches/applications_dataset_2.csv
Kelly Wood,Kelly_Wood@martinez.com,09-05-1961,616683,Kelly,Wood,19610509,60,true,invalid_mobile,input_batches/applications_dataset_2.csv
Lisa Schultz,Lisa_Schultz@molina.com,2011-04-17,76236,Lisa,Schultz,20110417,10,false,under_18;invalid_mobile,input_batches/applications_dataset_2.csv
Jessica Hughes,Jessica_Hughes@wright.com,05/21/1993,56956,Jessica,Hughes,19930521,28,true,invalid_mobile,input_batches/applications_dataset_2.csv
Kimberly Reid,Kimberly_Reid@ramirez.com,1964-07-27,41556,Kimberly,Reid,19640727,57,true,invalid_mobile,input_batches/applications_dataset_2.csv
William Young,William_Young@allen-collins.net,06-11-1987,531231,William,Young,19871106,34,true,invalid_mobile,input_batches/applications_dataset_2.csv
Robert Zuniga,Robert_Zuniga@rodriguez-garcia.com,2005-07-04,58375519,Robert,Zuniga,20050704,16,false,under_18,input_batches/applications_dataset_2.csv
Caroline Rodriguez,Caroline_Rodriguez@mendoza.biz,29-10-1990,2282582,Caroline,Rodriguez,19901029,31,true,invalid_mobile;invalid_email,input_batches/applications_dataset_2.csv
Monique Sharp,Monique_Sharp@burton.biz,1969/03/17,936291,Monique,Sharp,19690317,52,true,invalid_mobile;invalid_email,input_batches/applications_dataset_2.csv
Antonio Smith,Antonio_Smith@ramirez-zamora.com,2015-02-05,50487943,Antonio,Smith,20150205,6,false,under_18,input_batches/applications_dataset_2.csv
Patricia Flynn,Patricia_Flynn@chan-castro.com,2015-03-27,25661,Patricia,Flynn,20150327,6,false,under_18;invalid_mobile,input_batches/applications_dataset_2.csv
Lindsey Santos,Lindsey_Santos@chung-walker.org,16-03-1989,438777,Lindsey,Santos,19890316,32,true,invalid_mobile;invalid_email,input_batches/applications_dataset_2.csv
Savannah Smith,Savannah_Smith@johnston-gibson.com,1985-08-24,318495,Savannah,Smith,19850824,36,true,invalid_mobile,input_batches/applications_dataset_2.csv
Kimberly Roberts,Kimberly_Roberts@fitzgerald.biz,09-10-2013,710655,Kimberly,Roberts,20131009,8,false,under_18;invalid_mobile;invalid_email,input_batches/applications_dataset_2.csv
David Dominguez,David_Dominguez@zamora-morgan.net,13-04-2008,3256730,David,Dominguez,20080413,13,false,under_18;invalid_mobile,input_batches/applications_dataset_2.csv
Brittany Joyce,Brittany_Joyce@thomas.biz,1960-11-14,65804583,Brittany,Joyce,19601114,61,true,invalid_email,input_batches/applications_dataset_2.csv
Diana Bryant,Diana_Bryant@arias.com,05/16/1951,25971,Diana,Bryant,19510516,70,true,invalid_mobile,input_batches/applications_dataset_2.csv
Sarah Baker,Sarah_Baker@miller.com,11/06/2013,3223 1163,Sarah,Baker,20131106,8,false,under_18,input_batches/applications_dataset_2.csv
Teresa Rios,Teresa_Rios@hill.org,1959-01-30,5173211,Teresa,Rios,19590130,62,true,invalid_mobile;invalid_email,input_batches/applications_dataset_2.csv
Marcus Wilson,Marcus_Wilson@bailey.info,1986-08-07,95036,Marcus,Wilson,19860807,35,true,invalid_mobile;invalid_email,input_batches/applications_dataset_2.csv
Rodney Hansen,Rodney_Hansen@morris.com,02-07-1963,35091,Rodney,Hansen,19630702,58,true,invalid_mobile,input_batches/applications_dataset_2.csv
Frank Gonzalez,Frank_Gonzalez@graham.com,23-05-2002,142887,Frank,Gonzalez,20020523,19,true,invalid_mobile,input_batches/applications_dataset_2.csv
Billy Mcneil,Billy_Mcneil@brooks.info,30-07-1951,3983743,Billy,Mcneil,19510730,70,true,invalid_mobile;invalid_email,input_batches/applications_dataset_2.csv
Sabrina Carter,Sabrina_Carter@hubbard.com,22-12-1990,780687,Sabrina,Carter,19901222,31,true,invalid_mobile,input_batches/applications_dataset_2.csv
Lisa Smith,Lisa_Smith@stephenson-page.com,21-10-2012,8352065,Lisa,Smith,20121021,9,false,under_18;invalid_mobile,input_batches/applications_dataset_2.csv
Daniel Gutierrez,Daniel_Gutierrez@shaffer-allen.info,1970/01/14,79996,Daniel,Gutierrez,19700114,51,true,invalid_mobile;invalid_email,input_batches/applications_dataset_2.csv
Jennifer Johnson,Jennifer_Johnson@osborn.com,1997/09/22,516345,Jennifer,Johnson,19970922,24,true,invalid_mobile,input_batches/applications_dataset_2.csv
Tammy Harris,Tammy_Harris@gamble-baker.net,19-09-1961,7570858,Tammy,Harris,19610919,60,true,invalid_mobile,input_batches/applications_dataset_2.csv
Dominique Reynolds,Dominique_Reynolds@shannon-miller.net,1963-04-04,4518669,Dominique,Reynolds,19630404,58,true,invalid_mobile,input_batches/applications_dataset_2.csv
Brad Shaw,Brad_Shaw@berg-weaver.com,09/10/2004,9523 2383,Brad,Shaw,20040910,17,false,under_18,input_batches/applications_dataset_2.csv
Jennifer Marks,Jennifer_Marks@taylor-davis.com,1967-08-12,5313106,Jennifer,Marks,19670812,54,true,invalid_mobile,input_batches/applications_dataset_2.csv
Sara Scott,Sara_Scott@richards.org,1979/08/03,6081594,Sara,Scott,19790803,42,true,invalid_mobile;invalid_email,input_batches/applications_dataset_2.csv
Dr. Richard Walker,Richard_Walker@phelps.info,1964-11-24,1764687,Richard,Walker,19641124,57,true,invalid_mobile;invalid_email,input_batches/applications_dataset_2.csv
Justin Williams,Justin_Williams@rios.com,1984/04/25,2534869,Justin,Williams,19840425,37,true,invalid_mobile,input_batches/applications_dataset_2.csv
Richard White,Richard_White@martinez.com,09-06-1995,53291,Richard,White,19950609,26,true,invalid_mobile,input_batches/applications_dataset_2.csv
Amber Haynes,Amber_Haynes@martinez.net,04-06-2007,523179,Amber,Haynes,20070604,14,false,under_18;invalid_mobile,input_batches/applications_dataset_2.csv
Dale Cunningham,Dale_Cunningham@butler.com,27-07-2012,33636,Dale,Cunningham,20120727,9,false,under_18;invalid_mobile,input_batches/applications_dataset_2.csv
Gina Anderson,Gina_Anderson@hancock-jones.com,1990-02-28,549441,Gina,Anderson,19900228,31,true,invalid_mobile,input_batches/applications_dataset_2.csv
Amber Gonzalez,Amber_Gonzalez@vargas.com,1988-05-28,94911,Amber,Gonzalez,19880528,33,true,invalid_mobile,input_batches/applications_dataset_2.csv
Kathleen Flynn,Kathleen_Flynn@boyd-king.biz,13-09-1987,93605471,Kathleen,Flynn,19870913,34,true,invalid_email,input_batches/applications_dataset_2.csv
Brittney Cannon,Brittney_Cannon@henderson.info,27-02-1989,57321,Brittney,Cannon,19890227,32,true,invalid_mobile;invalid_email,input_batches/applications_dataset_2.csv
Penny Smith,Penny_Smith@clark-frank.com,30-01-2015,30415199,Penny,Smith,20150130,6,false,under_18,input_batches/applications_dataset_2.csv
Valerie Thompson,Valerie_Thompson@kim.com,26-09-1970,41681,Valerie,Thompson,19700926,51,true,invalid_mobile,input_batches/applications_dataset_2.csv
Sean Deleon,Sean_Deleon@young.biz,28-03-1998,47966,Sean,Deleon,19980328,23,true,invalid_mobile;invalid_email,input_batches/applications_dataset_2.csv
Gary Hicks,Gary_Hicks@hopkins-salazar.biz,27-02-2018,68934063,Gary,Hicks,20180227,3,false,under_18;invalid_email,input_batches/applications_dataset_2.csv
Mr. David Walker,David_Walker@gibbs-wright.org,03/29/1965,3886345,David,Walker,19650329,56,true,invalid_mobile;invalid_email,input_batches/applications_dataset_2.csv
Mary Preston,Mary_Preston@roman-schwartz.com,2015-05-31,87766727,Mary,Preston,20150531,6,false,under_18,input_batches/applications_dataset_2.csv
Kelly Key,Kelly_Key@stephens.com,06-12-2011,90001,Kelly,Key,20111206,10,false,under_18;invalid_mobile,input_batches/applications_dataset_2.csv
Tracy Preston,Tracy_Preston@reynolds-baxter.com,08-04-2012,9005424,Tracy,Preston,20120408,9,false,under_18;invalid_mobile,input_batches/applications_dataset_2.csv
Tiffany Keller,Tiffany_Keller@perry-mitchell.com,1966/10/14,64916,Tiffany,Keller,19661014,55,true,invalid_mobile,input_batches/applications_dataset_2.csv
Pamela Marshall,Pamela_Marshall@grimes.com,11/28/1997,14001,Pamela,Marshall,19971128,24,true,invalid_mobile,input_batches/applications_dataset_2.csv
Dawn Miranda,Dawn_Miranda@werner.info,09/22/1955,5927 4615,Dawn,Miranda,19550922,66,true,invalid_email,input_batches/applications_dataset_2.csv
Anna Butler,Anna_Butler@hanna.biz,1975/03/25,683055,Anna,Butler,19750325,46,true,invalid_mobile;invalid_email,input_batches/applications_dataset_2.csv
Christopher Martin,Christopher_Martin@fitzgerald-delgado.info,1991-08-06,470241,Christopher,Martin,19910806,30,true,invalid_mobile;invalid_email,input_batches/applications_dataset_2.csv
Mason George,Mason_George@graham-gutierrez.info,2008/08/17,6506767,Mason,George,20080817,13,false,under_18;invalid_mobile;invalid_email,input_batches/applications_dataset_2.csv
Marissa Avery,Marissa_Avery@lewis-warren.com,09/25/2014,418911,Marissa,Avery,20140925,7,false,under_18;invalid_mobile,input_batches/applications_dataset_2.csv
Maurice Morgan,Maurice_Morgan@adkins.biz,14-06-1971,202497,Maurice,Morgan,19710614,50,true,invalid_mobile;invalid_email,input_batches/applications_dataset_2.csv
Sonia Lopez,Sonia_Lopez@young.com,2006/04/21,7153672,Sonia,Lopez,20060421,15,false,under_18;invalid_mobile,input_batches/applications_dataset_2.csv
Mark Richards,Mark_Richards@clark.com,28-11-1967,150279,Mark,Richards,19671128,54,true,invalid_mobile,input_batches/applications_dataset_2.csv
Norma Smith,Norma_Smith@herrera.org,03/27/2016,66411,Norma,Smith,20160327,5,false,under_18;invalid_mobile;invalid_email,input_batches/applications_dataset_2.csv
Brandy Villanueva,Brandy_Villanueva@williams.net,1978/01/07,471753,Brandy,Villanueva,19780107,43,true,invalid_mobile,input_batches/applications_dataset_2.csv
David Stevens,David_Stevens@reynolds-jones.org,1983/04/01,637989,David,Stevens,19830401,38,true,invalid_mobile;invalid_email,input_batches/applications_dataset_2.csv
Alexis Kim,Alexis_Kim@hanson.com,2009/01/20,671745,Alexis,Kim,20090120,12,false,under_18;invalid_mobile,input_batches/applications_dataset_2.csv
Roy Russo,Roy_Russo@chan-strong.info,1954/04/06,39936,Roy,Russo,19540406,67,true,invalid_mobile;invalid_email,input_batches/applications_dataset_2.csv
Carolyn Richardson,Carolyn_Richardson@bean.com,1950/04/19,204051,Carolyn,Richardson,19500419,71,true,invalid_mobile,input_batches/applications_dataset_2.csv
Alan Reyes,Alan_Reyes@benson.info,09/23/2016,9591 2183,Alan,Reyes,20160923,5,false,under_18;invalid_email,input_batches/applications_dataset_2.csv
Courtney Jensen,Courtney_Jensen@wells-hill.com,2018-06-04,64326,Courtney,Jensen,20180604,3,false,under_18;invalid_mobile,input_batches/applications_dataset_2.csv
Ryan Love,Ryan_Love@patterson-stokes.com,04-03-2000,4287242,Ryan,Love,20000304,21,true,invalid_mobile,input_batches/applications_dataset_2.csv
Kathy Valenzuela,Kathy_Valenzuela@lang-gonzales.com,1959-02-06,75316,Kathy,Valenzuela,19590206,62,true,invalid_mobile,input_batches/applications_dataset_2.csv
Erica Pruitt,Erica_Pruitt@ross-lamb.biz,1980-09-23,31838831,Erica,Pruitt,19800923,41,true,invalid_email,input_batches/applications_dataset_2.csv
Natalie Flores,Natalie_Flores@stone.net,12/01/1983,618717,Natalie,Flores,19831201,38,true,invalid_mobile,input_batches/applications_dataset_2.csv
Eileen Thomas,Eileen_Thomas@campbell-lyons.com,08-03-2006,25206031,Eileen,Thomas,20060308,15,false,under_18,input_batches/applications_dataset_2.csv
Suzanne Hernandez,Suzanne_Hernandez@harris.com,17-09-1970,480423,Suzanne,Hernandez,19700917,51,true,invalid_mobile,input_batches/applications_dataset_2.csv
Eric Hicks,Eric_Hicks@harris-marshall.com,2009-11-12,44671,Eric,Hicks,20091112,12,false,under_18;invalid_mobile,input_batches/applications_dataset_2.csv
Madeline Preston,Madeline_Preston@moore.com,2011/08/27,2838508,Madeline,Preston,20110827,10,false,under_18;invalid_mobile,input_batches/applications_dataset_2.csv
Mary Carroll,Mary_Carroll@friedman.com,27-11-1995,89526,Mary,Carroll,19951127,26,true,invalid_mobile,input_batches/applications_dataset_2.csv
Holly Skinner,Holly_Skinner@mays.com,2006-10-26,74301,Holly,Skinner,20061026,15,false,under_18;invalid_mobile,input_batches/applications_dataset_2.csv
Lawrence Jones,Lawrence_Jones@williams.com,1976/08/05,853941,Lawrence,Jones,19760805,45,true,invalid_mobile,input_batches/applications_dataset_2.csv
Tina Norton,Tina_Norton@davis.org,1976-11-14,8765807,Tina,Norton,19761114,45,true,invalid_mobile;invalid_email,input_batches/applications_dataset_2.csv
April Jones,April_Jones@haynes.com,1964-01-13,25496,April,Jones,19640113,57,true,invalid_mobile,input_batches/applications_dataset_2.csv
Jessica Gutierrez,Jessica_Gutierrez@moore-davidson.info,1994/02/15,173325,Jessica,Gutierrez,19940215,27,true,invalid_mobile;invalid_email,input_batches/applications_dataset_2.csv
Hayley Gibson,Hayley_Gibson@calderon.info,1999-08-12,50365367,Hayley,Gibson,19990812,22,true,invalid_email,input_batches/applications_dataset_2.csv
Jessica Riggs,Jessica_Riggs@hunter-maldonado.com,05/24/1960,984117,Jessica,Riggs,19600524,61,true,invalid_mobile,input_batches/applications_dataset_2.csv
Denise Peterson,Denise_Peterson@cook.info,10/20/1983,45291,Denise,Peterson,19831020,38,true,invalid_mobile;invalid_email,input_batches/applications_dataset_2.csv
Jerry Brown,Jerry_Brown@patel.biz,06-10-2012,6606755,Jerry,Brown,20121006,9,false,under_18;invalid_mobile;invalid_email,input_batches/applications_dataset_2.csv
Margaret Frazier,Margaret_Frazier@cook.com,07-07-2009,11301,Margaret,Frazier,20090707,12,false,under_18;invalid_mobile,input_batches/applications_dataset_2.csv
Ricky Johnson,Ricky_Johnson@brown.biz,1982-01-26,641835,Ricky,Johnson,19820126,39,true,invalid_mobile;invalid_email,input_batches/applications_dataset_2.csv
Mrs. Sara Romero,Sara_Romero@downs.biz,2004/05/14,7661032,Sara,Romero,20040514,17,false,under_18;invalid_mobile;invalid_email,input_batches/applications_dataset_2.csv
Samuel Reynolds,Samuel_Reynolds@castro-flores.net,12/26/1969,199599,Samuel,Reynolds,19691226,52,true,invalid_mobile,input_batches/applications_dataset_2.csv
Andrew Foley,Andrew_Foley@reyes.org,2006-05-08,6758816,Andrew,Foley,20060508,15,false,under_18;invalid_mobile;invalid_email,input_batches/applications_dataset_2.csv
Lee Barker,Lee_Barker@tyler-silva.info,02/19/1980,297543,Lee,Barker,19800219,41,true,invalid_mobile;invalid_email,input_batches/applications_dataset_2.csv
Amanda Li,Amanda_Li@riddle.com,27-04-1992,819327,Amanda,Li,19920427,29,true,invalid_mobile,input_batches/applications_dataset_2.csv
Stephanie Davis,Stephanie_Davis@marshall-hernandez.com,1959-06-03,5585931,Stephanie,Davis,19590603,62,true,invalid_mobile,input_batches/applications_dataset_2.csv
Don Rose MD,Don_Rose@morales-green.org,11/02/1978,2465380,Don,Rose,19781102,43,true,invalid_mobile;invalid_email,input_batches/applications_dataset_2.csv
Bradley Gibson,Bradley_Gibson@maddox-jordan.net,09-07-1999,75496,Bradley,Gibson,19990709,22,true,invalid_mobile,input_batches/applications_dataset_2.csv
Heidi Ortiz,Heidi_Ortiz@carr.org,13-09-1981,199965,Heidi,Ortiz,19810913,40,true,invalid_mobile;invalid_email,input_batches/applications_dataset_2.csv
Malik Clark,Malik_Clark@stein-dickerson.com,19-02-1964,8448084,Malik,Clark,19640219,57,true,invalid_mobile,input_batches/applications_dataset_2.csv
Nicole Henderson DVM,Nicole_Henderson@johnson-ramos.com,18-12-1954,599097,Nicole,Henderson,19541218,67,true,invalid_mobile,input_batches/applications_dataset_2.csv
Katie Merritt,Katie_Merritt@bell.com,10/20/2005,477885,Katie,Merritt,20051020,16,false,under_18;invalid_mobile,input_batches/applications_dataset_2.csv
Michelle Hall,Michelle_Hall@fleming.com,11-06-1957,94591,Michelle,Hall,19570611,64,true,invalid_mobile,input_batches/applications_dataset_2.csv
Amanda Martinez,Amanda_Martinez@avila.com,06/16/1981,663387,Amanda,Martinez,19810616,40,true,invalid_mobile,input_batches/applications_dataset_2.csv
Kenneth Cortez,Kenneth_Cortez@lewis.biz,2000/05/18,39338615,Kenneth,Cortez,20000518,21,true,invalid_email,input_batches/applications_dataset_2.csv
Cindy Lin,Cindy_Lin@ferguson.org,1983/12/19,47676,Cindy,Lin,19831219,38,true,invalid_mobile;invalid_email,input_batches/applications_dataset_2.csv
Christopher Lucas,Christopher_Lucas@cisneros.com,12-12-1966,59241,Christopher,Lucas,19661212,55,true,invalid_mobile,input_batches/applications_dataset_2.csv
Veronica Sloan,Veronica_Sloan@lang.com,07/02/2008,6247 4843,Veronica,Sloan,20080702,13,false,under_18,input_batches/applications_dataset_2.csv
Duane Alvarez,Duane_Alvarez@haynes.biz,1972-11-02,27726,Duane,Alvarez,19721102,49,true,invalid_mobile;invalid_email,input_batches/applications_dataset_2.csv
James Lee,James_Lee@merritt.com,1957-12-31,641895,James,Lee,19571231,64,true,invalid_mobile,input_batches/applications_dataset_2.csv
Christopher Meza,Christopher_Meza@ray.com,28-11-1990,969195,Christopher,Meza,19901128,31,true,invalid_mobile,input_batches/applications_dataset_2.csv
Nathaniel Miller,Nathaniel_Miller@harvey-price.com,2005/06/28,25496,Nathaniel,Miller,20050628,16,false,under_18;invalid_mobile,input_batches/applications_dataset_2.csv
Mariah Cervantes,Mariah_Cervantes@fernandez-kelly.biz,1972-09-07,79716,Mariah,Cervantes,19720907,49,true,invalid_mobile;invalid_email,input_batches/applications_dataset_2.csv
Joshua Jones,Joshua_Jones@hanson.biz,09/20/1981,3031 7003,Joshua,Jones,19810920,40,true,invalid_email,input_batches/applications_dataset_2.csv
Brenda Jones,Brenda_Jones@casey.info,10/25/1990,1568113,Brenda,Jones,19901025,31,true,invalid_mobile;invalid_email,input_batches/applications_dataset_2.csv
Jennifer Booker,Jennifer_Booker@byrd.info,30-10-1975,6465586,Jennifer,Booker,19751030,46,true,invalid_mobile;invalid_email,input_batches/applications_dataset_2.csv
Seth Castaneda,Seth_Castaneda@hunter.net,1994/09/09,6688305,Seth,Castaneda,19940909,27,true,invalid_mobile,input_batches/applications_dataset_2.csv
Rachel Kennedy,Rachel_Kennedy@arnold-silva.net,1988-12-29,2272495,Rachel,Kennedy,19881229,33,true,invalid_mobile,input_batches/applications_dataset_2.csv
Susan Smith,Susan_Smith@salazar.com,2005/06/20,425601,Susan,Smith,20050620,16,false,under_18;invalid_mobile,input_batches/applications_dataset_2.csv
Jordan Barnes,Jordan_Barnes@fitzpatrick.com,1956/05/03,521001,Jordan,Barnes,19560503,65,true,invalid_mobile,input_batches/applications_dataset_2.csv
Brenda Turner,Brenda_Turner@hampton.org,26-07-1955,94128415,Brenda,Turner,19550726,66,true,invalid_email,input_batches/applications_dataset_2.csv
Matthew Brown,Matthew_Brown@owens.org,06-06-1972,21970879,Matthew,Brown,19720606,49,true,invalid_email,input_batches/applications_dataset_2.csv
Christian Little,Christian_Little@chandler.net,1961-02-06,58461,Christian,Little,19610206,60,true,invalid_mobile,input_batches/applications_dataset_2.csv
Thomas Valenzuela,Thomas_Valenzuela@stevens-munoz.net,05/16/1988,7504960,Thomas,Valenzuela,19880516,33,true,invalid_mobile,input_batches/applications_dataset_2.csv
Philip Hughes,Philip_Hughes@griffin.com,11-12-2010,46877215,Philip,Hughes,20101211,11,false,under_18,input_batches/applications_dataset_2.csv
Gary Curry,Gary_Curry@porter-santiago.com,2013-07-19,929673,Gary,Curry,20130719,8,false,under_18;invalid_mobile,input_batches/applications_dataset_2.csv
Andrea Morrison,Andrea_Morrison@schroeder-rodriguez.net,17-10-2014,90017719,Andrea,Morrison,20141017,7,false,under_18,input_batches/applications_dataset_2.csv
Jill Ortiz,Jill_Ortiz@adams.com,2016-08-24,62271,Jill,Ortiz,20160824,5,false,under_18;invalid_mobile,input_batches/applications_dataset_2.csv
Jessica Howell,Jessica_Howell@davis-reed.com,03/27/1999,8110502,Jessica,Howell,19990327,22,true,invalid_mobile,input_batches/applications_dataset_2.csv
James Henderson,James_Henderson@hill.com,2012-02-02,9360261,James,Henderson,20120202,9,false,under_18;invalid_mobile,input_batches/applications_dataset_2.csv
Nicholas Thomas,Nicholas_Thomas@scott.com,06/03/2018,8975 8311,Nicholas,Thomas,20180603,3,false,under_18,input_batches/applications_dataset_2.csv
Stephanie White,Stephanie_White@blackwell.org,02-01-1957,95481,Stephanie,White,19570102,64,true,invalid_mobile;invalid_email,input_batches/applications_dataset_2.csv
Christopher Greene,Christopher_Greene@berry.org,01-01-1988,82039695,Christopher,Greene,19880101,34,true,invalid_email,input_batches/applications_dataset_2.csv
James Palmer,James_Palmer@george.net,02-02-1983,470487,James,Palmer,19830202,38,true,invalid_mobile,input_batches/applications_dataset_2.csv
Christine Cantrell,Christine_Cantrell@larson-rodriguez.com,1956-12-02,830313,Christine,Cantrell,19561202,65,true,invalid_mobile,input_batches/applications_dataset_2.csv
Christopher Lopez,Christopher_Lopez@rodriguez.org,1959-12-30,18666,Christopher,Lopez,19591230,62,true,invalid_mobile;invalid_email,input_batches/applications_dataset_2.csv
Sandra Cook,Sandra_Cook@walker.com,05-05-2002,7435737,Sandra,Cook,20020505,19,true,invalid_mobile,input_batches/applications_dataset_2.csv
Pedro Dunn,Pedro_Dunn@jackson.com,1985/05/24,77296,Pedro,Dunn,19850524,36,true,invalid_mobile,input_batches/applications_dataset_2.csv
Cassandra Gallagher,Cassandra_Gallagher@sanchez-perkins.com,1973/03/27,70786,Cassandra,Gallagher,19730327,48,true,invalid_mobile,input_batches/applications_dataset_2.csv
Daniel Guzman,Daniel_Guzman@maddox-williams.org,1966-11-22,625959,Daniel,Guzman,19661122,55,true,invalid_mobile;invalid_email,input_batches/applications_dataset_2.csv
Michael Hunt,Michael_Hunt@zuniga-suarez.info,1960-08-10,4215779,Michael,Hunt,19600810,61,true,invalid_mobile;invalid_email,input_batches/applications_dataset_2.csv
Crystal Valdez,Crystal_Valdez@stewart-randolph.com,08/02/2003,6559 8575,Crystal,Valdez,20030802,18,false,under_18,input_batches/applications_dataset_2.csv
Luis Saunders,Luis_Saunders@herrera-love.com,2017/12/21,4119046,Luis,Saunders,20171221,4,false,under_18;invalid_mobile,input_batches/applications_dataset_2.csv
Samantha Golden,Samantha_Golden@shields.com,02/23/2001,6378478,Samantha,Golden,20010223,20,true,invalid_mobile,input_batches/applications_dataset_2.csv
Brian Woods,Brian_Woods@thomas.biz,08/15/1968,151497,Brian,Woods,19680815,53,true,invalid_mobile;invalid_email,input_batches/applications_dataset_2.csv
Janet Fleming,Janet_Fleming@miller-potts.info,02-04-1973,3612946,Janet,Fleming,19730402,48,true,invalid_mobile;invalid_email,input_batches/applications_dataset_2.csv
Rebecca Brooks,Rebecca_Brooks@martin.com,27-03-1964,9141882,Rebecca,Brooks,19640327,57,true,invalid_mobile,input_batches/applications_dataset_2.csv
Sara Oliver,Sara_Oliver@young-dixon.com,02-11-1954,91656,Sara,Oliver,19541102,67,true,invalid_mobile,input_batches/applications_dataset_2.csv
Megan Hickman,Megan_Hickman@brown-martin.biz,1977-09-09,99921,Megan,Hickman,19770909,44,true,invalid_mobile;invalid_email,input_batches/applications_dataset_2.csv
Raymond Davis,Raymond_Davis@gross-wilson.org,16-01-1995,36686,Raymond,Davis,19950116,26,true,invalid_mobile;invalid_email,input_batches/applications_dataset_2.csv
Krystal Miller,Krystal_Miller@cochran-smith.com,01-08-1977,2180872,Krystal,Miller,19770801,44,true,invalid_mobile,input_batches/applications_dataset_2.csv
Brian Christian,Brian_Christian@perez.com,11/01/1951,8741895,Brian,Christian,19511101,70,true,invalid_mobile,input_batches/applications_dataset_2.csv
Stephen Doyle,Stephen_Doyle@gallegos.com,02/27/1985,20141,Stephen,Doyle,19850227,36,true,invalid_mobile,input_batches/applications_dataset_2.csv
Kathleen Peterson,Kathleen_Peterson@garcia.com,1982/02/10,462369,Kathleen,Peterson,19820210,39,true,invalid_mobile,input_batches/applications_dataset_2.csv
Teresa Mcintosh,Teresa_Mcintosh@kirk-kidd.com,27-07-2006,19116,Teresa,Mcintosh,20060727,15,false,under_18;invalid_mobile,input_batches/applications_dataset_2.csv
Ashley Hill,Ashley_Hill@cantu.net,06/29/1966,396237,Ashley,Hill,19660629,55,true,invalid_mobile,input_batches/applications_dataset_2.csv
Andrew Jacobs,Andrew_Jacobs@miller.biz,02-02-1975,710727,Andrew,Jacobs,19750202,46,true,invalid_mobile;invalid_email,input_batches/applications_dataset_2.csv
Jeffery Turner,Jeffery_Turner@thomas.org,1993-04-01,86116,Jeffery,Turner,19930401,28,true,invalid_mobile;invalid_email,input_batches/applications_dataset_2.csv
Christian Peterson,Christian_Peterson@arnold.biz,1976/02/22,41536527,Christian,Peterson,19760222,45,true,invalid_email,input_batches/applications_dataset_2.csv
Jason Burgess,Jason_Burgess@gonzales-burgess.net,12/29/1972,3485700,Jason,Burgess,19721229,49,true,invalid_mobile,input_batches/applications_dataset_2.csv
Crystal Herrera,Crystal_Herrera@heath.biz,03/28/1979,98076,Crystal,Herrera,19790328,42,true,invalid_mobile;invalid_email,input_batches/applications_dataset_2.csv
Julie Suarez,Julie_Suarez@jones.info,1968/12/21,381189,Julie,Suarez,19681221,53,true,invalid_mobile;invalid_email,input_batches/applications_dataset_2.csv
William Lee,William_Lee@jones.com,02-07-1987,319953,William,Lee,19870702,34,true,invalid_mobile,input_batches/applications_dataset_2.csv
Paige Sanders,Paige_Sanders@montgomery-acevedo.com,2001/11/20,83401,Paige,Sanders,20011120,20,true,invalid_mobile,input_batches/applications_dataset_2.csv
Devin Bates,Devin_Bates@boyd.com,2008-02-22,801057,Devin,Bates,20080222,13,false,under_18;invalid_mobile,input_batches/applications_dataset_2.csv
Becky Hernandez,Becky_Hernandez@wolfe-estes.com,09/02/1952,636777,Becky,Hernandez,19520902,69,true,invalid_mobile,input_batches/applications_dataset_2.csv
Brandon Gonzalez,Brandon_Gonzalez@moore.info,1962-01-31,80247655,Brandon,Gonzalez,19620131,59,true,invalid_email,input_batches/applications_dataset_2.csv
John Henderson,John_Henderson@wilson.biz,1968/04/29,825657,John,Henderson,19680429,53,true,invalid_mobile;invalid_email,input_batches/applications_dataset_2.csv
Samuel Bell,Samuel_Bell@davis-combs.net,2003-05-13,3783291,Samuel,Bell,20030513,18,false,under_18;invalid_mobile,input_batches/applications_dataset_2.csv
Chase Reed,Chase_Reed@robbins.info,21-08-1958,58795239,Chase,Reed,19580821,63,true,invalid_email,input_batches/applications_dataset_2.csv
Timothy Nichols,Timothy_Nichols@smith.biz,06-01-1968,76207631,Timothy,Nichols,19680106,53,true,invalid_email,input_batches/applications_dataset_2.csv
Mitchell Owen,Mitchell_Owen@finley.info,19-09-2010,540609,Mitchell,Owen,20100919,11,false,under_18;invalid_mobile;invalid_email,input_batches/applications_dataset_2.csv
Amy Baker,Amy_Baker@phelps-cole.com,05-07-2000,9951397,Amy,Baker,20000705,21,true,invalid_mobile,input_batches/applications_dataset_2.csv
Duane Gomez,Duane_Gomez@williamson.biz,1991/06/12,884811,Duane,Gomez,19910612,30,true,invalid_mobile;invalid_email,input_batches/applications_dataset_2.csv
Maria Hampton,Maria_Hampton@turner-white.biz,2013/11/15,89841,Maria,Hampton,20131115,8,false,under_18;invalid_mobile;invalid_email,input_batches/applications_dataset_2.csv
Kathy Schneider,Kathy_Schneider@randolph.com,1971/01/30,243465,Kathy,Schneider,19710130,50,true,invalid_mobile,input_batches/applications_dataset_2.csv
Christopher Johnson,Christopher_Johnson@odom.com,10-02-1976,543123,Christopher,Johnson,19760210,45,true,invalid_mobile,input_batches/applications_dataset_2.csv
Alison Rojas,Alison_Rojas@marshall.com,21-07-2018,71311,Alison,Rojas,20180721,3,false,under_18;invalid_mobile,input_batches/applications_dataset_2.csv
Susan Valdez,Susan_Valdez@ritter-rich.com,2016-07-13,684699,Susan,Valdez,20160713,5,false,under_18;invalid_mobile,input_batches/applications_dataset_2.csv
Jason Conway,Jason_Conway@salinas.com,25-08-2009,26369799,Jason,Conway,20090825,12,false,under_18,input_batches/applications_dataset_2.csv
Nathan Reid,Nathan_Reid@warner.com,09-05-2014,6270027,Nathan,Reid,20140509,7,false,under_18;invalid_mobile,input_batches/applications_dataset_2.csv
Amy Klein,Amy_Klein@williamson.net,1987/07/17,7759424,Amy,Klein,19870717,34,true,invalid_mobile,input_batches/applications_dataset_2.csv
Victoria Johnson,Victoria_Johnson@conley.com,1965/03/07,99921,Victoria,Johnson,19650307,56,true,invalid_mobile,input_batches/applications_dataset_2.csv
Sara Adams,Sara_Adams@gutierrez-wilson.info,20-11-1992,141423,Sara,Adams,19921120,29,true,invalid_mobile;invalid_email,input_batches/applications_dataset_2.csv
Charles Reid,Charles_Reid@willis.info,2003-07-07,61296,Charles,Reid,20030707,18,false,under_18;invalid_mobile;invalid_email,input_batches/applications_dataset_2.csv
Angela Davis,Angela_Davis@jones-morgan.com,1961/04/18,6580001,Angela,Davis,19610418,60,true,invalid_mobile,input_batches/applications_dataset_2.csv
Brittany Nicholson,Brittany_Nicholson@carlson-wade.com,04/15/1992,4524605,Brittany,Nicholson,19920415,29,true,invalid_mobile,input_batches/applications_dataset_2.csv
William Dunn,William_Dunn@wilkins.info,01-01-1957,57063847,William,Dunn,19570101,65,true,invalid_email,input_batches/applications_dataset_2.csv
Jon James,Jon_James@owens.biz,20-01-1975,53852103,Jon,James,19750120,46,true,invalid_email,input_batches/applications_dataset_2.csv
Heather Boyle,Heather_Boyle@lopez.com,03/01/2003,9167 9575,Heather,Boyle,20030301,18,false,under_18,input_batches/applications_dataset_2.csv
Martin Robinson,Martin_Robinson@gray.info,1992-02-17,74866,Martin,Robinson,19920217,29,true,invalid_mobile;invalid_email,input_batches/applications_dataset_2.csv
Lindsay Brewer,Lindsay_Brewer@brown-stewart.info,18-08-1953,38137071,Lindsay,Brewer,19530818,68,true,invalid_email,input_batches/applications_dataset_2.csv
Christopher Mitchell,Christopher_Mitchell@blair.net,2008/04/06,70452735,Christopher,Mitchell,20080406,13,false,under_18,input_batches/applications_dataset_2.csv
Nathaniel Kelly,Nathaniel_Kelly@barron.info,1990/10/31,575673,Nathaniel,Kelly,19901031,31,true,invalid_mobile;invalid_email,input_batches/applications_dataset_2.csv
Jesus Martinez,Jesus_Martinez@hunt-nichols.com,24-04-2006,98146,Jesus,Martinez,20060424,15,false,under_18;invalid_mobile,input_batches/applications_dataset_2.csv
Mark Kim,Mark_Kim@martinez.biz,11-01-2008,3036839,Mark,Kim,20080111,13,false,under_18;invalid_mobile;invalid_email,input_batches/applications_dataset_2.csv
Kimberly Mccullough,Kimberly_Mccullough@cantu.com,1989/09/01,209511,Kimberly,Mccullough,19890901,32,true,invalid_mobile,input_batches/applications_dataset_2.csv
Kevin Richardson,Kevin_Richardson@wheeler.com,1989/07/18,27436,Kevin,Richardson,19890718,32,true,invalid_mobile,input_batches/applications_dataset_2.csv
Kim Kramer,Kim_Kramer@dominguez.com,05/07/1986,965793,Kim,Kramer,19860507,35,true,invalid_mobile,input_batches/applications_dataset_2.csv
Shelly Warren,Shelly_Warren@patterson-knight.info,08-12-1956,11973823,Shelly,Warren,19561208,65,true,invalid_email,input_batches/applications_dataset_2.csv
Rebecca Pearson,Rebecca_Pearson@davis.org,2000/11/13,68566,Rebecca,Pearson,20001113,21,true,invalid_mobile;invalid_email,input_batches/applications_dataset_2.csv
Thomas Turner,Thomas_Turner@boyer-santos.info,1973/05/28,12514951,Thomas,Turner,19730528,48,true,invalid_email,input_batches/applications_dataset_2.csv
Kimberly Aguilar,Kimberly_Aguilar@gilmore.info,06/07/1963,61041,Kimberly,Aguilar,19630607,58,true,invalid_mobile;invalid_email,input_batches/applications_dataset_2.csv
Mr. Parker Chandler DDS,Parker_Chandler@barnes.com,1985-04-09,365589,Parker,Chandler,19850409,36,true,invalid_mobile,input_batches/applications_dataset_2.csv
Patricia Jordan,Patricia_Jordan@robbins.net,2014-10-05,49578007,Patricia,Jordan,20141005,7,false,under_18,input_batches/applications_dataset_2.csv
Edward Pearson,Edward_Pearson@hester-richardson.info,1988-02-27,49439343,Edward,Pearson,19880227,33,true,invalid_email,input_batches/applications_dataset_2.csv
Thomas Guzman,Thomas_Guzman@taylor.net,1950/03/31,30646,Thomas,Guzman,19500331,71,true,invalid_mobile,input_batches/applications_dataset_2.csv
Christina Lewis,Christina_Lewis@dougherty.com,1991-11-10,425109,Christina,Lewis,19911110,30,true,invalid_mobile,input_batches/applications_dataset_2.csv
Nicole Green,Nicole_Green@green.info,1975-11-14,624039,Nicole,Green,19751114,46,true,invalid_mobile;invalid_email,input_batches/applications_dataset_2.csv
Sandra Ayers,Sandra_Ayers@flowers.com,07/13/1963,260007,Sandra,Ayers,19630713,58,true,invalid_mobile,input_batches/applications_dataset_2.csv
Kimberly Gould,Kimberly_Gould@smith.com,2010/09/25,51456,Kimberly,Gould,20100925,11,false,under_18;invalid_mobile,input_batches/applications_dataset_2.csv
Cory Johnson,Cory_Johnson@bishop.info,12/29/1984,16831,Cory,Johnson,19841229,37,true,invalid_mobile;invalid_email,input_batches/applications_dataset_2.csv
Lisa Butler,Lisa_Butler@caldwell.net,1981/08/20,39281,Lisa,Butler,19810820,40,true,invalid_mobile,input_batches/applications_dataset_2.csv
Stephanie Gomez,Stephanie_Gomez@marks.com,1992/02/14,778365,Stephanie,Gomez,19920214,29,true,invalid_mobile,input_batches/applications_dataset_2.csv
Dennis Figueroa,Dennis_Figueroa@kidd-hernandez.com,1950-05-13,74466,Dennis,Figueroa,19500513,71,true,invalid_mobile,input_batches/applications_dataset_2.csv
Michelle Spencer,Michelle_Spencer@norman.biz,1962/09/24,2241310,Michelle,Spencer,19620924,59,true,invalid_mobile;invalid_email,input_batches/applications_dataset_2.csv
Austin Zuniga,Austin_Zuniga@cline-tucker.com,08-04-1957,7639906,Austin,Zuniga,19570408,64,true,invalid_mobile,input_batches/applications_dataset_2.csv
Sarah Mora,Sarah_Mora@neal.com,1955-09-10,72556,Sarah,Mora,19550910,66,true,invalid_mobile,input_batches/applications_dataset_2.csv
Mr. David Brown,David_Brown@harding.org,1997/11/26,2764749,David,Brown,19971126,24,true,invalid_mobile;invalid_email,input_batches/applications_dataset_2.csv
Regina Smith,Regina_Smith@norris-brown.org,1954-07-01,69281,Regina,Smith,19540701,67,true,invalid_mobile;invalid_email,input_batches/applications_dataset_2.csv
John Gardner,John_Gardner@heath.com,19-02-1980,3945712,John,Gardner,19800219,41,true,invalid_mobile,input_batches/applications_dataset_2.csv
Vanessa Alvarez,Vanessa_Alvarez@allen.org,2000/09/24,42263183,Vanessa,Alvarez,20000924,21,true,invalid_email,input_batches/applications_dataset_2.csv
Michael Wu,Michael_Wu@gutierrez.com,30-11-2004,29225607,Michael,Wu,20041130,17,false,under_18,input_batches/applications_dataset_2.csv
Jenny Fox,Jenny_Fox@ross.com,1978/10/18,8239141,Jenny,Fox,19781018,43,true,invalid_mobile,input_batches/applications_dataset_2.csv
Elizabeth Cole,Elizabeth_Cole@kaufman-zavala.com,2003-02-17,702021,Elizabeth,Cole,20030217,18,false,under_18;invalid_mobile,input_batches/applications_dataset_2.csv
Justin Holmes,Justin_Holmes@davis.biz,12/15/1993,6934432,Justin,Holmes,19931215,28,true,invalid_mobile;invalid_email,input_batches/applications_dataset_2.csv
Steve Carey,Steve_Carey@smith.biz,2014-09-15,754287,Steve,Carey,20140915,7,false,under_18;invalid_mobile;invalid_email,input_batches/applications_dataset_2.csv
Ryan Miller,Ryan_Miller@williams.net,1974/07/17,159111,Ryan,Miller,19740717,47,true,invalid_mobile,input_batches/applications_dataset_2.csv
Alvin Blair,Alvin_Blair@walton.biz,1952/11/22,657699,Alvin,Blair,19521122,69,true,invalid_mobile;invalid_email,input_batches/applications_dataset_2.csv
John Pearson,John_Pearson@golden.com,1957/01/30,52606,John,Pearson,19570130,64,true,invalid_mobile,input_batches/applications_dataset_2.csv
Marcus Mejia,Marcus_Mejia@brooks.net,07-07-1975,9450169,Marcus,Mejia,19750707,46,true,invalid_mobile,input_batches/applications_dataset_2.csv
Antonio Simon,Antonio_Simon@wang-larsen.net,08-07-2009,62936,Antonio,Simon,20090708,12,false,under_18;invalid_mobile,input_batches/applications_dataset_2.csv
Maria Mccall,Maria_Mccall@watts.com,2017/12/05,3879842,Maria,Mccall,20171205,4,false,under_18;invalid_mobile,input_batches/applications_dataset_2.csv
Linda Robinson,Linda_Robinson@farmer.com,07/24/2001,917355,Linda,Robinson,20010724,20,true,invalid_mobile,input_batches/applications_dataset_2.csv
Emily Rodriguez,Emily_Rodriguez@gardner.biz,16-07-1991,177843,Emily,Rodriguez,19910716,30,true,invalid_mobile;invalid_email,input_batches/applications_dataset_2.csv
Dr. Samantha Morrison,Samantha_Morrison@hamilton-wilson.net,11/20/1961,8583856,Samantha,Morrison,19611120,60,true,invalid_mobile,input_batches/applications_dataset_2.csv
Johnny Clark,Johnny_Clark@phillips-phillips.com,1987/01/02,81701,Johnny,Clark,19870102,34,true,invalid_mobile,input_batches/applications_dataset_2.csv
Brandon Hanson,Brandon_Hanson@walker.com,1967-05-09,67926,Brandon,Hanson,19670509,54,true,invalid_mobile,input_batches/applications_dataset_2.csv
Dana Mcclain,Dana_Mcclain@jackson.org,28-04-2009,14366295,Dana,Mcclain,20090428,12,false,under_18;invalid_email,input_batches/applications_dataset_2.csv
Christine Ramos,Christine_Ramos@hanson.biz,11/28/1992,661173,Christine,Ramos,19921128,29,true,invalid_mobile;invalid_email,input_batches/applications_dataset_2.csv
Melissa Gibson,Melissa_Gibson@wheeler-cunningham.com,02/20/2013,8002891,Melissa,Gibson,20130220,8,false,under_18;invalid_mobile,input_batches/applications_dataset_2.csv
Michael Fernandez,Michael_Fernandez@hill-burgess.com,04/28/1986,3201052,Michael,Fernandez,19860428,35,true,invalid_mobile,input_batches/applications_dataset_2.csv
Karen Woods,Karen_Woods@nelson.info,21-02-2008,25321,Karen,Woods,20080221,13,false,under_18;invalid_mobile;invalid_email,input_batches/applications_dataset_2.csv
Alexander Cook,Alexander_Cook@williams.org,16-11-1972,421131,Alexander,Cook,19721116,49,true,invalid_mobile;invalid_email,input_batches/applications_dataset_2.csv
Michelle Hale,Michelle_Hale@evans.biz,1978-10-21,4280893,Michelle,Hale,19781021,43,true,invalid_mobile;invalid_email,input_batches/applications_dataset_2.csv
Dawn Perez,Dawn_Perez@carroll.info,11-11-1955,557427,Dawn,Perez,19551111,66,true,invalid_mobile;invalid_email,input_batches/applications_dataset_2.csv
Michael Smith,Michael_Smith@mccarthy-hayes.info,04/24/1968,1363 8487,Michael,Smith,19680424,53,true,invalid_email,input_batches/applications_dataset_2.csv
Pamela Willis,Pamela_Willis@fitzgerald.com,1969-03-16,614373,Pamela,Willis,19690316,52,true,invalid_mobile,input_batches/applications_dataset_2.csv
Tracy Coleman,Tracy_Coleman@thomas.com,1997-04-07,61371,Tracy,Coleman,19970407,24,true,invalid_mobile,input_batches/applications_dataset_2.csv
Amanda Jones,Amanda_Jones@klein.com,06/02/2010,17256,Amanda,Jones,20100602,11,false,under_18;invalid_mobile,input_batches/applications_dataset_2.csv
Alexis Bradford,Alexis_Bradford@steele.com,2001-09-29,6019490,Alexis,Bradford,20010929,20,true,invalid_mobile,input_batches/applications_dataset_2.csv
Eric Elliott,Eric_Elliott@anderson-ellison.com,1986-03-30,63151,Eric,Elliott,19860330,35,true,invalid_mobile,input_batches/applications_dataset_2.csv
Rhonda White,Rhonda_White@arellano.com,1990/10/12,724107,Rhonda,White,19901012,31,true,invalid_mobile,input_batches/applications_dataset_2.csv
Annette Kaufman,Annette_Kaufman@schultz-williams.org,1997-06-29,67241,Annette,Kaufman,19970629,24,true,invalid_mobile;invalid_email,input_batches/applications_dataset_2.csv
Kenneth Brown,Kenneth_Brown@olson-lee.org,01/25/2006,385581,Kenneth,Brown,20060125,15,false,under_18;invalid_mobile;invalid_email,input_batches/applications_dataset_2.csv
Joshua Brown,Joshua_Brown@zhang.com,02/20/1992,167415,Joshua,Brown,19920220,29,true,invalid_mobile,input_batches/applications_dataset_2.csv
Monique Thompson,Monique_Thompson@davis.biz,07/15/1996,6967 1135,Monique,Thompson,19960715,25,true,invalid_email,input_batches/applications_dataset_2.csv
Tammy Anderson,Tammy_Anderson@turner.com,1970-01-17,566985,Tammy,Anderson,19700117,51,true,invalid_mobile,input_batches/applications_dataset_2.csv
Robert Foster,Robert_Foster@williams.com,22-12-1964,973749,Robert,Foster,19641222,57,true,invalid_mobile,input_batches/applications_dataset_2.csv
Phillip White,Phillip_White@davis.com,1993-03-03,43136,Phillip,White,19930303,28,true,invalid_mobile,input_batches/applications_dataset_2.csv
Jeffrey Reeves,Jeffrey_Reeves@howard.org,19-12-2005,11451,Jeffrey,Reeves,20051219,16,false,under_18;invalid_mobile;invalid_email,input_batches/applications_dataset_2.csv
Michelle Dodson,Michelle_Dodson@wright.net,01-03-2013,180753,Michelle,Dodson,20130301,8,false,under_18;invalid_mobile,input_batches/applications_dataset_2.csv
Deborah Carter,Deborah_Carter@collins.com,2013/03/01,45711759,Deborah,Carter,20130301,8,false,under_18,input_batches/applications_dataset_2.csv
Donna Lloyd,Donna_Lloyd@newton-reynolds.info,02/06/1956,124611,Donna,Lloyd,19560206,65,true,invalid_mobile;invalid_email,input_batches/applications_dataset_2.csv
Jason Brown,Jason_Brown@lamb.net,2014/10/07,68172735,Jason,Brown,20141007,7,false,under_18,input_batches/applications_dataset_2.csv
Loretta Haynes,Loretta_Haynes@stewart.info,1989/12/15,73871583,Loretta,Haynes,19891215,32,true,invalid_email,input_batches/applications_dataset_2.csv
Ryan Vaughn,Ryan_Vaughn@rodriguez.com,1960-11-29,46011,Ryan,Vaughn,19601129,61,true,invalid_mobile,input_batches/applications_dataset_2.csv
Dan Smith,Dan_Smith@henry.com,11/26/1996,133353,Dan,Smith,19961126,25,true,invalid_mobile,input_batches/applications_dataset_2.csv
Alex Brown,Alex_Brown@paul.biz,03/07/2017,5419 1187,Alex,Brown,20170307,4,false,under_18;invalid_email,input_batches/applications_dataset_2.csv
Ethan Lee,Ethan_Lee@adkins.com,2012-12-22,48261,Ethan,Lee,20121222,9,false,under_18;invalid_mobile,input_batches/applications_dataset_2.csv
Jose Martinez,Jose_Martinez@martin.com,1995-09-24,65941,Jose,Martinez,19950924,26,true,invalid_mobile,input_batches/applications_dataset_2.csv
Alejandra Strickland,Alejandra_Strickland@ward-johnson.net,1957/02/22,3464644,Alejandra,Strickland,19570222,64,true,invalid_mobile,input_batches/applications_dataset_2.csv
Paula Gregory,Paula_Gregory@sanders.com,02-03-1967,36121,Paula,Gregory,19670302,54,true,invalid_mobile,input_batches/applications_dataset_2.csv
Joseph Lozano,Joseph_Lozano@bruce.com,1982/02/21,659385,Joseph,Lozano,19820221,39,true,invalid_mobile,input_batches/applications_dataset_2.csv
Mr. Dean Thomas,Dean_Thomas@sanchez.org,03-07-2015,39676,Dean,Thomas,20150703,6,false,under_18;invalid_mobile;invalid_email,input_batches/applications_dataset_2.csv
Madison Richardson,Madison_Richardson@sullivan-riggs.com,19-06-1962,668097,Madison,Richardson,19620619,59,true,invalid_mobile,input_batches/applications_dataset_2.csv
Kelly Buchanan,Kelly_Buchanan@day-smith.com,14-03-2001,96741,Kelly,Buchanan,20010314,20,true,invalid_mobile,input_batches/applications_dataset_2.csv
Robert Brown,Robert_Brown@arroyo-jennings.com,2010/01/12,85795927,Robert,Brown,20100112,11,false,under_18,input_batches/applications_dataset_2.csv
Felicia Sawyer,Felicia_Sawyer@vega.com,2006/03/31,144165,Felicia,Sawyer,20060331,15,false,under_18;invalid_mobile,input_batches/applications_dataset_2.csv
Julian Edwards,Julian_Edwards@brown-peterson.com,23-08-1956,91021,Julian,Edwards,19560823,65,true,invalid_mobile,input_batches/applications_dataset_2.csv
David Salazar,David_Salazar@butler.com,12/11/2017,302277,David,Salazar,20171211,4,false,under_18;invalid_mobile,input_batches/applications_dataset_2.csv
Joshua Williams,Joshua_Williams@hardy.com,22-04-1969,373557,Joshua,Williams,19690422,52,true,invalid_mobile,input_batches/applications_dataset_2.csv
Daniel Yoder,Daniel_Yoder@brown.net,11-11-2017,4431925,Daniel,Yoder,20171111,4,false,under_18;invalid_mobile,input_batches/applications_dataset_2.csv
Daniel Nelson,Daniel_Nelson@cooper-robinson.com,1985-07-10,5908778,Daniel,Nelson,19850710,36,true,invalid_mobile,input_batches/applications_dataset_2.csv
Gary White,Gary_White@casey.org,09/03/1993,71301,Gary,White,19930903,28,true,invalid_mobile;invalid_email,input_batches/applications_dataset_2.csv
Jason Campbell,Jason_Campbell@smith-roach.com,1954/10/10,93071,Jason,Campbell,19541010,67,true,invalid_mobile,input_batches/applications_dataset_2.csv
Elizabeth Watson,Elizabeth_Watson@humphrey-cox.com,2014/10/16,4912503,Elizabeth,Watson,20141016,7,false,under_18;invalid_mobile,input_batches/applications_dataset_2.csv
Kenneth Wright,Kenneth_Wright@fox.com,03-05-1962,59641,Kenneth,Wright,19620503,59,true,invalid_mobile,input_batches/applications_dataset_2.csv
David Clark,David_Clark@short-christian.com,2007/02/04,54461,David,Clark,20070204,14,false,under_18;invalid_mobile,input_batches/applications_dataset_2.csv
Beverly Leon,Beverly_Leon@vance.info,11/08/1993,5063 8447,Beverly,Leon,19931108,28,true,invalid_email,input_batches/applications_dataset_2.csv
Dr. Robert Wright,Robert_Wright@davis-miller.net,1964/02/08,77211,Robert,Wright,19640208,57,true,invalid_mobile,input_batches/applications_dataset_2.csv
Derrick Wells,Derrick_Wells@bowman.org,1954-06-17,1455574,Derrick,Wells,19540617,67,true,invalid_mobile;invalid_email,input_batches/applications_dataset_2.csv
Devin Neal,Devin_Neal@graham.org,2013/05/26,969225,Devin,Neal,20130526,8,false,under_18;invalid_mobile;invalid_email,input_batches/applications_dataset_2.csv
Linda Baker,Linda_Baker@moran.info,04-10-1995,23696,Linda,Baker,19951004,26,true,invalid_mobile;invalid_email,input_batches/applications_dataset_2.csv
Amanda Ray,Amanda_Ray@miller.com,21-08-2015,67585215,Amanda,Ray,20150821,6,false,under_18,input_batches/applications_dataset_2.csv
Bruce Williams,Bruce_Williams@foster.biz,1969-07-28,8124901,Bruce,Williams,19690728,52,true,invalid_mobile;invalid_email,input_batches/applications_dataset_2.csv
Amy Castillo,Amy_Castillo@brooks-mcintyre.com,03/30/1963,8119042,Amy,Castillo,19630330,58,true,invalid_mobile,input_batches/applications_dataset_2.csv
Kyle Turner,Kyle_Turner@wright-williams.com,26-11-2004,54311,Kyle,Turner,20041126,17,false,under_18;invalid_mobile,input_batches/applications_dataset_2.csv
Steven Mason,Steven_Mason@fischer-nelson.info,1962-11-12,342939,Steven,Mason,19621112,59,true,invalid_mobile;invalid_email,input_batches/applications_dataset_2.csv
Kimberly Kelly,Kimberly_Kelly@smith-davis.com,2004/04/03,97604615,Kimberly,Kelly,20040403,17,false,under_18,input_batches/applications_dataset_2.csv
Melissa Ellis,Melissa_Ellis@gonzalez-miranda.com,1988-09-07,243687,Melissa,Ellis,19880907,33,true,invalid_mobile,input_batches/applications_dataset_2.csv
Mark Mcmillan,Mark_Mcmillan@young.com,1952-04-29,8910910,Mark,Mcmillan,19520429,69,true,invalid_mobile,input_batches/applications_dataset_2.csv
Erin Bautista,Erin_Bautista@kline.com,01/28/1979,7454014,Erin,Bautista,19790128,42,true,invalid_mobile,input_batches/applications_dataset_2.csv
Joseph Holt,Joseph_Holt@ward-williams.info,1985/04/10,778737,Joseph,Holt,19850410,36,true,invalid_mobile;invalid_email,input_batches/applications_dataset_2.csv
Dean Foster,Dean_Foster@harrell-ortiz.biz,1991-09-08,244989,Dean,Foster,19910908,30,true,invalid_mobile;invalid_email,input_batches/applications_dataset_2.csv
Luis Smith,Luis_Smith@lewis.com,06/15/2008,6927 9743,Luis,Smith,20080615,13,false,under_18,input_batches/applications_dataset_2.csv
Nicholas Hughes,Nicholas_Hughes@reed-wilson.org,1962/04/08,27277679,Nicholas,Hughes,19620408,59,true,invalid_email,input_batches/applications_dataset_2.csv
Alexis Marshall,Alexis_Marshall@ortiz.com,11/07/2018,372087,Alexis,Marshall,20181107,3,false,under_18;invalid_mobile,input_batches/applications_dataset_2.csv
Nathan Jones,Nathan_Jones@hess.net,2002/06/07,61001,Nathan,Jones,20020607,19,true,invalid_mobile,input_batches/applications_dataset_2.csv
Debra Jordan,Debra_Jordan@parrish-chen.com,02/04/1995,656019,Debra,Jordan,19950204,26,true,invalid_mobile,input_batches/applications_dataset_2.csv
Billy Rose,Billy_Rose@green.com,1990-02-22,93601,Billy,Rose,19900222,31,true,invalid_mobile,input_batches/applications_dataset_2.csv
Amber Stephens,Amber_Stephens@allen-garcia.com,02-10-2009,57151,Amber,Stephens,20091002,12,false,under_18;invalid_mobile,input_batches/applications_dataset_2.csv
Sandra Williamson DDS,Sandra_Williamson@dixon.info,1966/08/21,824961,Sandra,Williamson,19660821,55,true,invalid_mobile;invalid_email,input_batches/applications_dataset_2.csv
Mikayla Wiggins,Mikayla_Wiggins@murphy.info,1967-04-28,5378864,Mikayla,Wiggins,19670428,54,true,invalid_mobile;invalid_email,input_batches/applications_dataset_2.csv
Wesley Lowery,Wesley_Lowery@suarez.biz,1998/06/20,33838415,Wesley,Lowery,19980620,23,true,invalid_email,input_batches/applications_dataset_2.csv
Brandon Cruz,Brandon_Cruz@gutierrez.info,24-01-1995,258783,Brandon,Cruz,19950124,26,true,invalid_mobile;invalid_email,input_batches/applications_dataset_2.csv
Tracy York,Tracy_York@buchanan.com,07-12-1997,185859,Tracy,York,19971207,24,true,invalid_mobile,input_batches/applications_dataset_2.csv
Jessica Adams,Jessica_Adams@berry.biz,08/29/2006,5407 4899,Jessica,Adams,20060829,15,false,under_18;invalid_email,input_batches/applications_dataset_2.csv
Diana Flores,Diana_Flores@hill.com,2006/01/25,24605159,Diana,Flores,20060125,15,false,under_18,input_batches/applications_dataset_2.csv
Anthony Brooks,Anthony_Brooks@munoz.com,2008-05-06,67481,Anthony,Brooks,20080506,13,false,under_18;invalid_mobile,input_batches/applications_dataset_2.csv
Joan Cruz,Joan_Cruz@webb-howe.net,08-07-1953,48606,Joan,Cruz,19530708,68,true,invalid_mobile,input_batches/applications_dataset_2.csv
Lauren Ray,Lauren_Ray@jenkins.org,02/08/1954,943671,Lauren,Ray,19540208,67,true,invalid_mobile;invalid_email,input_batches/applications_dataset_2.csv
Robert Fisher,Robert_Fisher@franklin-lee.com,1967-04-13,879579,Robert,Fisher,19670413,54,true,invalid_mobile,input_batches/applications_dataset_2.csv
Christopher Clark,Christopher_Clark@ramos.biz,10/08/1988,36611,Christopher,Clark,19881008,33,true,invalid_mobile;invalid_email,input_batches/applications_dataset_2.csv
Leah Palmer,Leah_Palmer@roman.biz,03/20/1969,774171,Leah,Palmer,19690320,52,true,invalid_mobile;invalid_email,input_batches/applications_dataset_2.csv
Erin Campbell,Erin_Campbell@koch-johnson.com,2000-06-22,11156,Erin,Campbell,20000622,21,true,invalid_mobile,input_batches/applications_dataset_2.csv
Michael Smith,Michael_Smith@long.com,2008-03-05,13581,Michael,Smith,20080305,13,false,under_18;invalid_mobile,input_batches/applications_dataset_2.csv
Carolyn Gonzalez,Carolyn_Gonzalez@walsh.com,06/20/1957,19666,Carolyn,Gonzalez,19570620,64,true,invalid_mobile,input_batches/applications_dataset_2.csv
Evan Jackson,Evan_Jackson@duke.com,15-05-1982,31141,Evan,Jackson,19820515,39,true,invalid_mobile,input_batches/applications_dataset_2.csv
Corey Mitchell,Corey_Mitchell@turner-thompson.org,1956/03/02,65463735,Corey,Mitchell,19560302,65,true,invalid_email,input_batches/applications_dataset_2.csv
Angela Lopez,Angela_Lopez@flynn-moore.org,26-04-2010,40176,Angela,Lopez,20100426,11,false,under_18;invalid_mobile;invalid_email,input_batches/applications_dataset_2.csv
Mariah Jones,Mariah_Jones@butler-murphy.com,1961-02-03,2175027,Mariah,Jones,19610203,60,true,invalid_mobile,input_batches/applications_dataset_2.csv
Melissa Yates,Melissa_Yates@baxter-kaiser.com,10/15/1970,67396,Melissa,Yates,19701015,51,true,invalid_mobile,input_batches/applications_dataset_2.csv
Chad Hill MD,Chad_Hill@murphy.biz,2003-10-07,19026,Chad,Hill,20031007,18,false,under_18;invalid_mobile;invalid_email,input_batches/applications_dataset_2.csv
Dalton Marshall,Dalton_Marshall@perez.com,2005/06/22,75676,Dalton,Marshall,20050622,16,false,under_18;invalid_mobile,input_batches/applications_dataset_2.csv
Megan Davis,Megan_Davis@bonilla.com,2018-12-05,856173,Megan,Davis,20181205,3,false,under_18;invalid_mobile,input_batches/applications_dataset_2.csv
Jay Hunt,Jay_Hunt@villanueva-estrada.org,15-06-2009,71646,Jay,Hunt,20090615,12,false,under_18;invalid_mobile;invalid_email,input_batches/applications_dataset_2.csv
Craig Brady,Craig_Brady@lee-smith.com,1997-09-10,70746,Craig,Brady,19970910,24,true,invalid_mobile,input_batches/applications_dataset_2.csv
James Cooper,James_Cooper@brewer-evans.com,1955-05-02,15721,James,Cooper,19550502,66,true,invalid_mobile,input_batches/applications_dataset_2.csv
Timothy Cabrera,Timothy_Cabrera@mcdonald-smith.net,1998/04/29,324453,Timothy,Cabrera,19980429,23,true,invalid_mobile,input_batches/applications_dataset_2.csv
Justin Kemp,Justin_Kemp@morton.biz,28-12-1996,9080065,Justin,Kemp,19961228,25,true,invalid_mobile;invalid_email,input_batches/applications_dataset_2.csv
Sean Roach,Sean_Roach@campbell-boyd.info,08/05/1993,3135252,Sean,Roach,19930805,28,true,invalid_mobile;invalid_email,input_batches/applications_dataset_2.csv
Jeffery Steele,Jeffery_Steele@gutierrez.com,1979/05/22,449853,Jeffery,Steele,19790522,42,true,invalid_mobile,input_batches/applications_dataset_2.csv
Albert Sellers,Albert_Sellers@gonzalez.com,08/27/2012,9135232,Albert,Sellers,20120827,9,false,under_18;invalid_mobile,input_batches/applications_dataset_2.csv
Jennifer Snyder,Jennifer_Snyder@allen-hernandez.com,1994/08/05,4231046,Jennifer,Snyder,19940805,27,true,invalid_mobile,input_batches/applications_dataset_2.csv
John Scott,John_Scott@rodgers.com,25-12-2018,88527399,John,Scott,20181225,3,false,under_18,input_batches/applications_dataset_2.csv
Gabrielle Brown DVM,Gabrielle_Brown@curtis.org,06/26/1998,6128914,Gabrielle,Brown,19980626,23,true,invalid_mobile;invalid_email,input_batches/applications_dataset_2.csv
Devon Ramsey,Devon_Ramsey@wilson-sanchez.info,2005-08-03,181269,Devon,Ramsey,20050803,16,false,under_18;invalid_mobile;invalid_email,input_batches/applications_dataset_2.csv
Linda Palmer,Linda_Palmer@collins-garrett.com,01/20/2012,66506,Linda,Palmer,20120120,9,false,under_18;invalid_mobile,input_batches/applications_dataset_2.csv
Laura Vargas,Laura_Vargas@myers.net,1951-06-29,44031,Laura,Vargas,19510629,70,true,invalid_mobile,input_batches/applications_dataset_2.csv
Felicia Stewart,Felicia_Stewart@castaneda-hines.com,24-06-1950,764061,Felicia,Stewart,19500624,71,true,invalid_mobile,input_batches/applications_dataset_2.csv
Antonio Lewis,Antonio_Lewis@robinson-sullivan.info,11/03/2018,7496112,Antonio,Lewis,20181103,3,false,under_18;invalid_mobile;invalid_email,input_batches/applications_dataset_2.csv
Andrew Nielsen,Andrew_Nielsen@cole.com,11/13/1982,287115,Andrew,Nielsen,19821113,39,true,invalid_mobile,input_batches/applications_dataset_2.csv
Lindsay Carpenter,Lindsay_Carpenter@hernandez.info,1962-03-08,25691,Lindsay,Carpenter,19620308,59,true,invalid_mobile;invalid_email,input_batches/applications_dataset_2.csv
Chris Stewart,Chris_Stewart@lyons.net,2004-11-09,619833,Chris,Stewart,20041109,17,false,under_18;invalid_mobile,input_batches/applications_dataset_2.csv
Robert Moore,Robert_Moore@collins.com,03/17/1950,1399812,Robert,Moore,19500317,71,true,invalid_mobile,input_batches/applications_dataset_2.csv
Timothy Ray,Timothy_Ray@torres.biz,27-01-1962,353613,Timothy,Ray,19620127,59,true,invalid_mobile;invalid_email,input_batches/applications_dataset_2.csv
Scott Day,Scott_Day@robinson.info,07/27/2017,32726,Scott,Day,20170727,4,false,under_18;invalid_mobile;invalid_email,input_batches/applications_dataset_2.csv
Nathaniel Armstrong,Nathaniel_Armstrong@williams-medina.net,1960/10/04,50026,Nathaniel,Armstrong,19601004,61,true,invalid_mobile,input_batches/applications_dataset_2.csv
Amanda Brown,Amanda_Brown@martinez.com,18-04-2010,36636,Amanda,Brown,20100418,11,false,under_18;invalid_mobile,input_batches/applications_dataset_2.csv
Kim Howell,Kim_Howell@rice-avery.biz,02/01/2009,4811794,Kim,Howell,20090201,12,false,under_18;invalid_mobile;invalid_email,input_batches/applications_dataset_2.csv
Kristin Lindsey,Kristin_Lindsey@dennis.com,1963-07-02,73341,Kristin,Lindsey,19630702,58,true,invalid_mobile,input_batches/applications_dataset_2.csv
Erin Flowers,Erin_Flowers@smith.com,2007-07-03,962571,Erin,Flowers,20070703,14,false,under_18;invalid_mobile,input_batches/applications_dataset_2.csv
Samuel Anderson,Samuel_Anderson@white-bryant.com,2016-09-06,83338023,Samuel,Anderson,20160906,5,false,under_18,input_batches/applications_dataset_2.csv
Jennifer Burke DDS,Jennifer_Burke@sampson-davis.com,10/09/1981,9728258,Jennifer,Burke,19811009,40,true,invalid_mobile,input_batches/applications_dataset_2.csv
Kelly Douglas,Kelly_Douglas@walton.com,1988-11-04,2470602,Kelly,Douglas,19881104,33,true,invalid_mobile,input_batches/applications_dataset_2.csv
Nancy Marshall,Nancy_Marshall@wood.net,1972/06/20,7573700,Nancy,Marshall,19720620,49,true,invalid_mobile,input_batches/applications_dataset_2.csv
Jorge Johnson,Jorge_Johnson@sanchez.com,1967-02-24,66181,Jorge,Johnson,19670224,54,true,invalid_mobile,input_batches/applications_dataset_2.csv
Amy French,Amy_French@castro.com,05/09/2005,290895,Amy,French,20050509,16,false,under_18;invalid_mobile,input_batches/applications_dataset_2.csv
Virginia Chambers DDS,Virginia_Chambers@lewis.com,1982/02/04,1259959,Virginia,Chambers,19820204,39,true,invalid_mobile,input_batches/applications_dataset_2.csv
Mary Pollard,Mary_Pollard@francis.com,21-09-1985,977979,Mary,Pollard,19850921,36,true,invalid_mobile,input_batches/applications_dataset_2.csv
Edward Norris,Edward_Norris@harris-long.info,10/14/2010,820179,Edward,Norris,20101014,11,false,under_18;invalid_mobile;invalid_email,input_batches/applications_dataset_2.csv
Deborah Bailey,Deborah_Bailey@shaw.com,1987-12-23,750429,Deborah,Bailey,19871223,34,true,invalid_mobile,input_batches/applications_dataset_2.csv
Jennifer Jones,Jennifer_Jones@hall.org,2011-04-23,20526,Jennifer,Jones,20110423,10,false,under_18;invalid_mobile;invalid_email,input_batches/applications_dataset_2.csv
Sonya Griffith,Sonya_Griffith@harris.com,28-04-2006,30409567,Sonya,Griffith,20060428,15,false,under_18,input_batches/applications_dataset_2.csv
Patrick Gallagher,Patrick_Gallagher@higgins.com,1986/12/16,391455,Patrick,Gallagher,19861216,35,true,invalid_mobile,input_batches/applications_dataset_2.csv
Jonathan Miller,Jonathan_Miller@rodgers-sanchez.info,1990/03/02,4791452,Jonathan,Miller,19900302,31,true,invalid_mobile;invalid_email,input_batches/applications_dataset_2.csv
Heather Ballard,Heather_Ballard@armstrong.net,1952/01/25,84416,Heather,Ballard,19520125,69,true,invalid_mobile,input_batches/applications_dataset_2.csv
Andre Manning,Andre_Manning@reeves-marshall.com,12-08-2004,66456055,Andre,Manning,20040812,17,false,under_18,input_batches/applications_dataset_2.csv
Ashley Soto,Ashley_Soto@yoder.com,2006/11/04,76666,Ashley,Soto,20061104,15,false,under_18;invalid_mobile,input_batches/applications_dataset_2.csv
Dr. Elizabeth Clark,Elizabeth_Clark@parker.net,2017/08/26,17305399,Elizabeth,Clark,20170826,4,false,under_18,input_batches/applications_dataset_2.csv
Patricia Young,Patricia_Young@sims.biz,2002/07/28,11131,Patricia,Young,20020728,19,true,invalid_mobile;invalid_email,input_batches/applications_dataset_2.csv
Marisa Campbell,Marisa_Campbell@wilkinson-scott.org,1953/12/09,654831,Marisa,Campbell,19531209,68,true,invalid_mobile;invalid_email,input_batches/applications_dataset_2.csv
Timothy Davis,Timothy_Davis@johnson-brooks.com,10/17/1959,8064414,Timothy,Davis,19591017,62,true,invalid_mobile,input_batches/applications_dataset_2.csv
Mitchell Ibarra,Mitchell_Ibarra@cole.com,10/30/1984,76251,Mitchell,Ibarra,19841030,37,true,invalid_mobile,input_batches/applications_dataset_2.csv
Chelsea Chen,Chelsea_Chen@coleman-haney.biz,04-05-1987,63416567,Chelsea,Chen,19870504,34,true,invalid_email,input_batches/applications_dataset_2.csv
Paul Taylor,Paul_Taylor@allen-larson.net,26-10-1955,13786,Paul,Taylor,19551026,66,true,invalid_mobile,input_batches/applications_dataset_2.csv
Henry Roach,Henry_Roach@newman.com,06/14/1956,71356,Henry,Roach,19560614,65,true,invalid_mobile,input_batches/applications_dataset_2.csv
Thomas Mcclain,Thomas_Mcclain@shields.com,2014/05/16,4416952,Thomas,Mcclain,20140516,7,false,under_18;invalid_mobile,input_batches/applications_dataset_2.csv
Paul Stein,Paul_Stein@ramirez.org,07/08/1977,1978278,Paul,Stein,19770708,44,true,invalid_mobile;invalid_email,input_batches/applications_dataset_2.csv
Susan Christensen,Susan_Christensen@anderson.com,1975-05-04,326721,Susan,Christensen,19750504,46,true,invalid_mobile,input_batches/applications_dataset_2.csv
Crystal Brown,Crystal_Brown@barnes.com,1973/03/14,8176519,Crystal,Brown,19730314,48,true,invalid_mobile,input_batches/applications_dataset_2.csv
Crystal Lowe,Crystal_Lowe@andrews.com,1994/11/30,598563,Crystal,Lowe,19941130,27,true,invalid_mobile,input_batches/applications_dataset_2.csv
Brian Baker,Brian_Baker@martinez-jenkins.com,24-05-2000,5431329,Brian,Baker,20000524,21,true,invalid_mobile,input_batches/applications_dataset_2.csv
Molly Fischer,Molly_Fischer@johnson-ramirez.com,1987/10/17,34941,Molly,Fischer,19871017,34,true,invalid_mobile,input_batches/applications_dataset_2.csv
Mark Green,Mark_Green@lucas-barnes.com,17-04-1968,68661,Mark,Green,19680417,53,true,invalid_mobile,input_batches/applications_dataset_2.csv
Karen Davis,Karen_Davis@roy-jones.biz,1998-09-30,4794070,Karen,Davis,19980930,23,true,invalid_mobile;invalid_email,input_batches/applications_dataset_2.csv
Joanna Figueroa,Joanna_Figueroa@bowen-soto.com,1957-01-29,52951,Joanna,Figueroa,19570129,64,true,invalid_mobile,input_batches/applications_dataset_2.csv
Paula Barker,Paula_Barker@melendez-hill.com,25-05-1992,63086,Paula,Barker,19920525,29,true,invalid_mobile,input_batches/applications_dataset_2.csv
Adam White,Adam_White@doyle.com,1999/01/15,86506,Adam,White,19990115,22,true,invalid_mobile,input_batches/applications_dataset_2.csv
Melinda Fitzpatrick,Melinda_Fitzpatrick@davis.info,04/08/1962,3211 3511,Melinda,Fitzpatrick,19620408,59,true,invalid_email,input_batches/applications_dataset_2.csv
Victoria Moore,Victoria_Moore@ramirez.biz,01/16/1992,6323 2827,Victoria,Moore,19920116,29,true,invalid_email,input_batches/applications_dataset_2.csv
Timothy Clark,Timothy_Clark@richardson.com,2013-06-13,3589755,Timothy,Clark,20130613,8,false,under_18;invalid_mobile,input_batches/applications_dataset_2.csv
Nathaniel Wells,Nathaniel_Wells@morris.net,12/19/1958,250749,Nathaniel,Wells,19581219,63,true,invalid_mobile,input_batches/applications_dataset_2.csv
Cindy Pitts,Cindy_Pitts@harris-craig.org,05/02/1986,5364255,Cindy,Pitts,19860502,35,true,invalid_mobile;invalid_email,input_batches/applications_dataset_2.csv
Travis Johnson,Travis_Johnson@miller-rivera.org,1996/08/05,56146735,Travis,Johnson,19960805,25,true,invalid_email,input_batches/applications_dataset_2.csv
Nichole Townsend,Nichole_Townsend@romero.info,1997-06-06,1175259,Nichole,Townsend,19970606,24,true,invalid_mobile;invalid_email,input_batches/applications_dataset_2.csv
Jessica Allen,Jessica_Allen@flynn.com,31-10-1966,270669,Jessica,Allen,19661031,55,true,invalid_mobile,input_batches/applications_dataset_2.csv
Charles Wright,Charles_Wright@wilson-huff.com,21-04-2009,361641,Charles,Wright,20090421,12,false,under_18;invalid_mobile,input_batches/applications_dataset_2.csv
Julie Castillo,Julie_Castillo@dodson-park.biz,01/09/1980,86306,Julie,Castillo,19800109,41,true,invalid_mobile;invalid_email,input_batches/applications_dataset_2.csv
Robert Young,Robert_Young@bryan.biz,2001-05-29,8980161,Robert,Young,20010529,20,true,invalid_mobile;invalid_email,input_batches/applications_dataset_2.csv
Randy Bauer,Randy_Bauer@morgan.org,01/01/2012,3405788,Randy,Bauer,20120101,10,false,under_18;invalid_mobile;invalid_email,input_batches/applications_dataset_2.csv
Christopher Bright,Christopher_Bright@campbell.biz,10/19/1966,3823527,Christopher,Bright,19661019,55,true,invalid_mobile;invalid_email,input_batches/applications_dataset_2.csv
Maria Reyes,Maria_Reyes@allen-kim.biz,03/06/1989,22751,Maria,Reyes,19890306,32,true,invalid_mobile;invalid_email,input_batches/applications_dataset_2.csv
Christopher Larson,Christopher_Larson@ross.info,05-01-2000,73856,Christopher,Larson,20000105,21,true,invalid_mobile;invalid_email,input_batches/applications_dataset_2.csv
Evan Richardson,Evan_Richardson@patrick-cole.com,27-06-1977,591963,Evan,Richardson,19770627,44,true,invalid_mobile,input_batches/applications_dataset_2.csv
Brittany Salinas,Brittany_Salinas@garrison.com,1979-04-17,4460492,Brittany,Salinas,19790417,42,true,invalid_mobile,input_batches/applications_dataset_2.csv
Theodore Schultz,Theodore_Schultz@dunn.net,2014/11/12,69146,Theodore,Schultz,20141112,7,false,under_18;invalid_mobile,input_batches/applications_dataset_2.csv
Allen Hall,Allen_Hall@murphy.org,1976-01-13,123687,Allen,Hall,19760113,45,true,invalid_mobile;invalid_email,input_batches/applications_dataset_2.csv
Mark Bailey,Mark_Bailey@greer-davis.com,1988/05/08,20746,Mark,Bailey,19880508,33,true,invalid_mobile,input_batches/applications_dataset_2.csv
Ashley Barton,Ashley_Barton@hayes.com,1989-03-14,554769,Ashley,Barton,19890314,32,true,invalid_mobile,input_batches/applications_dataset_2.csv
Melissa Reid,Melissa_Reid@weber.info,07/21/1973,8472955,Melissa,Reid,19730721,48,true,invalid_mobile;invalid_email,input_batches/applications_dataset_2.csv
Kevin Frazier,Kevin_Frazier@prince.com,2009-10-02,8583765,Kevin,Frazier,20091002,12,false,under_18;invalid_mobile,input_batches/applications_dataset_2.csv
Jacqueline Russell,Jacqueline_Russell@barrett.net,05/21/1979,201495,Jacqueline,Russell,19790521,42,true,invalid_mobile,input_batches/applications_dataset_2.csv
Jeremy Davidson,Jeremy_Davidson@baker.com,04/24/2014,9045282,Jeremy,Davidson,20140424,7,false,under_18;invalid_mobile,input_batches/applications_dataset_2.csv
Vincent Taylor,Vincent_Taylor@taylor-rodriguez.net,07/16/1965,6194315,Vincent,Taylor,19650716,56,true,invalid_mobile,input_batches/applications_dataset_2.csv
Daniel Alexander,Daniel_Alexander@chang.info,12/09/1969,1288155,Daniel,Alexander,19691209,52,true,invalid_mobile;invalid_email,input_batches/applications_dataset_2.csv
Katherine Brooks,Katherine_Brooks@mora-hernandez.com,11/11/1966,50836,Katherine,Brooks,19661111,55,true,invalid_mobile,input_batches/applications_dataset_2.csv
Sarah Carlson,Sarah_Carlson@morris.net,08/08/2013,598389,Sarah,Carlson,20130808,8,false,under_18;invalid_mobile,input_batches/applications_dataset_2.csv
Stephen Stafford,Stephen_Stafford@lambert.info,05/03/1953,4399928,Stephen,Stafford,19530503,68,true,invalid_mobile;invalid_email,input_batches/applications_dataset_2.csv
Molly Grant,Molly_Grant@porter.com,04/02/1965,5299295,Molly,Grant,19650402,56,true,invalid_mobile,input_batches/applications_dataset_2.csv
Vanessa Chase,Vanessa_Chase@waters.com,05/10/2007,4979822,Vanessa,Chase,20070510,14,false,under_18;invalid_mobile,input_batches/applications_dataset_2.csv
Katrina Miller,Katrina_Miller@anderson-dawson.biz,25-05-1956,402705,Katrina,Miller,19560525,65,true,invalid_mobile;invalid_email,input_batches/applications_dataset_2.csv
Karen Hancock,Karen_Hancock@brown.com,09/19/1988,9030904,Karen,Hancock,19880919,33,true,invalid_mobile,input_batches/applications_dataset_2.csv
Raymond Brooks,Raymond_Brooks@spencer.org,08/29/2007,1951664,Raymond,Brooks,20070829,14,false,under_18;invalid_mobile;invalid_email,input_batches/applications_dataset_2.csv
Amanda Reynolds,Amanda_Reynolds@barnes.com,21-10-2016,26241,Amanda,Reynolds,20161021,5,false,under_18;invalid_mobile,input_batches/applications_dataset_2.csv
Sandra Marquez,Sandra_Marquez@haynes.com,1993-09-04,6355350,Sandra,Marquez,19930904,28,true,invalid_mobile,input_batches/applications_dataset_2.csv
Eric Gregory,Eric_Gregory@wagner.com,1961-06-16,5179343,Eric,Gregory,19610616,60,true,invalid_mobile,input_batches/applications_dataset_2.csv
Mary Allen,Mary_Allen@king-fisher.org,18-11-2010,3142952,Mary,Allen,20101118,11,false,under_18;invalid_mobile;invalid_email,input_batches/applications_dataset_2.csv
Michael Santos,Michael_Santos@ball-larson.com,07/03/1993,40466,Michael,Santos,19930703,28,true,invalid_mobile,input_batches/applications_dataset_2.csv
Ronnie Ali,Ronnie_Ali@powell.com,07/12/1998,240207,Ronnie,Ali,19980712,23,true,invalid_mobile,input_batches/applications_dataset_2.csv
Mr. Jeff Wilson,Jeff_Wilson@booker.biz,12-07-1950,20197287,Jeff,Wilson,19500712,71,true,invalid_email,input_batches/applications_dataset_2.csv
John Richardson,John_Richardson@mccall.biz,29-04-1966,816681,John,Richardson,19660429,55,true,invalid_mobile;invalid_email,input_batches/applications_dataset_2.csv
Joseph Beasley,Joseph_Beasley@woods.org,1989/03/09,816459,Joseph,Beasley,19890309,32,true,invalid_mobile;invalid_email,input_batches/applications_dataset_2.csv
Kyle Brown,Kyle_Brown@williams-benson.com,1987-09-17,4034633,Kyle,Brown,19870917,34,true,invalid_mobile,input_batches/applications_dataset_2.csv
Ruth Ballard,Ruth_Ballard@byrd-schaefer.info,1994/02/07,7480663,Ruth,Ballard,19940207,27,true,invalid_mobile;invalid_email,input_batches/applications_dataset_2.csv
Michael Bradley,Michael_Bradley@martin.org,1995/07/29,2320284,Michael,Bradley,19950729,26,true,invalid_mobile;invalid_email,input_batches/applications_dataset_2.csv
Derek Sandoval,Derek_Sandoval@hernandez-martinez.com,1982/04/07,471009,Derek,Sandoval,19820407,39,true,invalid_mobile,input_batches/applications_dataset_2.csv
Kayla Brown,Kayla_Brown@pierce.info,18-10-1989,54681543,Kayla,Brown,19891018,32,true,invalid_email,input_batches/applications_dataset_2.csv
Rodney Harrison,Rodney_Harrison@johnson.com,1993/11/27,9536472,Rodney,Harrison,19931127,28,true,invalid_mobile,input_batches/applications_dataset_2.csv
Whitney Sims,Whitney_Sims@moreno-brewer.info,1992-06-20,5640027,Whitney,Sims,19920620,29,true,invalid_mobile;invalid_email,input_batches/applications_dataset_2.csv
Carly Wagner,Carly_Wagner@johnson.com,1960/06/14,59171,Carly,Wagner,19600614,61,true,invalid_mobile,input_batches/applications_dataset_2.csv
Steve Gonzalez,Steve_Gonzalez@young.com,1976-11-28,6214727,Steve,Gonzalez,19761128,45,true,invalid_mobile,input_batches/applications_dataset_2.csv
David Fisher,David_Fisher@davis.info,1992-10-09,16961,David,Fisher,19921009,29,true,invalid_mobile;invalid_email,input_batches/applications_dataset_2.csv
Leonard King,Leonard_King@keller.biz,1977-01-26,20751,Leonard,King,19770126,44,true,invalid_mobile;invalid_email,input_batches/applications_dataset_2.csv
Elizabeth Lewis,Elizabeth_Lewis@rivera-gonzalez.biz,1979/07/30,56666,Elizabeth,Lewis,19790730,42,true,invalid_mobile;invalid_email,input_batches/applications_dataset_2.csv
Brent Moore,Brent_Moore@patel-martin.com,20-10-1992,6751949,Brent,Moore,19921020,29,true,invalid_mobile,input_batches/applications_dataset_2.csv
Maria Hunt,Maria_Hunt@bennett.com,06/03/1983,571851,Maria,Hunt,19830603,38,true,invalid_mobile,input_batches/applications_dataset_2.csv
Robert Howard,Robert_Howard@kim.info,17-07-1967,80566095,Robert,Howard,19670717,54,true,invalid_email,input_batches/applications_dataset_2.csv
Katherine Smith,Katherine_Smith@bean-king.org,2003-10-29,44340415,Katherine,Smith,20031029,18,false,under_18;invalid_email,input_batches/applications_dataset_2.csv
Mrs. Andrea Meza,Andrea_Meza@moreno.com,06/06/1986,56501,Andrea,Meza,19860606,35,true,invalid_mobile,input_batches/applications_dataset_2.csv
Nathan Crane,Nathan_Crane@nolan.info,14-03-1978,9432312,Nathan,Crane,19780314,43,true,invalid_mobile;invalid_email,input_batches/applications_dataset_2.csv
Dr. Douglas Delgado DDS,Douglas_Delgado@davis-lane.com,1978-11-03,5880421,Douglas,Delgado,19781103,43,true,invalid_mobile,input_batches/applications_dataset_2.csv
Mariah Garrison,Mariah_Garrison@hogan.biz,15-12-1997,31527511,Mariah,Garrison,19971215,24,true,invalid_email,input_batches/applications_dataset_2.csv
Dennis Perez,Dennis_Perez@kelley.info,1993/11/20,2815674,Dennis,Perez,19931120,28,true,invalid_mobile;invalid_email,input_batches/applications_dataset_2.csv
Veronica Berry,Veronica_Berry@singh-anderson.com,04-10-2014,819843,Veronica,Berry,20141004,7,false,under_18;invalid_mobile,input_batches/applications_dataset_2.csv
Kristine Holland,Kristine_Holland@robertson-lewis.biz,1969-11-05,27426,Kristine,Holland,19691105,52,true,invalid_mobile;invalid_email,input_batches/applications_dataset_2.csv
Kelly Gregory,Kelly_Gregory@chan-gonzales.com,15-11-1970,753465,Kelly,Gregory,19701115,51,true,invalid_mobile,input_batches/applications_dataset_2.csv
Shawn Brown,Shawn_Brown@smith-dougherty.org,13-01-2014,884547,Shawn,Brown,20140113,7,false,under_18;invalid_mobile;invalid_email,input_batches/applications_dataset_2.csv
Danielle George,Danielle_George@cole.info,12/06/2017,9183 8815,Danielle,George,20171206,4,false,under_18;invalid_email,input_batches/applications_dataset_2.csv
Tiffany Brown,Tiffany_Brown@stout-thompson.com,02/17/2003,2775 5951,Tiffany,Brown,20030217,18,false,under_18,input_batches/applications_dataset_2.csv
Alice Freeman,Alice_Freeman@johnson.com,2014/11/05,547245,Alice,Freeman,20141105,7,false,under_18;invalid_mobile,input_batches/applications_dataset_2.csv
Daniel Brown,Daniel_Brown@williams-schneider.biz,1965-02-28,38844959,Daniel,Brown,19650228,56,true,invalid_email,input_batches/applications_dataset_2.csv
Jessica Hopkins,Jessica_Hopkins@watkins.com,2007/04/21,877329,Jessica,Hopkins,20070421,14,false,under_18;invalid_mobile,input_batches/applications_dataset_2.csv
April Bryant,April_Bryant@edwards-riggs.org,1973-08-26,202863,April,Bryant,19730826,48,true,invalid_mobile;invalid_email,input_batches/applications_dataset_2.csv
Christopher Miller,Christopher_Miller@thornton.com,06/09/1984,69221,Christopher,Miller,19840609,37,true,invalid_mobile,input_batches/applications_dataset_2.csv
Duane Smith,Duane_Smith@garcia-lopez.com,1977-01-15,55906,Duane,Smith,19770115,44,true,invalid_mobile,input_batches/applications_dataset_2.csv
Madeline Sandoval,Madeline_Sandoval@schultz-duncan.biz,02-04-1987,32032871,Madeline,Sandoval,19870402,34,true,invalid_email,input_batches/applications_dataset_2.csv
Dr. Victoria Kirk,Victoria_Kirk@clark.biz,28-12-2017,81082879,Victoria,Kirk,20171228,4,false,under_18;invalid_email,input_batches/applications_dataset_2.csv
Paul Davis,Paul_Davis@berg.com,05/01/2003,978435,Paul,Davis,20030501,18,false,under_18;invalid_mobile,input_batches/applications_dataset_2.csv
Robert Dickerson,Robert_Dickerson@howard.biz,1957/07/25,43682807,Robert,Dickerson,19570725,64,true,invalid_email,input_batches/applications_dataset_2.csv
Kevin Lambert Jr.,Kevin_Lambert@hogan.org,1951/03/20,7732992,Kevin,Lambert,19510320,70,true,invalid_mobile;invalid_email,input_batches/applications_dataset_2.csv
Sheila Morton,Sheila_Morton@jones.org,2015/07/16,13556935,Sheila,Morton,20150716,6,false,under_18;invalid_email,input_batches/applications_dataset_2.csv
Melanie Dennis,Melanie_Dennis@daniels.com,1988-10-24,8830424,Melanie,Dennis,19881024,33,true,invalid_mobile,input_batches/applications_dataset_2.csv
Melissa Cline,Melissa_Cline@davis.com,29-08-1971,6097904,Melissa,Cline,19710829,50,true,invalid_mobile,input_batches/applications_dataset_2.csv
Timothy Williams,Timothy_Williams@smith.com,1977-08-22,22536,Timothy,Williams,19770822,44,true,invalid_mobile,input_batches/applications_dataset_2.csv
Kimberly Anderson,Kimberly_Anderson@sandoval-garcia.com,2009/04/11,94200159,Kimberly,Anderson,20090411,12,false,under_18,input_batches/applications_dataset_2.csv
Sarah Simmons,Sarah_Simmons@nelson.com,1957/02/04,22621,Sarah,Simmons,19570204,64,true,invalid_mobile,input_batches/applications_dataset_2.csv
Michael Bryan,Michael_Bryan@hall.org,1975-07-17,78181,Michael,Bryan,19750717,46,true,invalid_mobile;invalid_email,input_batches/applications_dataset_2.csv
Peter Lopez DVM,Peter_Lopez@mejia-farrell.com,2018/05/22,58791,Peter,Lopez,20180522,3,false,under_18;invalid_mobile,input_batches/applications_dataset_2.csv
Philip Oliver,Philip_Oliver@randolph.com,01/03/2013,7107 7595,Philip,Oliver,20130103,8,false,under_18,input_batches/applications_dataset_2.csv
Sara Hodges,Sara_Hodges@morrow.com,1975/02/04,343755,Sara,Hodges,19750204,46,true,invalid_mobile,input_batches/applications_dataset_2.csv
Richard Hicks,Richard_Hicks@ferguson-henderson.com,30-11-2007,94751,Richard,Hicks,20071130,14,false,under_18;invalid_mobile,input_batches/applications_dataset_2.csv
Michael Brown,Michael_Brown@henry.com,01/12/2010,65131,Michael,Brown,20100112,11,false,under_18;invalid_mobile,input_batches/applications_dataset_2.csv
Destiny Roy,Destiny_Roy@wilson.com,1977-05-05,97886,Destiny,Roy,19770505,44,true,invalid_mobile,input_batches/applications_dataset_2.csv
Kimberly Baker,Kimberly_Baker@bowman.com,2002-07-03,7213130,Kimberly,Baker,20020703,19,true,invalid_mobile,input_batches/applications_dataset_2.csv
Jamie Higgins,Jamie_Higgins@francis.org,1961-10-14,27639911,Jamie,Higgins,19611014,60,true,invalid_email,input_batches/applications_dataset_2.csv
Preston Ferguson III,Preston_Ferguson@rowe.com,08-10-1963,81456,Preston,Ferguson,19631008,58,true,invalid_mobile,input_batches/applications_dataset_2.csv
Rachel Montgomery,Rachel_Montgomery@flores-martin.net,1995/08/06,26916,Rachel,Montgomery,19950806,26,true,invalid_mobile,input_batches/applications_dataset_2.csv
Rebecca Walls,Rebecca_Walls@mitchell.net,03/17/1973,789609,Rebecca,Walls,19730317,48,true,invalid_mobile,input_batches/applications_dataset_2.csv
Mr. Matthew Collins,Matthew_Collins@wong.biz,04/05/2017,4935834,Matthew,Collins,20170405,4,false,under_18;invalid_mobile;invalid_email,input_batches/applications_dataset_2.csv
Caitlin Shelton,Caitlin_Shelton@hawkins-davis.com,10/05/2014,3707 5271,Caitlin,Shelton,20141005,7,false,under_18,input_batches/applications_dataset_2.csv
Jennifer Lin,Jennifer_Lin@nichols-mullen.net,10/09/1951,7115557,Jennifer,Lin,19511009,70,true,invalid_mobile,input_batches/applications_dataset_2.csv
Diana Carney,Diana_Carney@chapman.com,05/16/2008,39066,Diana,Carney,20080516,13,false,under_18;invalid_mobile,input_batches/applications_dataset_2.csv
Nicholas West,Nicholas_West@smith.com,28-10-1997,6329989,Nicholas,West,19971028,24,true,invalid_mobile,input_batches/applications_dataset_2.csv
Mitchell Kelley,Mitchell_Kelley@thomas.com,18-10-1979,50086,Mitchell,Kelley,19791018,42,true,invalid_mobile,input_batches/applications_dataset_2.csv
Andre Boyd,Andre_Boyd@bryant.info,1973/01/25,2592423,Andre,Boyd,19730125,48,true,invalid_mobile;invalid_email,input_batches/applications_dataset_2.csv
James Knight,James_Knight@stein-mendoza.info,07/10/1964,86921,James,Knight,19640710,57,true,invalid_mobile;invalid_email,input_batches/applications_dataset_2.csv
Andrew Lee,Andrew_Lee@moore-love.com,01-11-1981,1923741,Andrew,Lee,19811101,40,true,invalid_mobile,input_batches/applications_dataset_2.csv
David Clay MD,David_Clay@terry-morris.net,03/05/2018,5449774,David,Clay,20180305,3,false,under_18;invalid_mobile,input_batches/applications_dataset_2.csv
Craig Mitchell,Craig_Mitchell@foster-johnson.com,2006-06-07,73048895,Craig,Mitchell,20060607,15,false,under_18,input_batches/applications_dataset_2.csv
Jennifer Evans,Jennifer_Evans@gonzalez.org,03-02-1973,72801079,Jennifer,Evans,19730203,48,true,invalid_email,input_batches/applications_dataset_2.csv
Scott Schroeder,Scott_Schroeder@house.com,1967-04-13,3209732,Scott,Schroeder,19670413,54,true,invalid_mobile,input_batches/applications_dataset_2.csv
Kathleen Gallagher DVM,Kathleen_Gallagher@lynch.net,05/27/2016,8763035,Kathleen,Gallagher,20160527,5,false,under_18;invalid_mobile,input_batches/applications_dataset_2.csv
Benjamin Davis,Benjamin_Davis@stanton.com,16-01-1999,66021,Benjamin,Davis,19990116,22,true,invalid_mobile,input_batches/applications_dataset_2.csv
Luis Mathis,Luis_Mathis@norris.com,1958-08-05,46776,Luis,Mathis,19580805,63,true,invalid_mobile,input_batches/applications_dataset_2.csv
Rachel Thomas,Rachel_Thomas@rangel.com,1953-06-12,34301,Rachel,Thomas,19530612,68,true,invalid_mobile,input_batches/applications_dataset_2.csv
Erin Henry,Erin_Henry@hester.com,02-03-2002,483099,Erin,Henry,20020302,19,true,invalid_mobile,input_batches/applications_dataset_2.csv
Katie Parker,Katie_Parker@wilson-henry.biz,24-11-1981,707769,Katie,Parker,19811124,40,true,invalid_mobile;invalid_email,input_batches/applications_dataset_2.csv
Melissa Robinson,Melissa_Robinson@jackson.net,01/08/2001,294459,Melissa,Robinson,20010108,20,true,invalid_mobile,input_batches/applications_dataset_2.csv
Nicole Jones,Nicole_Jones@smith.com,07-08-1993,5026750,Nicole,Jones,19930807,28,true,invalid_mobile,input_batches/applications_dataset_2.csv
James Baker,James_Baker@ramirez.com,2002-03-28,33356,James,Baker,20020328,19,true,invalid_mobile,input_batches/applications_dataset_2.csv
Amanda Hopkins,Amanda_Hopkins@davis.com,1970/06/05,41586,Amanda,Hopkins,19700605,51,true,invalid_mobile,input_batches/applications_dataset_2.csv
Eric Rodriguez,Eric_Rodriguez@harris-little.biz,1961-08-03,8302799,Eric,Rodriguez,19610803,60,true,invalid_mobile;invalid_email,input_batches/applications_dataset_2.csv
Rebecca Gallagher MD,Rebecca_Gallagher@miller-carter.org,09/16/1967,4859 5111,Rebecca,Gallagher,19670916,54,true,invalid_email,input_batches/applications_dataset_2.csv
Paul Daniels,Paul_Daniels@harris-matthews.info,2015/08/02,79267879,Paul,Daniels,20150802,6,false,under_18;invalid_email,input_batches/applications_dataset_2.csv
Stephanie Green,Stephanie_Green@berry-williams.net,01/01/1974,45771,Stephanie,Green,19740101,48,true,invalid_mobile,input_batches/applications_dataset_2.csv
Beth Stone,Beth_Stone@nguyen-alvarez.com,31-03-1990,4103408,Beth,Stone,19900331,31,true,invalid_mobile,input_batches/applications_dataset_2.csv
Paul King,Paul_King@humphrey-castaneda.com,1985-07-25,5578210,Paul,King,19850725,36,true,invalid_mobile,input_batches/applications_dataset_2.csv
Lauren Kelly,Lauren_Kelly@fox.com,28-03-2014,90667583,Lauren,Kelly,20140328,7,false,under_18,input_batches/applications_dataset_2.csv
Laura Pierce,Laura_Pierce@graves-sanchez.com,19-09-1975,5761036,Laura,Pierce,19750919,46,true,invalid_mobile,input_batches/applications_dataset_2.csv
Jasmine Flores,Jasmine_Flores@collins.info,10-04-1956,21325447,Jasmine,Flores,19560410,65,true,invalid_email,input_batches/applications_dataset_2.csv
Sarah Chandler,Sarah_Chandler@hodge-garza.com,05/12/1961,86376,Sarah,Chandler,19610512,60,true,invalid_mobile,input_batches/applications_dataset_2.csv
Denise Miller,Denise_Miller@williams-johnson.com,26-08-2015,18049735,Denise,Miller,20150826,6,false,under_18,input_batches/applications_dataset_2.csv
Randy Moyer,Randy_Moyer@jennings-brown.com,06/17/2003,3295 8939,Randy,Moyer,20030617,18,false,under_18,input_batches/applications_dataset_2.csv
Megan Perry,Megan_Perry@wilkinson-miller.com,01-09-1994,357879,Megan,Perry,19940901,27,true,invalid_mobile,input_batches/applications_dataset_2.csv
David Weber,David_Weber@green.net,05/22/1966,459531,David,Weber,19660522,55,true,invalid_mobile,input_batches/applications_dataset_2.csv
Michael Hoffman,Michael_Hoffman@morrow.com,1978-11-11,36611,Michael,Hoffman,19781111,43,true,invalid_mobile,input_batches/applications_dataset_2.csv
Amy Townsend,Amy_Townsend@shields.com,1995-06-23,41826,Amy,Townsend,19950623,26,true,invalid_mobile,input_batches/applications_dataset_2.csv
Martin Larson,Martin_Larson@rodriguez-glover.info,2001/01/16,1816949,Martin,Larson,20010116,20,true,invalid_mobile;invalid_email,input_batches/applications_dataset_2.csv
Savannah Hampton,Savannah_Hampton@michael.org,1973-02-15,4997210,Savannah,Hampton,19730215,48,true,invalid_mobile;invalid_email,input_batches/applications_dataset_2.csv
Amanda Chavez,Amanda_Chavez@henry.biz,18-10-1984,521403,Amanda,Chavez,19841018,37,true,invalid_mobile;invalid_email,input_batches/applications_dataset_2.csv
Tina Campos,Tina_Campos@taylor-collins.com,01/26/1998,708819,Tina,Campos,19980126,23,true,invalid_mobile,input_batches/applications_dataset_2.csv
Beth Morales,Beth_Morales@leon-mayer.info,30-05-1986,22507695,Beth,Morales,19860530,35,true,invalid_email,input_batches/applications_dataset_2.csv
Mark Johnson,Mark_Johnson@woods-benitez.info,29-01-2002,710571,Mark,Johnson,20020129,19,true,invalid_mobile;invalid_email,input_batches/applications_dataset_2.csv
Emily Kramer,Emily_Kramer@wallace.com,1982/03/18,728919,Emily,Kramer,19820318,39,true,invalid_mobile,input_batches/applications_dataset_2.csv
Scott Jackson,Scott_Jackson@evans.com,1989/05/14,52126,Scott,Jackson,19890514,32,true,invalid_mobile,input_batches/applications_dataset_2.csv
Kayla Stanley,Kayla_Stanley@williams.com,01-01-1959,6075784,Kayla,Stanley,19590101,63,true,invalid_mobile,input_batches/applications_dataset_2.csv
Samantha Watson,Samantha_Watson@bryant.com,1998/07/16,344691,Samantha,Watson,19980716,23,true,invalid_mobile,input_batches/applications_dataset_2.csv
John Taylor,John_Taylor@pierce.com,1980-06-17,64181,John,Taylor,19800617,41,true,invalid_mobile,input_batches/applications_dataset_2.csv
Kristen Waller,Kristen_Waller@campbell.com,10/21/1955,45451,Kristen,Waller,19551021,66,true,invalid_mobile,input_batches/applications_dataset_2.csv
Robert Chang,Robert_Chang@odonnell-mitchell.com,20-12-2015,23696,Robert,Chang,20151220,6,false,under_18;invalid_mobile,input_batches/applications_dataset_2.csv
Elizabeth Berry,Elizabeth_Berry@gross.com,1960-11-12,48236,Elizabeth,Berry,19601112,61,true,invalid_mobile,input_batches/applications_dataset_2.csv
Leslie Estes,Leslie_Estes@torres.com,1978-10-04,478377,Leslie,Estes,19781004,43,true,invalid_mobile,input_batches/applications_dataset_2.csv
Joseph Wilson,Joseph_Wilson@rogers.biz,1989/12/10,36511255,Joseph,Wilson,19891210,32,true,invalid_email,input_batches/applications_dataset_2.csv
Austin Ramirez,Austin_Ramirez@young.com,04/06/2001,7669537,Austin,Ramirez,20010406,20,true,invalid_mobile,input_batches/applications_dataset_2.csv
Stephanie Martinez,Stephanie_Martinez@boone-wilson.net,01-09-1951,794511,Stephanie,Martinez,19510901,70,true,invalid_mobile,input_batches/applications_dataset_2.csv
Trevor Valenzuela,Trevor_Valenzuela@cline-espinoza.info,1991/09/11,67310711,Trevor,Valenzuela,19910911,30,true,invalid_email,input_batches/applications_dataset_2.csv
Jaime Perez,Jaime_Perez@pierce.net,19-08-1958,611913,Jaime,Perez,19580819,63,true,invalid_mobile,input_batches/applications_dataset_2.csv
Randy Stone,Randy_Stone@lopez-andrews.com,1991/12/16,8196714,Randy,Stone,19911216,30,true,invalid_mobile,input_batches/applications_dataset_2.csv
Elizabeth Delgado,Elizabeth_Delgado@pena-mcdonald.com,10/01/2006,46356,Elizabeth,Delgado,20061001,15,false,under_18;invalid_mobile,input_batches/applications_dataset_2.csv
Anthony Scott,Anthony_Scott@carson.com,1976/09/01,52181,Anthony,Scott,19760901,45,true,invalid_mobile,input_batches/applications_dataset_2.csv
Cody Johnson,Cody_Johnson@robinson.info,1960/02/28,5141718,Cody,Johnson,19600228,61,true,invalid_mobile;invalid_email,input_batches/applications_dataset_2.csv
Bryan Hall,Bryan_Hall@wang.com,2016-02-05,558609,Bryan,Hall,20160205,5,false,under_18;invalid_mobile,input_batches/applications_dataset_2.csv
Nicole Wiggins,Nicole_Wiggins@santiago.com,2002-10-09,229023,Nicole,Wiggins,20021009,19,true,invalid_mobile,input_batches/applications_dataset_2.csv
Kathleen Turner,Kathleen_Turner@wells.com,17-03-2008,23346431,Kathleen,Turner,20080317,13,false,under_18,input_batches/applications_dataset_2.csv
Joshua Holland,Joshua_Holland@pittman.com,06-03-1950,5411743,Joshua,Holland,19500306,71,true,invalid_mobile,input_batches/applications_dataset_2.csv
Jessica Miller,Jessica_Miller@morton.com,06/08/1959,147843,Jessica,Miller,19590608,62,true,invalid_mobile,input_batches/applications_dataset_2.csv
Alex Moore,Alex_Moore@santos.net,1994/11/11,5342233,Alex,Moore,19941111,27,true,invalid_mobile,input_batches/applications_dataset_2.csv
Heather Brown,Heather_Brown@wolfe.com,2014/07/15,178077,Heather,Brown,20140715,7,false,under_18;invalid_mobile,input_batches/applications_dataset_2.csv
Michelle Gutierrez PhD,Michelle_Gutierrez@campbell.com,08/11/1998,8047852,Michelle,Gutierrez,19980811,23,true,invalid_mobile,input_batches/applications_dataset_2.csv
Tiffany Brown,Tiffany_Brown@wright.com,04/28/1961,536169,Tiffany,Brown,19610428,60,true,invalid_mobile,input_batches/applications_dataset_2.csv
Alicia Todd,Alicia_Todd@barnett.com,03-07-1967,54896,Alicia,Todd,19670703,54,true,invalid_mobile,input_batches/applications_dataset_2.csv
Annette Morris,Annette_Morris@sosa.net,08/26/2009,3860004,Annette,Morris,20090826,12,false,under_18;invalid_mobile,input_batches/applications_dataset_2.csv
Lindsey Hines,Lindsey_Hines@walker.org,1996-01-25,2161706,Lindsey,Hines,19960125,25,true,invalid_mobile;invalid_email,input_batches/applications_dataset_2.csv
John Harmon,John_Harmon@blake.org,1992-11-16,97461,John,Harmon,19921116,29,true,invalid_mobile;invalid_email,input_batches/applications_dataset_2.csv
Alexis Williams,Alexis_Williams@miller.com,09/27/2005,3939 4983,Alexis,Williams,20050927,16,false,under_18,input_batches/applications_dataset_2.csv
Andrea Oliver,Andrea_Oliver@frazier.com,05/05/1956,865773,Andrea,Oliver,19560505,65,true,invalid_mobile,input_batches/applications_dataset_2.csv
Darrell Smith,Darrell_Smith@crawford.com,1963-07-23,12376,Darrell,Smith,19630723,58,true,invalid_mobile,input_batches/applications_dataset_2.csv
Patrick Hendrix,Patrick_Hendrix@jones.com,09/17/2006,8347 9771,Patrick,Hendrix,20060917,15,false,under_18,input_batches/applications_dataset_2.csv
Matthew Bruce,Matthew_Bruce@vaughn.com,1970-05-19,14221,Matthew,Bruce,19700519,51,true,invalid_mobile,input_batches/applications_dataset_2.csv
Jimmy Navarro,Jimmy_Navarro@sharp-lewis.biz,1971/04/22,76241,Jimmy,Navarro,19710422,50,true,invalid_mobile;invalid_email,input_batches/applications_dataset_2.csv
Anthony Friedman,Anthony_Friedman@richards.biz,12/10/1969,7786738,Anthony,Friedman,19691210,52,true,invalid_mobile;invalid_email,input_batches/applications_dataset_2.csv
Michael Barrett,Michael_Barrett@walters.com,04/06/1966,27486,Michael,Barrett,19660406,55,true,invalid_mobile,input_batches/applications_dataset_2.csv
Catherine Taylor,Catherine_Taylor@moore.com,03/29/1973,1991837,Catherine,Taylor,19730329,48,true,invalid_mobile,input_batches/applications_dataset_2.csv
John Ross,John_Ross@welch.com,1988-10-12,69781,John,Ross,19881012,33,true,invalid_mobile,input_batches/applications_dataset_2.csv
Michael Austin,Michael_Austin@gomez.org,08-11-2014,60121,Michael,Austin,20141108,7,false,under_18;invalid_mobile;invalid_email,input_batches/applications_dataset_2.csv
Troy Warren,Troy_Warren@ortiz.net,1954/11/15,25996,Troy,Warren,19541115,67,true,invalid_mobile,input_batches/applications_dataset_2.csv
Alicia Ruiz,Alicia_Ruiz@bowman.com,2012-07-04,22400679,Alicia,Ruiz,20120704,9,false,under_18,input_batches/applications_dataset_2.csv
Dana Santos,Dana_Santos@smith.org,2015-01-27,472911,Dana,Santos,20150127,6,false,under_18;invalid_mobile;invalid_email,input_batches/applications_dataset_2.csv
Christian Porter,Christian_Porter@turner.org,25-10-1959,61421,Christian,Porter,19591025,62,true,invalid_mobile;invalid_email,input_batches/applications_dataset_2.csv
Emily Ramos,Emily_Ramos@burnett-collins.com,12/16/2018,41531,Emily,Ramos,20181216,3,false,under_18;invalid_mobile,input_batches/applications_dataset_2.csv
Angela Fischer,Angela_Fischer@ball.net,1960/12/25,99016,Angela,Fischer,19601225,61,true,invalid_mobile,input_batches/applications_dataset_2.csv
Lance Weaver,Lance_Weaver@olsen-hancock.com,1969/06/07,2962835,Lance,Weaver,19690607,52,true,invalid_mobile,input_batches/applications_dataset_2.csv
Dawn Ward,Dawn_Ward@mack-gibson.com,08/24/1991,4952137,Dawn,Ward,19910824,30,true,invalid_mobile,input_batches/applications_dataset_2.csv
Norman Simpson,Norman_Simpson@guerrero.net,09-10-1956,54256,Norman,Simpson,19561009,65,true,invalid_mobile,input_batches/applications_dataset_2.csv
Suzanne Haas,Suzanne_Haas@hawkins-huang.org,2008-07-18,83586,Suzanne,Haas,20080718,13,false,under_18;invalid_mobile;invalid_email,input_batches/applications_dataset_2.csv
Lisa Craig,Lisa_Craig@zavala-allen.info,07/17/1988,6034757,Lisa,Craig,19880717,33,true,invalid_mobile;invalid_email,input_batches/applications_dataset_2.csv
Joseph Summers,Joseph_Summers@diaz.info,2009-11-27,4188136,Joseph,Summers,20091127,12,false,under_18;invalid_mobile;invalid_email,input_batches/applications_dataset_2.csv
Carl Decker,Carl_Decker@morales.info,2012-05-30,73801,Carl,Decker,20120530,9,false,under_18;invalid_mobile;invalid_email,input_batches/applications_dataset_2.csv
Sandra Pollard,Sandra_Pollard@costa.net,2016-03-20,651855,Sandra,Pollard,20160320,5,false,under_18;invalid_mobile,input_batches/applications_dataset_2.csv
Cameron Nielsen,Cameron_Nielsen@wright.biz,02-11-2000,6402635,Cameron,Nielsen,20001102,21,true,invalid_mobile;invalid_email,input_batches/applications_dataset_2.csv
Frank Jones,Frank_Jones@miranda.com,13-01-1979,682293,Frank,Jones,19790113,42,true,invalid_mobile,input_batches/applications_dataset_2.csv
James Jordan,James_Jordan@taylor.com,23-02-2011,64911,James,Jordan,20110223,10,false,under_18;invalid_mobile,input_batches/applications_dataset_2.csv
Lisa Clark,Lisa_Clark@alvarez.com,19-03-2004,682125,Lisa,Clark,20040319,17,false,under_18;invalid_mobile,input_batches/applications_dataset_2.csv
Lori Valdez,Lori_Valdez@jordan.org,1973-03-12,502911,Lori,Valdez,19730312,48,true,invalid_mobile;invalid_email,input_batches/applications_dataset_2.csv
Richard Bauer,Richard_Bauer@knight.com,12/27/1957,9979628,Richard,Bauer,19571227,64,true,invalid_mobile,input_batches/applications_dataset_2.csv
Alicia Ferrell,Alicia_Ferrell@thomas-hamilton.com,2009/10/04,79701,Alicia,Ferrell,20091004,12,false,under_18;invalid_mobile,input_batches/applications_dataset_2.csv
Grant Hall,Grant_Hall@bowman.com,08/13/1963,714705,Grant,Hall,19630813,58,true,invalid_mobile,input_batches/applications_dataset_2.csv
Elizabeth Hill,Elizabeth_Hill@solis.com,07/20/2008,390153,Elizabeth,Hill,20080720,13,false,under_18;invalid_mobile,input_batches/applications_dataset_2.csv
Jacqueline Brown,Jacqueline_Brown@costa.com,1985-06-03,54441,Jacqueline,Brown,19850603,36,true,invalid_mobile,input_batches/applications_dataset_2.csv
Tiffany Barron,Tiffany_Barron@brown.com,1952/02/22,7810034,Tiffany,Barron,19520222,69,true,invalid_mobile,input_batches/applications_dataset_2.csv
Mark Bowman,Mark_Bowman@hayes.com,25-04-1963,18606,Mark,Bowman,19630425,58,true,invalid_mobile,input_batches/applications_dataset_2.csv
Dr. Shannon Jackson,Shannon_Jackson@kelly.com,1997/01/13,51621,Shannon,Jackson,19970113,24,true,invalid_mobile,input_batches/applications_dataset_2.csv
Kelly Johnson,Kelly_Johnson@herring-grant.com,30-06-1972,72071,Kelly,Johnson,19720630,49,true,invalid_mobile,input_batches/applications_dataset_2.csv
Brian Contreras,Brian_Contreras@manning.biz,04/24/1964,9759289,Brian,Contreras,19640424,57,true,invalid_mobile;invalid_email,input_batches/applications_dataset_2.csv
John Dixon,John_Dixon@snyder.biz,2002-03-19,9005746,John,Dixon,20020319,19,true,invalid_mobile;invalid_email,input_batches/applications_dataset_2.csv
Tamara Wilson,Tamara_Wilson@ferguson.com,1956-03-17,207585,Tamara,Wilson,19560317,65,true,invalid_mobile,input_batches/applications_dataset_2.csv
Christina Bishop,Christina_Bishop@brown.com,05/30/1961,99691,Christina,Bishop,19610530,60,true,invalid_mobile,input_batches/applications_dataset_2.csv
Jennifer Smith,Jennifer_Smith@peterson.com,1997/12/11,19411,Jennifer,Smith,19971211,24,true,invalid_mobile,input_batches/applications_dataset_2.csv
Denise Clark,Denise_Clark@banks.com,25-06-1955,1112392,Denise,Clark,19550625,66,true,invalid_mobile,input_batches/applications_dataset_2.csv
Ms. Angela Peterson MD,Angela_Peterson@gay-gibson.info,2008/10/25,20031,Angela,Peterson,20081025,13,false,under_18;invalid_mobile;invalid_email,input_batches/applications_dataset_2.csv
Amy Mills,Amy_Mills@davis-spencer.com,04/22/1988,284361,Amy,Mills,19880422,33,true,invalid_mobile,input_batches/applications_dataset_2.csv
Stephanie Spears,Stephanie_Spears@shaw.com,04/05/2014,2621249,Stephanie,Spears,20140405,7,false,under_18;invalid_mobile,input_batches/applications_dataset_2.csv
Alexandra Lawrence,Alexandra_Lawrence@anderson.com,11/21/2001,966027,Alexandra,Lawrence,20011121,20,true,invalid_mobile,input_batches/applications_dataset_2.csv
Joe Powell,Joe_Powell@baldwin.org,07/20/1956,523077,Joe,Powell,19560720,65,true,invalid_mobile;invalid_email,input_batches/applications_dataset_2.csv
Matthew Diaz,Matthew_Diaz@arnold-parker.com,18-07-1973,369663,Matthew,Diaz,19730718,48,true,invalid_mobile,input_batches/applications_dataset_2.csv
Joshua Sanchez,Joshua_Sanchez@hamilton-mckee.com,1954-04-21,51626,Joshua,Sanchez,19540421,67,true,invalid_mobile,input_batches/applications_dataset_2.csv
Joseph Herring,Joseph_Herring@stewart-davidson.com,2013-08-27,92851,Joseph,Herring,20130827,8,false,under_18;invalid_mobile,input_batches/applications_dataset_2.csv
Billy Riley,Billy_Riley@mcgee.org,10/21/1963,3434222,Billy,Riley,19631021,58,true,invalid_mobile;invalid_email,input_batches/applications_dataset_2.csv
Jeanne Brown,Jeanne_Brown@gardner.com,1974/06/29,7995870,Jeanne,Brown,19740629,47,true,invalid_mobile,input_batches/applications_dataset_2.csv
Rebecca Clarke,Rebecca_Clarke@lindsey-walker.com,03/30/1960,17741,Rebecca,Clarke,19600330,61,true,invalid_mobile,input_batches/applications_dataset_2.csv
Derek Wolf,Derek_Wolf@hill.biz,06/18/2003,6311 3543,Derek,Wolf,20030618,18,false,under_18;invalid_email,input_batches/applications_dataset_2.csv
Dr. Courtney Copeland DVM,Courtney_Copeland@massey-grimes.com,1964/09/02,7585243,Courtney,Copeland,19640902,57,true,invalid_mobile,input_batches/applications_dataset_2.csv
Kevin Boyd,Kevin_Boyd@matthews-barber.com,03-04-2011,17321,Kevin,Boyd,20110403,10,false,under_18;invalid_mobile,input_batches/applications_dataset_2.csv
Christopher Harrell,Christopher_Harrell@carter.org,1995-02-17,4088071,Christopher,Harrell,19950217,26,true,invalid_mobile;invalid_email,input_batches/applications_dataset_2.csv
Terri Schultz,Terri_Schultz@porter.com,05-01-2006,46756,Terri,Schultz,20060105,15,false,under_18;invalid_mobile,input_batches/applications_dataset_2.csv
Jonathan Brooks,Jonathan_Brooks@craig.info,14-12-1974,82911,Jonathan,Brooks,19741214,47,true,invalid_mobile;invalid_email,input_batches/applications_dataset_2.csv
Tammy Welch,Tammy_Welch@welch-schmidt.com,11/22/1961,83816,Tammy,Welch,19611122,60,true,invalid_mobile,input_batches/applications_dataset_2.csv
Jennifer Doyle,Jennifer_Doyle@norman-peters.net,1965/07/07,209145,Jennifer,Doyle,19650707,56,true,invalid_mobile,input_batches/applications_dataset_2.csv
Michelle Moore,Michelle_Moore@campbell.org,1954/08/03,34631,Michelle,Moore,19540803,67,true,invalid_mobile;invalid_email,input_batches/applications_dataset_2.csv
Mr. Matthew Bennett,Matthew_Bennett@jones-payne.com,1974/06/20,454557,Matthew,Bennett,19740620,47,true,invalid_mobile,input_batches/applications_dataset_2.csv
Valerie Bishop,Valerie_Bishop@smith.com,21-12-1981,22646,Valerie,Bishop,19811221,40,true,invalid_mobile,input_batches/applications_dataset_2.csv
Olivia Moore,Olivia_Moore@fields-haynes.com,1958-10-09,878763,Olivia,Moore,19581009,63,true,invalid_mobile,input_batches/applications_dataset_2.csv
Rachel Lynch,Rachel_Lynch@stewart.info,07/30/1975,654999,Rachel,Lynch,19750730,46,true,invalid_mobile;invalid_email,input_batches/applications_dataset_2.csv
Victoria Carroll,Victoria_Carroll@rasmussen.net,01-08-1984,902871,Victoria,Carroll,19840801,37,true,invalid_mobile,input_batches/applications_dataset_2.csv
Richard Duffy,Richard_Duffy@wilkerson-morrow.com,1957/10/01,9010016,Richard,Duffy,19571001,64,true,invalid_mobile,input_batches/applications_dataset_2.csv
Harold Rowe,Harold_Rowe@jarvis.info,1950-09-10,1615566,Harold,Rowe,19500910,71,true,invalid_mobile;invalid_email,input_batches/applications_dataset_2.csv
Jasmine Bailey,Jasmine_Bailey@howard-thomas.info,06/10/2005,618669,Jasmine,Bailey,20050610,16,false,under_18;invalid_mobile;invalid_email,input_batches/applications_dataset_2.csv
Victoria Goodman,Victoria_Goodman@carney.com,1985-03-16,332739,Victoria,Goodman,19850316,36,true,invalid_mobile,input_batches/applications_dataset_2.csv
Christopher Frost,Christopher_Frost@frost.biz,1972/08/26,63876,Christopher,Frost,19720826,49,true,invalid_mobile;invalid_email,input_batches/applications_dataset_2.csv
Michael Larsen,Michael_Larsen@salazar.biz,2012/08/03,97036103,Michael,Larsen,20120803,9,false,under_18;invalid_email,input_batches/applications_dataset_2.csv
Robert Coffey,Robert_Coffey@schmidt.com,1978/10/23,26416,Robert,Coffey,19781023,43,true,invalid_mobile,input_batches/applications_dataset_2.csv
Jared Garrison,Jared_Garrison@gonzales.com,06/10/1973,358869,Jared,Garrison,19730610,48,true,invalid_mobile,input_batches/applications_dataset_2.csv
Susan Burton,Susan_Burton@james.org,2000-02-08,6635161,Susan,Burton,20000208,21,true,invalid_mobile;invalid_email,input_batches/applications_dataset_2.csv
Bryan Patton,Bryan_Patton@silva.com,04/24/2014,87436,Bryan,Patton,20140424,7,false,under_18;invalid_mobile,input_batches/applications_dataset_2.csv
Mr. Kyle Burns,Kyle_Burns@miller-davis.info,19-10-2016,970617,Kyle,Burns,20161019,5,false,under_18;invalid_mobile;invalid_email,input_batches/applications_dataset_2.csv
Jeremy Davis,Jeremy_Davis@nelson.com,2015/10/23,31856,Jeremy,Davis,20151023,6,false,under_18;invalid_mobile,input_batches/applications_dataset_2.csv
Kevin Bryant,Kevin_Bryant@parker-jimenez.info,2008/12/24,7332613,Kevin,Bryant,20081224,13,false,under_18;invalid_mobile;invalid_email,input_batches/applications_dataset_2.csv
James Harrington,James_Harrington@miller.com,1954-11-08,90806,James,Harrington,19541108,67,true,invalid_mobile,input_batches/applications_dataset_2.csv
Christina Weaver,Christina_Weaver@hardin.com,25-05-1993,99136,Christina,Weaver,19930525,28,true,invalid_mobile,input_batches/applications_dataset_2.csv
Robert Kennedy,Robert_Kennedy@dunn.com,1991-05-23,14971,Robert,Kennedy,19910523,30,true,invalid_mobile,input_batches/applications_dataset_2.csv
Richard Jarvis,Richard_Jarvis@aguirre.info,1996/11/01,83631,Richard,Jarvis,19961101,25,true,invalid_mobile;invalid_email,input_batches/applications_dataset_2.csv
Aaron Ford,Aaron_Ford@davis.com,16-05-1954,992859,Aaron,Ford,19540516,67,true,invalid_mobile,input_batches/applications_dataset_2.csv
Donna Franklin,Donna_Franklin@potter-mcintyre.biz,1968-08-25,83421,Donna,Franklin,19680825,53,true,invalid_mobile;invalid_email,input_batches/applications_dataset_2.csv
Angela Martinez,Angela_Martinez@peterson-wheeler.org,01/22/2007,87006,Angela,Martinez,20070122,14,false,under_18;invalid_mobile;invalid_email,input_batches/applications_dataset_2.csv
Michael Anderson,Michael_Anderson@haynes.biz,1998-03-14,69571,Michael,Anderson,19980314,23,true,invalid_mobile;invalid_email,input_batches/applications_dataset_2.csv
Charles Stevens,Charles_Stevens@evans-hanson.com,1993/03/14,71906,Charles,Stevens,19930314,28,true,invalid_mobile,input_batches/applications_dataset_2.csv
Melanie Francis,Melanie_Francis@ryan-bradshaw.net,03/02/1990,121263,Melanie,Francis,19900302,31,true,invalid_mobile,input_batches/applications_dataset_2.csv
Annette Johnston,Annette_Johnston@madden.biz,1993/12/20,74716,Annette,Johnston,19931220,28,true,invalid_mobile;invalid_email,input_batches/applications_dataset_2.csv
Laura Jones,Laura_Jones@brooks.net,1987-09-20,115899,Laura,Jones,19870920,34,true,invalid_mobile,input_batches/applications_dataset_2.csv
Brianna Parks,Brianna_Parks@alvarez.biz,04-08-2007,906369,Brianna,Parks,20070804,14,false,under_18;invalid_mobile;invalid_email,input_batches/applications_dataset_2.csv
Mario Henderson,Mario_Henderson@stephens.biz,1986-08-26,5709110,Mario,Henderson,19860826,35,true,invalid_mobile;invalid_email,input_batches/applications_dataset_2.csv
Rachel Garcia,Rachel_Garcia@marsh-harvey.org,1970/10/22,453969,Rachel,Garcia,19701022,51,true,invalid_mobile;invalid_email,input_batches/applications_dataset_2.csv
Taylor Evans,Taylor_Evans@rose-morris.com,07/22/1973,636459,Taylor,Evans,19730722,48,true,invalid_mobile,input_batches/applications_dataset_2.csv
Denise Olson,Denise_Olson@jones-chapman.com,1955/06/20,833727,Denise,Olson,19550620,66,true,invalid_mobile,input_batches/applications_dataset_2.csv
Jenna Odom,Jenna_Odom@gaines.biz,02-07-1977,461049,Jenna,Odom,19770702,44,true,invalid_mobile;invalid_email,input_batches/applications_dataset_2.csv
Jennifer Parker,Jennifer_Parker@leon.com,2003-06-21,57921,Jennifer,Parker,20030621,18,false,under_18;invalid_mobile,input_batches/applications_dataset_2.csv
Melissa Haynes,Melissa_Haynes@blanchard.com,2006-03-27,9342824,Melissa,Haynes,20060327,15,false,under_18;invalid_mobile,input_batches/applications_dataset_2.csv
Dr. Terry Martinez,Terry_Martinez@sandoval.info,24-08-1979,49526,Terry,Martinez,19790824,42,true,invalid_mobile;invalid_email,input_batches/applications_dataset_2.csv
Daniel Mitchell,Daniel_Mitchell@kelly.com,1991/08/07,8521101,Daniel,Mitchell,19910807,30,true,invalid_mobile,input_batches/applications_dataset_2.csv
Steven Williams MD,Steven_Williams@carr.com,2014-12-25,534321,Steven,Williams,20141225,7,false,under_18;invalid_mobile,input_batches/applications_dataset_2.csv
Nicholas White,Nicholas_White@smith-elliott.com,03/01/1974,844203,Nicholas,White,19740301,47,true,invalid_mobile,input_batches/applications_dataset_2.csv
Robert Le,Robert_Le@norris-strickland.org,1950/03/23,9075088,Robert,Le,19500323,71,true,invalid_mobile;invalid_email,input_batches/applications_dataset_2.csv
William Daniels,William_Daniels@williams.com,05-09-2004,6178159,William,Daniels,20040905,17,false,under_18;invalid_mobile,input_batches/applications_dataset_2.csv
Anthony Hoffman,Anthony_Hoffman@johnson.net,1993-08-22,93206,Anthony,Hoffman,19930822,28,true,invalid_mobile,input_batches/applications_dataset_2.csv
Jessica Smith,Jessica_Smith@galloway.com,2004-06-29,11145663,Jessica,Smith,20040629,17,false,under_18,input_batches/applications_dataset_2.csv
Charles Martinez,Charles_Martinez@gonzales.org,1978/09/18,970215,Charles,Martinez,19780918,43,true,invalid_mobile;invalid_email,input_batches/applications_dataset_2.csv
Cynthia Oconnor,Cynthia_Oconnor@miller-jones.com,1981/09/23,2197105,Cynthia,Oconnor,19810923,40,true,invalid_mobile,input_batches/applications_dataset_2.csv
Wesley Williams,Wesley_Williams@parker-schmidt.com,04/01/1988,49616,Wesley,Williams,19880401,33,true,invalid_mobile,input_batches/applications_dataset_2.csv
Keith Wheeler,Keith_Wheeler@cook-cole.com,1958-06-20,97401,Keith,Wheeler,19580620,63,true,invalid_mobile,input_batches/applications_dataset_2.csv
Anna Lopez,Anna_Lopez@armstrong-tucker.com,08/13/2017,6295269,Anna,Lopez,20170813,4,false,under_18;invalid_mobile,input_batches/applications_dataset_2.csv
Megan Montoya,Megan_Montoya@perez-rice.org,1978-09-07,29894903,Megan,Montoya,19780907,43,true,invalid_email,input_batches/applications_dataset_2.csv
Alice Wallace,Alice_Wallace@woods.com,10/30/1987,907875,Alice,Wallace,19871030,34,true,invalid_mobile,input_batches/applications_dataset_2.csv
David Barry,David_Barry@lindsey-meyer.com,13-05-2013,610437,David,Barry,20130513,8,false,under_18;invalid_mobile,input_batches/applications_dataset_2.csv
Crystal Anderson,Crystal_Anderson@gonzales-thompson.com,2017-01-31,99551,Crystal,Anderson,20170131,4,false,under_18;invalid_mobile,input_batches/applications_dataset_2.csv
Charles Walters,Charles_Walters@rose.info,1968/08/31,9536745,Charles,Walters,19680831,53,true,invalid_mobile;invalid_email,input_batches/applications_dataset_2.csv
Amy Hall,Amy_Hall@garrett-lutz.com,06/28/1983,70871,Amy,Hall,19830628,38,true,invalid_mobile,input_batches/applications_dataset_2.csv
Daniel Allison,Daniel_Allison@sanchez.net,27-12-1979,522783,Daniel,Allison,19791227,42,true,invalid_mobile,input_batches/applications_dataset_2.csv
Monica Rogers,Monica_Rogers@travis.org,06-04-2006,54576983,Monica,Rogers,20060406,15,false,under_18;invalid_email,input_batches/applications_dataset_2.csv
Lisa Brennan,Lisa_Brennan@white-gutierrez.org,1974-12-23,958647,Lisa,Brennan,19741223,47,true,invalid_mobile;invalid_email,input_batches/applications_dataset_2.csv
Hector Adams,Hector_Adams@wood.com,11/04/1988,90176,Hector,Adams,19881104,33,true,invalid_mobile,input_batches/applications_dataset_2.csv
Samantha George,Samantha_George@golden.info,1989/03/31,58989271,Samantha,George,19890331,32,true,invalid_email,input_batches/applications_dataset_2.csv
Peter Sanders,Peter_Sanders@cook-jackson.biz,1970-03-30,399357,Peter,Sanders,19700330,51,true,invalid_mobile;invalid_email,input_batches/applications_dataset_2.csv
Yvonne Coleman,Yvonne_Coleman@hood.com,05/19/1985,5295711,Yvonne,Coleman,19850519,36,true,invalid_mobile,input_batches/applications_dataset_2.csv
Charles Miller,Charles_Miller@daniel-pugh.org,2004/06/16,56397471,Charles,Miller,20040616,17,false,under_18;invalid_email,input_batches/applications_dataset_2.csv
Mathew Harmon,Mathew_Harmon@wheeler-stewart.com,1954-12-24,13456,Mathew,Harmon,19541224,67,true,invalid_mobile,input_batches/applications_dataset_2.csv
Heather Collins,Heather_Collins@freeman-taylor.org,04-11-1965,861249,Heather,Collins,19651104,56,true,invalid_mobile;invalid_email,input_batches/applications_dataset_2.csv
Anne Mccullough,Anne_Mccullough@blake.com,03/11/2005,541407,Anne,Mccullough,20050311,16,false,under_18;invalid_mobile,input_batches/applications_dataset_2.csv
Stephen Brown,Stephen_Brown@johnson.org,1989/11/05,381537,Stephen,Brown,19891105,32,true,invalid_mobile;invalid_email,input_batches/applications_dataset_2.csv
Mark Morales,Mark_Morales@adams-tyler.com,24-06-1985,618219,Mark,Morales,19850624,36,true,invalid_mobile,input_batches/applications_dataset_2.csv
Michelle Stone,Michelle_Stone@williamson-gray.com,1968-09-20,890823,Michelle,Stone,19680920,53,true,invalid_mobile,input_batches/applications_dataset_2.csv
Catherine Scott,Catherine_Scott@robinson.info,1984-10-15,81676,Catherine,Scott,19841015,37,true,invalid_mobile;invalid_email,input_batches/applications_dataset_2.csv
Robert Dyer,Robert_Dyer@watson.com,13-10-1977,2948044,Robert,Dyer,19771013,44,true,invalid_mobile,input_batches/applications_dataset_2.csv
Bryan Martinez,Bryan_Martinez@bennett-mitchell.info,04-06-1961,45478631,Bryan,Martinez,19610604,60,true,invalid_email,input_batches/applications_dataset_2.csv
Danielle Miller DVM,Danielle_Miller@matthews.com,1952-06-25,3812264,Danielle,Miller,19520625,69,true,invalid_mobile,input_batches/applications_dataset_2.csv
Natalie Gentry,Natalie_Gentry@bates.com,2018-09-23,17206,Natalie,Gentry,20180923,3,false,under_18;invalid_mobile,input_batches/applications_dataset_2.csv
Mark Martinez,Mark_Martinez@horton.net,2000/04/14,292245,Mark,Martinez,20000414,21,true,invalid_mobile,input_batches/applications_dataset_2.csv
Margaret Baird,Margaret_Baird@tucker.com,1962-07-28,21716,Margaret,Baird,19620728,59,true,invalid_mobile,input_batches/applications_dataset_2.csv
Jennifer Miller,Jennifer_Miller@hodge-hood.com,1979-10-28,5376099,Jennifer,Miller,19791028,42,true,invalid_mobile,input_batches/applications_dataset_2.csv
Stephanie Salinas,Stephanie_Salinas@evans.com,1966/08/10,4237332,Stephanie,Salinas,19660810,55,true,invalid_mobile,input_batches/applications_dataset_2.csv
Jesse Duarte,Jesse_Duarte@johnson-davis.biz,1989/10/17,560589,Jesse,Duarte,19891017,32,true,invalid_mobile;invalid_email,input_batches/applications_dataset_2.csv
Tammy Williams,Tammy_Williams@thomas.com,28-03-1963,95456,Tammy,Williams,19630328,58,true,invalid_mobile,input_batches/applications_dataset_2.csv
Jay Lynch,Jay_Lynch@meyers-ellis.net,1960-12-27,1251405,Jay,Lynch,19601227,61,true,invalid_mobile,input_batches/applications_dataset_2.csv
Adam Thompson,Adam_Thompson@garner.com,1963-02-04,12581,Adam,Thompson,19630204,58,true,invalid_mobile,input_batches/applications_dataset_2.csv
Tony Lester,Tony_Lester@osborne-wilkins.com,01-07-2018,119667,Tony,Lester,20180701,3,false,under_18;invalid_mobile,input_batches/applications_dataset_2.csv
Javier Moss,Javier_Moss@santana.com,1973-09-13,38161,Javier,Moss,19730913,48,true,invalid_mobile,input_batches/applications_dataset_2.csv
Ronald Owens,Ronald_Owens@burke.info,05/26/1996,12311,Ronald,Owens,19960526,25,true,invalid_mobile;invalid_email,input_batches/applications_dataset_2.csv
Jennifer Lewis,Jennifer_Lewis@hale.com,1962/01/14,32676,Jennifer,Lewis,19620114,59,true,invalid_mobile,input_batches/applications_dataset_2.csv
Jennifer Goodwin,Jennifer_Goodwin@santos-mathis.com,1968-01-11,6945240,Jennifer,Goodwin,19680111,53,true,invalid_mobile,input_batches/applications_dataset_2.csv
Erik Delgado,Erik_Delgado@vazquez.com,08/18/1988,24026,Erik,Delgado,19880818,33,true,invalid_mobile,input_batches/applications_dataset_2.csv
Paul Reid,Paul_Reid@manning.com,1999/02/05,7628671,Paul,Reid,19990205,22,true,invalid_mobile,input_batches/applications_dataset_2.csv
Thomas Bryant,Thomas_Bryant@shannon.net,2010/04/09,8698831,Thomas,Bryant,20100409,11,false,under_18;invalid_mobile,input_batches/applications_dataset_2.csv
Marvin Wood,Marvin_Wood@nguyen.net,1959/01/09,712947,Marvin,Wood,19590109,62,true,invalid_mobile,input_batches/applications_dataset_2.csv
Zachary Gordon,Zachary_Gordon@banks.com,04/10/1998,6231723,Zachary,Gordon,19980410,23,true,invalid_mobile,input_batches/applications_dataset_2.csv
Eric Becker,Eric_Becker@smith.com,1995-12-27,559149,Eric,Becker,19951227,26,true,invalid_mobile,input_batches/applications_dataset_2.csv
Jason Greene,Jason_Greene@murray-jenkins.com,2018/08/19,2865346,Jason,Greene,20180819,3,false,under_18;invalid_mobile,input_batches/applications_dataset_2.csv
Thomas Davis,Thomas_Davis@king.net,2001-11-25,664479,Thomas,Davis,20011125,20,true,invalid_mobile,input_batches/applications_dataset_2.csv
Kimberly Duncan,Kimberly_Duncan@hall.org,1987/10/09,98556,Kimberly,Duncan,19871009,34,true,invalid_mobile;invalid_email,input_batches/applications_dataset_2.csv
Samantha Smith,Samantha_Smith@ortega-nielsen.com,16-12-1980,74866,Samantha,Smith,19801216,41,true,invalid_mobile,input_batches/applications_dataset_2.csv
Ryan Hammond,Ryan_Hammond@simpson-torres.com,1960/11/23,9762950,Ryan,Hammond,19601123,61,true,invalid_mobile,input_batches/applications_dataset_2.csv
Jillian Smith,Jillian_Smith@mckinney.com,1972/09/30,732549,Jillian,Smith,19720930,49,true,invalid_mobile,input_batches/applications_dataset_2.csv
Charles Harris MD,Charles_Harris@romero.com,10/01/2005,687597,Charles,Harris,20051001,16,false,under_18;invalid_mobile,input_batches/applications_dataset_2.csv
Ian Park,Ian_Park@acevedo-chapman.org,10/17/1977,625149,Ian,Park,19771017,44,true,invalid_mobile;invalid_email,input_batches/applications_dataset_2.csv
David Guzman,David_Guzman@ray.net,2018-02-07,3298254,David,Guzman,20180207,3,false,under_18;invalid_mobile,input_batches/applications_dataset_2.csv
Pamela Dillon,Pamela_Dillon@durham.info,1972/10/04,14431,Pamela,Dillon,19721004,49,true,invalid_mobile;invalid_email,input_batches/applications_dataset_2.csv
Kimberly Leblanc,Kimberly_Leblanc@webb-thomas.info,12-09-1997,952305,Kimberly,Leblanc,19970912,24,true,invalid_mobile;invalid_email,input_batches/applications_dataset_2.csv
Megan Smith,Megan_Smith@davidson.org,09/30/2008,158313,Megan,Smith,20080930,13,false,under_18;invalid_mobile;invalid_email,input_batches/applications_dataset_2.csv
Ronald Costa,Ronald_Costa@carter.org,1985/04/19,1159831,Ronald,Costa,19850419,36,true,invalid_mobile;invalid_email,input_batches/applications_dataset_2.csv
Abigail Allen,Abigail_Allen@melendez-jordan.com,1999/02/02,4535525,Abigail,Allen,19990202,22,true,invalid_mobile,input_batches/applications_dataset_2.csv
Kenneth Sims,Kenneth_Sims@williams.com,09-06-1990,699015,Kenneth,Sims,19900609,31,true,invalid_mobile,input_batches/applications_dataset_2.csv
Lisa Mendez,Lisa_Mendez@jones.net,03/26/1972,823023,Lisa,Mendez,19720326,49,true,invalid_mobile,input_batches/applications_dataset_2.csv
Eric Brown,Eric_Brown@smith.biz,2017/03/08,24672431,Eric,Brown,20170308,4,false,under_18;invalid_email,input_batches/applications_dataset_2.csv
Kristi Cobb,Kristi_Cobb@evans-hall.com,1960/09/06,55501,Kristi,Cobb,19600906,61,true,invalid_mobile,input_batches/applications_dataset_2.csv
Anne Macdonald PhD,Anne_Macdonald@baker-owens.org,2001/10/11,8666568,Anne,Macdonald,20011011,20,true,invalid_mobile;invalid_email,input_batches/applications_dataset_2.csv
Lauren Parker,Lauren_Parker@walker.com,06/20/1988,4061716,Lauren,Parker,19880620,33,true,invalid_mobile,input_batches/applications_dataset_2.csv
Christine Miles,Christine_Miles@patel.com,1962/04/07,648147,Christine,Miles,19620407,59,true,invalid_mobile,input_batches/applications_dataset_2.csv
Amanda Bowers,Amanda_Bowers@parrish.com,1976/08/24,18341,Amanda,Bowers,19760824,45,true,invalid_mobile,input_batches/applications_dataset_2.csv
Sean Conway,Sean_Conway@barnes-lee.net,1973-03-29,41061,Sean,Conway,19730329,48,true,invalid_mobile,input_batches/applications_dataset_2.csv
Julia Murphy,Julia_Murphy@burke.com,17-08-1985,775485,Julia,Murphy,19850817,36,true,invalid_mobile,input_batches/applications_dataset_2.csv
James Gray,James_Gray@crane.com,1975/10/14,698805,James,Gray,19751014,46,true,invalid_mobile,input_batches/applications_dataset_2.csv
Stephanie Gray,Stephanie_Gray@kelly.info,10/07/2003,1326970,Stephanie,Gray,20031007,18,false,under_18;invalid_mobile;invalid_email,input_batches/applications_dataset_2.csv
Ronald Baird,Ronald_Baird@garcia.biz,21-10-1998,875883,Ronald,Baird,19981021,23,true,invalid_mobile;invalid_email,input_batches/applications_dataset_2.csv
Christopher Cochran,Christopher_Cochran@williams.com,1979-11-25,94696,Christopher,Cochran,19791125,42,true,invalid_mobile,input_batches/applications_dataset_2.csv
Kyle Torres,Kyle_Torres@peters.com,1985-07-20,456495,Kyle,Torres,19850720,36,true,invalid_mobile,input_batches/applications_dataset_2.csv
William Oconnor,William_Oconnor@johnson-ponce.com,2016-06-27,818787,William,Oconnor,20160627,5,false,under_18;invalid_mobile,input_batches/applications_dataset_2.csv
Caleb Kelly,Caleb_Kelly@gomez.net,08/03/2009,6423 4299,Caleb,Kelly,20090803,12,false,under_18,input_batches/applications_dataset_2.csv
Rachael Garcia,Rachael_Garcia@padilla.com,06/21/1986,1139587,Rachael,Garcia,19860621,35,true,invalid_mobile,input_batches/applications_dataset_2.csv
Brandon Weber,Brandon_Weber@harmon.com,1992-02-14,58741,Brandon,Weber,19920214,29,true,invalid_mobile,input_batches/applications_dataset_2.csv
Thomas Hoover,Thomas_Hoover@schroeder.com,08/24/2004,398055,Thomas,Hoover,20040824,17,false,under_18;invalid_mobile,input_batches/applications_dataset_2.csv
Michelle Jimenez,Michelle_Jimenez@hartman.com,07/25/1982,939279,Michelle,Jimenez,19820725,39,true,invalid_mobile,input_batches/applications_dataset_2.csv
Rebecca Davis,Rebecca_Davis@abbott.com,2011-10-20,84764295,Rebecca,Davis,20111020,10,false,under_18,input_batches/applications_dataset_2.csv
Miranda Flynn,Miranda_Flynn@lee.com,05/14/1964,257685,Miranda,Flynn,19640514,57,true,invalid_mobile,input_batches/applications_dataset_2.csv
Jennifer Perez,Jennifer_Perez@olsen.com,10/30/1976,622833,Jennifer,Perez,19761030,45,true,invalid_mobile,input_batches/applications_dataset_2.csv
James Newton,James_Newton@jimenez.biz,10-08-2004,84097639,James,Newton,20040810,17,false,under_18;invalid_email,input_batches/applications_dataset_2.csv
Peter Hernandez,Peter_Hernandez@stewart.info,03/31/1964,1291494,Peter,Hernandez,19640331,57,true,invalid_mobile;invalid_email,input_batches/applications_dataset_2.csv
Nicholas Combs,Nicholas_Combs@walker.com,1967/12/31,6877165,Nicholas,Combs,19671231,54,true,invalid_mobile,input_batches/applications_dataset_2.csv
Karen Wilson,Karen_Wilson@brown.org,01-02-2006,327375,Karen,Wilson,20060201,15,false,under_18;invalid_mobile;invalid_email,input_batches/applications_dataset_2.csv
Jenna Campbell,Jenna_Campbell@brady.com,1955/08/19,807951,Jenna,Campbell,19550819,66,true,invalid_mobile,input_batches/applications_dataset_2.csv
Michelle Melendez,Michelle_Melendez@white.com,06/03/1988,71656,Michelle,Melendez,19880603,33,true,invalid_mobile,input_batches/applications_dataset_2.csv
Andrew Gallagher,Andrew_Gallagher@frank.org,09/21/1960,1991 9923,Andrew,Gallagher,19600921,61,true,invalid_email,input_batches/applications_dataset_2.csv
Laura Ross,Laura_Ross@harris.com,1964-11-20,840411,Laura,Ross,19641120,57,true,invalid_mobile,input_batches/applications_dataset_2.csv
Teresa Lindsey,Teresa_Lindsey@harvey.com,01-07-1967,7671098,Teresa,Lindsey,19670701,54,true,invalid_mobile,input_batches/applications_dataset_2.csv
James Frost,James_Frost@graves.biz,22-03-1956,30684495,James,Frost,19560322,65,true,invalid_email,input_batches/applications_dataset_2.csv
Robert Jackson,Robert_Jackson@thomas.biz,04/09/1968,629799,Robert,Jackson,19680409,53,true,invalid_mobile;invalid_email,input_batches/applications_dataset_2.csv
John Norman,John_Norman@morris.com,05-06-1983,7819953,John,Norman,19830605,38,true,invalid_mobile,input_batches/applications_dataset_2.csv
Alicia Anderson,Alicia_Anderson@hall.com,05/23/2013,1887 6547,Alicia,Anderson,20130523,8,false,under_18,input_batches/applications_dataset_2.csv
Jason Chang,Jason_Chang@chambers.com,05/10/1986,533319,Jason,Chang,19860510,35,true,invalid_mobile,input_batches/applications_dataset_2.csv
Laura Gray,Laura_Gray@fletcher.com,06/04/1998,6403090,Laura,Gray,19980604,23,true,invalid_mobile,input_batches/applications_dataset_2.csv
Wanda Long,Wanda_Long@williamson-larsen.info,02/24/2016,49636,Wanda,Long,20160224,5,false,under_18;invalid_mobile;invalid_email,input_batches/applications_dataset_2.csv
Sylvia Koch,Sylvia_Koch@lane.net,06/30/1998,45031,Sylvia,Koch,19980630,23,true,invalid_mobile,input_batches/applications_dataset_2.csv
Melissa Higgins,Melissa_Higgins@hicks.com,1966-06-06,1210140,Melissa,Higgins,19660606,55,true,invalid_mobile,input_batches/applications_dataset_2.csv
Eric Glover,Eric_Glover@lewis-welch.com,1964/12/29,764745,Eric,Glover,19641229,57,true,invalid_mobile,input_batches/applications_dataset_2.csv
Daniel Cisneros,Daniel_Cisneros@lara.com,27-05-1983,8492730,Daniel,Cisneros,19830527,38,true,invalid_mobile,input_batches/applications_dataset_2.csv
Emily Graham,Emily_Graham@santos-rivera.biz,11/02/1974,4023 8535,Emily,Graham,19741102,47,true,invalid_email,input_batches/applications_dataset_2.csv
Sherri Smith,Sherri_Smith@haas.com,11/28/1954,29016,Sherri,Smith,19541128,67,true,invalid_mobile,input_batches/applications_dataset_2.csv
Dr. William Smith,William_Smith@robinson.com,27-10-1963,70571,William,Smith,19631027,58,true,invalid_mobile,input_batches/applications_dataset_2.csv
Terri Aguirre,Terri_Aguirre@myers-shepherd.biz,14-07-1984,889899,Terri,Aguirre,19840714,37,true,invalid_mobile;invalid_email,input_batches/applications_dataset_2.csv
Natalie Haney,Natalie_Haney@buck.com,03-02-1986,180939,Natalie,Haney,19860203,35,true,invalid_mobile,input_batches/applications_dataset_2.csv
Casey Holder,Casey_Holder@schultz.com,2016-12-07,9841448,Casey,Holder,20161207,5,false,under_18;invalid_mobile,input_batches/applications_dataset_2.csv
Lisa Duran,Lisa_Duran@page-oneill.com,19-01-2004,294525,Lisa,Duran,20040119,17,false,under_18;invalid_mobile,input_batches/applications_dataset_2.csv
David Smith,David_Smith@allen-brown.com,08/25/2005,3003 3195,David,Smith,20050825,16,false,under_18,input_batches/applications_dataset_2.csv
Kyle Harvey,Kyle_Harvey@atkinson.biz,05/30/2006,1443996,Kyle,Harvey,20060530,15,false,under_18;invalid_mobile;invalid_email,input_batches/applications_dataset_2.csv
Laura Wu,Laura_Wu@watson.org,1985/06/14,232989,Laura,Wu,19850614,36,true,invalid_mobile;invalid_email,input_batches/applications_dataset_2.csv
Elijah Johnson,Elijah_Johnson@meyer.com,2017-05-24,1612374,Elijah,Johnson,20170524,4,false,under_18;invalid_mobile,input_batches/applications_dataset_2.csv
Brittany Montgomery,Brittany_Montgomery@graham-barr.org,11/17/1973,729975,Brittany,Montgomery,19731117,48,true,invalid_mobile;invalid_email,input_batches/applications_dataset_2.csv
Aaron Mccarthy,Aaron_Mccarthy@villarreal-murphy.net,05/17/1982,7583514,Aaron,Mccarthy,19820517,39,true,invalid_mobile,input_batches/applications_dataset_2.csv
Jacqueline Johnston,Jacqueline_Johnston@barr.com,02/20/1985,860493,Jacqueline,Johnston,19850220,36,true,invalid_mobile,input_batches/applications_dataset_2.csv
Tina Wood,Tina_Wood@schultz.org,1999/08/24,51264359,Tina,Wood,19990824,22,true,invalid_email,input_batches/applications_dataset_2.csv
Karen Duncan,Karen_Duncan@vasquez-garcia.com,02/25/1967,3862300,Karen,Duncan,19670225,54,true,invalid_mobile,input_batches/applications_dataset_2.csv
Nathan Warren,Nathan_Warren@sparks-guerra.org,04/07/1960,579087,Nathan,Warren,19600407,61,true,invalid_mobile;invalid_email,input_batches/applications_dataset_2.csv
Kenneth Brown,Kenneth_Brown@noble-walls.org,1950-09-26,9182433,Kenneth,Brown,19500926,71,true,invalid_mobile;invalid_email,input_batches/applications_dataset_2.csv
Jill Cain,Jill_Cain@fitzgerald.com,2002/11/11,4744363,Jill,Cain,20021111,19,true,invalid_mobile,input_batches/applications_dataset_2.csv
Robert Martinez,Robert_Martinez@cooper.com,23-11-2011,32312127,Robert,Martinez,20111123,10,false,under_18,input_batches/applications_dataset_2.csv
Peter Wilson,Peter_Wilson@jackson-hall.org,09/10/1960,57376,Peter,Wilson,19600910,61,true,invalid_mobile;invalid_email,input_batches/applications_dataset_2.csv
Kelsey Wiley,Kelsey_Wiley@barnes.com,11/30/2001,6480713,Kelsey,Wiley,20011130,20,true,invalid_mobile,input_batches/applications_dataset_2.csv
Eric Murray,Eric_Murray@lamb.com,1987-07-31,44121,Eric,Murray,19870731,34,true,invalid_mobile,input_batches/applications_dataset_2.csv
Luke Estrada,Luke_Estrada@winters.info,08-12-2013,52986,Luke,Estrada,20131208,8,false,under_18;invalid_mobile;invalid_email,input_batches/applications_dataset_2.csv
Mr. Robert Clark,Robert_Clark@walker-graham.info,04/22/2007,29991,Robert,Clark,20070422,14,false,under_18;invalid_mobile;invalid_email,input_batches/applications_dataset_2.csv
Kimberly Koch,Kimberly_Koch@hughes-fox.org,03/20/2016,5076821,Kimberly,Koch,20160320,5,false,under_18;invalid_mobile;invalid_email,input_batches/applications_dataset_2.csv
Allison Frye,Allison_Frye@medina.com,1975/09/27,7651729,Allison,Frye,19750927,46,true,invalid_mobile,input_batches/applications_dataset_2.csv
Krystal Owens,Krystal_Owens@andrade-garcia.com,1993-04-17,671757,Krystal,Owens,19930417,28,true,invalid_mobile,input_batches/applications_dataset_2.csv
Denise Ferguson,Denise_Ferguson@snyder.biz,09/01/2012,91626,Denise,Ferguson,20120901,9,false,under_18;invalid_mobile;invalid_email,input_batches/applications_dataset_2.csv
Crystal Alexander,Crystal_Alexander@johnson.info,1987-06-20,84096,Crystal,Alexander,19870620,34,true,invalid_mobile;invalid_email,input_batches/applications_dataset_2.csv
Henry Cummings,Henry_Cummings@guzman.com,2011/07/01,92988543,Henry,Cummings,20110701,10,false,under_18,input_batches/applications_dataset_2.csv
Lori Morgan,Lori_Morgan@turner.biz,06/07/1974,7468567,Lori,Morgan,19740607,47,true,invalid_mobile;invalid_email,input_batches/applications_dataset_2.csv
Donald Barton,Donald_Barton@ellis.com,07-12-1952,32376,Donald,Barton,19521207,69,true,invalid_mobile,input_batches/applications_dataset_2.csv
Austin Rosales,Austin_Rosales@howe.org,11/16/2001,852015,Austin,Rosales,20011116,20,true,invalid_mobile;invalid_email,input_batches/applications_dataset_2.csv
Kathy White,Kathy_White@wang.info,2000/06/15,91622367,Kathy,White,20000615,21,true,invalid_email,input_batches/applications_dataset_2.csv
Mrs. Kimberly Preston,Kimberly_Preston@cole.info,14-01-2016,210963,Kimberly,Preston,20160114,5,false,under_18;invalid_mobile;invalid_email,input_batches/applications_dataset_2.csv
John Hudson,John_Hudson@ayers.com,2014-08-31,85905239,John,Hudson,20140831,7,false,under_18,input_batches/applications_dataset_2.csv
Don Ryan,Don_Ryan@koch.com,1951/05/29,1728553,Don,Ryan,19510529,70,true,invalid_mobile,input_batches/applications_dataset_2.csv
Sarah Morgan,Sarah_Morgan@nolan.info,2003/02/19,3716056,Sarah,Morgan,20030219,18,false,under_18;invalid_mobile;invalid_email,input_batches/applications_dataset_2.csv
Samuel Patel,Samuel_Patel@villa-johnson.com,30-05-2014,381279,Samuel,Patel,20140530,7,false,under_18;invalid_mobile,input_batches/applications_dataset_2.csv
Robert Wilson,Robert_Wilson@fuller.org,1955/03/05,9910566,Robert,Wilson,19550305,66,true,invalid_mobile;invalid_email,input_batches/applications_dataset_2.csv
Megan Aguilar,Megan_Aguilar@mitchell.com,1958-01-19,2143128,Megan,Aguilar,19580119,63,true,invalid_mobile,input_batches/applications_dataset_2.csv
Jonathan Green,Jonathan_Green@weiss.biz,1952/11/28,584649,Jonathan,Green,19521128,69,true,invalid_mobile;invalid_email,input_batches/applications_dataset_2.csv
Jacob Tate,Jacob_Tate@nash-cowan.info,04/23/1991,36261,Jacob,Tate,19910423,30,true,invalid_mobile;invalid_email,input_batches/applications_dataset_2.csv
Trevor Brown,Trevor_Brown@stokes.info,1969/10/30,45715591,Trevor,Brown,19691030,52,true,invalid_email,input_batches/applications_dataset_2.csv
Kristine Barker,Kristine_Barker@parrish.com,1975-11-06,51866,Kristine,Barker,19751106,46,true,invalid_mobile,input_batches/applications_dataset_2.csv
Cameron Brown,Cameron_Brown@jones-adams.org,03-09-2001,7404076,Cameron,Brown,20010903,20,true,invalid_mobile;invalid_email,input_batches/applications_dataset_2.csv
Lauren Taylor,Lauren_Taylor@mccoy.info,08-06-2015,4077221,Lauren,Taylor,20150608,6,false,under_18;invalid_mobile;invalid_email,input_batches/applications_dataset_2.csv
Brandon Murphy,Brandon_Murphy@luna.info,1955/04/09,33155895,Brandon,Murphy,19550409,66,true,invalid_email,input_batches/applications_dataset_2.csv
Paul Ward,Paul_Ward@sanchez-larsen.org,09/08/1955,1911 9523,Paul,Ward,19550908,66,true,invalid_email,input_batches/applications_dataset_2.csv
Cynthia Ward,Cynthia_Ward@burns.com,21-03-1968,42746,Cynthia,Ward,19680321,53,true,invalid_mobile,input_batches/applications_dataset_2.csv
Stephen Roberts,Stephen_Roberts@rodriguez.com,2013/03/15,868311,Stephen,Roberts,20130315,8,false,under_18;invalid_mobile,input_batches/applications_dataset_2.csv
Victor Rivera,Victor_Rivera@chavez.biz,01-09-2004,4885658,Victor,Rivera,20040901,17,false,under_18;invalid_mobile;invalid_email,input_batches/applications_dataset_2.csv
Ryan Olsen,Ryan_Olsen@blankenship.com,2012/04/19,864729,Ryan,Olsen,20120419,9,false,under_18;invalid_mobile,input_batches/applications_dataset_2.csv
Alejandra Jones,Alejandra_Jones@williams-smith.net,18-09-1968,6885152,Alejandra,Jones,19680918,53,true,invalid_mobile,input_batches/applications_dataset_2.csv
Cheyenne Miranda,Cheyenne_Miranda@contreras.info,1971/06/01,59901,Cheyenne,Miranda,19710601,50,true,invalid_mobile;invalid_email,input_batches/applications_dataset_2.csv
Courtney Maxwell,Courtney_Maxwell@hunt.com,04/14/1975,16416,Courtney,Maxwell,19750414,46,true,invalid_mobile,input_batches/applications_dataset_2.csv
Lindsay Acosta,Lindsay_Acosta@nichols.com,23-03-1988,5642204,Lindsay,Acosta,19880323,33,true,invalid_mobile,input_batches/applications_dataset_2.csv
Katrina Perry,Katrina_Perry@frye-keller.com,03/28/1995,897579,Katrina,Perry,19950328,26,true,invalid_mobile,input_batches/applications_dataset_2.csv
Bailey Johnson,Bailey_Johnson@brooks.org,2009-12-08,699579,Bailey,Johnson,20091208,12,false,under_18;invalid_mobile;invalid_email,input_batches/applications_dataset_2.csv
Glenda Woods,Glenda_Woods@williams.biz,10/07/1981,419637,Glenda,Woods,19811007,40,true,invalid_mobile;invalid_email,input_batches/applications_dataset_2.csv
Doris Meyer,Doris_Meyer@sullivan.org,1972-09-02,22782935,Doris,Meyer,19720902,49,true,invalid_email,input_batches/applications_dataset_2.csv
Tyler Parker,Tyler_Parker@sheppard.org,1954/12/02,29910975,Tyler,Parker,19541202,67,true,invalid_email,input_batches/applications_dataset_2.csv
Julie Hernandez,Julie_Hernandez@fisher.com,03/23/1971,69296,Julie,Hernandez,19710323,50,true,invalid_mobile,input_batches/applications_dataset_2.csv
Nicole Kim DVM,Nicole_Kim@schultz-brown.com,02-04-1990,3035068,Nicole,Kim,19900402,31,true,invalid_mobile,input_batches/applications_dataset_2.csv
John Benitez,John_Benitez@campbell.com,1967/06/06,374733,John,Benitez,19670606,54,true,invalid_mobile,input_batches/applications_dataset_2.csv
Dustin Thomas,Dustin_Thomas@tran-rice.biz,06/14/1967,930309,Dustin,Thomas,19670614,54,true,invalid_mobile;invalid_email,input_batches/applications_dataset_2.csv
Sheri Carter,Sheri_Carter@bryant.com,1956-08-07,505437,Sheri,Carter,19560807,65,true,invalid_mobile,input_batches/applications_dataset_2.csv
Ryan Davis,Ryan_Davis@buck.org,1964/03/24,878517,Ryan,Davis,19640324,57,true,invalid_mobile;invalid_email,input_batches/applications_dataset_2.csv
Shelby Kaufman,Shelby_Kaufman@weiss.net,2014-10-16,27523551,Shelby,Kaufman,20141016,7,false,under_18,input_batches/applications_dataset_2.csv
Kyle Morales,Kyle_Morales@perry.info,13-11-1999,32120287,Kyle,Morales,19991113,22,true,invalid_email,input_batches/applications_dataset_2.csv
Nicole Johnson,Nicole_Johnson@boone.net,1977-04-13,858435,Nicole,Johnson,19770413,44,true,invalid_mobile,input_batches/applications_dataset_2.csv
Casey Johnston,Casey_Johnston@wood.com,2010/03/29,9740158,Casey,Johnston,20100329,11,false,under_18;invalid_mobile,input_batches/applications_dataset_2.csv
Sean Adams,Sean_Adams@brown.com,19-05-1973,5731370,Sean,Adams,19730519,48,true,invalid_mobile,input_batches/applications_dataset_2.csv
Joel Lee MD,Joel_Lee@hurley.com,2003-06-09,9454964,Joel,Lee,20030609,18,false,under_18;invalid_mobile,input_batches/applications_dataset_2.csv
Mark Williams,Mark_Williams@watkins.net,14-06-1971,41621,Mark,Williams,19710614,50,true,invalid_mobile,input_batches/applications_dataset_2.csv
Joseph Bartlett,Joseph_Bartlett@campbell.net,1985-06-17,5644605,Joseph,Bartlett,19850617,36,true,invalid_mobile,input_batches/applications_dataset_2.csv
Debra Wilson,Debra_Wilson@patel.org,09/22/1995,189381,Debra,Wilson,19950922,26,true,invalid_mobile;invalid_email,input_batches/applications_dataset_2.csv
Megan Sullivan,Megan_Sullivan@miller-ryan.org,1955/02/23,31498887,Megan,Sullivan,19550223,66,true,invalid_email,input_batches/applications_dataset_2.csv
Jake Davis,Jake_Davis@landry-morgan.net,07/11/2008,6739 9355,Jake,Davis,20080711,13,false,under_18,input_batches/applications_dataset_2.csv
Timothy Russell,Timothy_Russell@bird-mclean.net,1995/07/03,549165,Timothy,Russell,19950703,26,true,invalid_mobile,input_batches/applications_dataset_2.csv
Meagan Robinson,Meagan_Robinson@sanchez.net,1951-09-17,133935,Meagan,Robinson,19510917,70,true,invalid_mobile,input_batches/applications_dataset_2.csv
Scott Sandoval,Scott_Sandoval@campbell.com,10/20/1971,50811,Scott,Sandoval,19711020,50,true,invalid_mobile,input_batches/applications_dataset_2.csv
Jeremy Hunter,Jeremy_Hunter@alexander-smith.com,11/19/1953,34301,Jeremy,Hunter,19531119,68,true,invalid_mobile,input_batches/applications_dataset_2.csv
Monica Lloyd,Monica_Lloyd@schneider.info,25-02-1961,52106,Monica,Lloyd,19610225,60,true,invalid_mobile;invalid_email,input_batches/applications_dataset_2.csv
Ryan Scott,Ryan_Scott@wilson.info,2007/02/22,5654706,Ryan,Scott,20070222,14,false,under_18;invalid_mobile;invalid_email,input_batches/applications_dataset_2.csv
Heidi Brown,Heidi_Brown@foster-jones.com,06/06/2004,1259 4379,Heidi,Brown,20040606,17,false,under_18,input_batches/applications_dataset_2.csv
Rebecca Castillo,Rebecca_Castillo@summers-ward.com,1952/02/06,34261,Rebecca,Castillo,19520206,69,true,invalid_mobile,input_batches/applications_dataset_2.csv
Terri Cox,Terri_Cox@swanson.com,11/04/1955,375789,Terri,Cox,19551104,66,true,invalid_mobile,input_batches/applications_dataset_2.csv
Timothy Smith,Timothy_Smith@patton-rose.com,2016/06/16,28316,Timothy,Smith,20160616,5,false,under_18;invalid_mobile,input_batches/applications_dataset_2.csv
Molly Coleman,Molly_Coleman@santiago.com,01-06-1981,1441567,Molly,Coleman,19810601,40,true,invalid_mobile,input_batches/applications_dataset_2.csv
Katherine Brown,Katherine_Brown@stephens-mckenzie.com,09/07/1959,793929,Katherine,Brown,19590907,62,true,invalid_mobile,input_batches/applications_dataset_2.csv
Kyle Dalton,Kyle_Dalton@haley-foster.com,06/04/2007,91866,Kyle,Dalton,20070604,14,false,under_18;invalid_mobile,input_batches/applications_dataset_2.csv
Haley Oconnor,Haley_Oconnor@crawford.com,2014-09-27,14381,Haley,Oconnor,20140927,7,false,under_18;invalid_mobile,input_batches/applications_dataset_2.csv
Janet Tate,Janet_Tate@moore-carter.com,12/15/2003,9535387,Janet,Tate,20031215,18,false,under_18;invalid_mobile,input_batches/applications_dataset_2.csv
Timothy Collins,Timothy_Collins@browning.info,03/12/1980,138771,Timothy,Collins,19800312,41,true,invalid_mobile;invalid_email,input_batches/applications_dataset_2.csv
Michael Marks,Michael_Marks@brown-vargas.net,1968-02-16,99066,Michael,Marks,19680216,53,true,invalid_mobile,input_batches/applications_dataset_2.csv
Maria Day,Maria_Day@miller.info,23-03-2007,76181,Maria,Day,20070323,14,false,under_18;invalid_mobile;invalid_email,input_batches/applications_dataset_2.csv
Jason Trujillo,Jason_Trujillo@strong.com,1968/05/05,671493,Jason,Trujillo,19680505,53,true,invalid_mobile,input_batches/applications_dataset_2.csv
Kristin Parker,Kristin_Parker@ramirez.com,08/17/1967,7962459,Kristin,Parker,19670817,54,true,invalid_mobile,input_batches/applications_dataset_2.csv
Megan Livingston,Megan_Livingston@perry-castillo.com,1980-07-14,498783,Megan,Livingston,19800714,41,true,invalid_mobile,input_batches/applications_dataset_2.csv
Mr. Joshua Ellis Jr.,Joshua_Ellis@gonzalez.biz,1996-02-26,26531367,Joshua,Ellis,19960226,25,true,invalid_email,input_batches/applications_dataset_2.csv
Ann Fuentes,Ann_Fuentes@lane.info,05/03/1990,6965176,Ann,Fuentes,19900503,31,true,invalid_mobile;invalid_email,input_batches/applications_dataset_2.csv
Briana Vega,Briana_Vega@potter-gomez.biz,1965-08-28,45994079,Briana,Vega,19650828,56,true,invalid_email,input_batches/applications_dataset_2.csv
Kathryn Jackson,Kathryn_Jackson@hill.biz,2002/12/23,3857456,Kathryn,Jackson,20021223,19,true,invalid_mobile;invalid_email,input_batches/applications_dataset_2.csv
Mary Galloway,Mary_Galloway@nelson-estrada.biz,2013-03-31,4843791,Mary,Galloway,20130331,8,false,under_18;invalid_mobile;invalid_email,input_batches/applications_dataset_2.csv
Lorraine Lee,Lorraine_Lee@wolfe.com,1976-05-12,73736,Lorraine,Lee,19760512,45,true,invalid_mobile,input_batches/applications_dataset_2.csv
Laura Benjamin,Laura_Benjamin@sloan-blair.org,21-02-1952,164673,Laura,Benjamin,19520221,69,true,invalid_mobile;invalid_email,input_batches/applications_dataset_2.csv
Jennifer Collier,Jennifer_Collier@fischer.org,08-12-2009,497685,Jennifer,Collier,20091208,12,false,under_18;invalid_mobile;invalid_email,input_batches/applications_dataset_2.csv
Lisa Ramirez,Lisa_Ramirez@duncan.net,25-10-1986,148737,Lisa,Ramirez,19861025,35,true,invalid_mobile,input_batches/applications_dataset_2.csv
Angel Hill,Angel_Hill@wilson.com,16-09-2013,6452167,Angel,Hill,20130916,8,false,under_18;invalid_mobile,input_batches/applications_dataset_2.csv
Connor Rivas,Connor_Rivas@romero-bryant.com,29-01-1987,342897,Connor,Rivas,19870129,34,true,invalid_mobile,input_batches/applications_dataset_2.csv
Mrs. Ashley Carter MD,Ashley_Carter@matthews-terrell.com,06/23/1953,77236,Ashley,Carter,19530623,68,true,invalid_mobile,input_batches/applications_dataset_2.csv
William Gay,William_Gay@mendez.com,1978-02-10,506637,William,Gay,19780210,43,true,invalid_mobile,input_batches/applications_dataset_2.csv
Joshua Sanchez,Joshua_Sanchez@boyle.info,09-06-1975,46686,Joshua,Sanchez,19750609,46,true,invalid_mobile;invalid_email,input_batches/applications_dataset_2.csv
Nicole Moon,Nicole_Moon@schmidt.com,02/12/1963,6606776,Nicole,Moon,19630212,58,true,invalid_mobile,input_batches/applications_dataset_2.csv
Kayla Wilson,Kayla_Wilson@rivera.biz,1963-11-26,7831111,Kayla,Wilson,19631126,58,true,invalid_mobile;invalid_email,input_batches/applications_dataset_2.csv
Brett Brown,Brett_Brown@mcdaniel.com,1962-04-22,5040603,Brett,Brown,19620422,59,true,invalid_mobile,input_batches/applications_dataset_2.csv
Mr. Thomas Williams,Thomas_Williams@espinoza.net,1978-10-24,6551399,Thomas,Williams,19781024,43,true,invalid_mobile,input_batches/applications_dataset_2.csv
Kristin Rosales,Kristin_Rosales@rogers.com,02/26/1993,50381,Kristin,Rosales,19930226,28,true,invalid_mobile,input_batches/applications_dataset_2.csv
Jennifer Cruz,Jennifer_Cruz@simmons.net,2014-11-24,92301,Jennifer,Cruz,20141124,7,false,under_18;invalid_mobile,input_batches/applications_dataset_2.csv
Amanda Chandler,Amanda_Chandler@stone.net,01-07-1989,963927,Amanda,Chandler,19890701,32,true,invalid_mobile,input_batches/applications_dataset_2.csv
Taylor Lopez,Taylor_Lopez@mendez.info,1984-12-31,3416715,Taylor,Lopez,19841231,37,true,invalid_mobile;invalid_email,input_batches/applications_dataset_2.csv
Tyler Jones,Tyler_Jones@hanson-stephens.com,11/29/2012,8799155,Tyler,Jones,20121129,9,false,under_18;invalid_mobile,input_batches/applications_dataset_2.csv
Derek Walker,Derek_Walker@brown.com,13-08-2015,589203,Derek,Walker,20150813,6,false,under_18;invalid_mobile,input_batches/applications_dataset_2.csv
Lauren Chase,Lauren_Chase@jenkins.com,1955-03-16,633891,Lauren,Chase,19550316,66,true,invalid_mobile,input_batches/applications_dataset_2.csv
Dean Rice,Dean_Rice@swanson.biz,1988/06/28,1194516,Dean,Rice,19880628,33,true,invalid_mobile;invalid_email,input_batches/applications_dataset_2.csv
Brenda Boyer,Brenda_Boyer@wells.com,1982-12-11,57961,Brenda,Boyer,19821211,39,true,invalid_mobile,input_batches/applications_dataset_2.csv
Melissa Jordan,Melissa_Jordan@lucas-carson.com,12/15/1970,287037,Melissa,Jordan,19701215,51,true,invalid_mobile,input_batches/applications_dataset_2.csv
Brianna Valentine,Brianna_Valentine@martinez.com,2001-05-03,8602553,Brianna,Valentine,20010503,20,true,invalid_mobile,input_batches/applications_dataset_2.csv
Richard White,Richard_White@osborne.com,05/31/2005,5523 2275,Richard,White,20050531,16,false,under_18,input_batches/applications_dataset_2.csv
Steven Paul,Steven_Paul@green.biz,11-09-1983,929295,Steven,Paul,19830911,38,true,invalid_mobile;invalid_email,input_batches/applications_dataset_2.csv
Jessica Peck,Jessica_Peck@martin.net,1951/01/20,8410900,Jessica,Peck,19510120,70,true,invalid_mobile,input_batches/applications_dataset_2.csv
Christopher Hughes,Christopher_Hughes@copeland.com,2002/04/25,652203,Christopher,Hughes,20020425,19,true,invalid_mobile,input_batches/applications_dataset_2.csv
Nancy Rodriguez,Nancy_Rodriguez@bennett.com,02-04-1981,362865,Nancy,Rodriguez,19810402,40,true,invalid_mobile,input_batches/applications_dataset_2.csv
Stacy Robles,Stacy_Robles@jones-cross.com,11/02/2002,74166,Stacy,Robles,20021102,19,true,invalid_mobile,input_batches/applications_dataset_2.csv
Robert Bray,Robert_Bray@walker.com,11/28/2016,3320150,Robert,Bray,20161128,5,false,under_18;invalid_mobile,input_batches/applications_dataset_2.csv
Mrs. Kelly Schmitt DVM,Kelly_Schmitt@james-aguirre.com,2015-04-18,81157223,Kelly,Schmitt,20150418,6,false,under_18,input_batches/applications_dataset_2.csv
Charles Butler,Charles_Butler@melendez.info,10/20/2002,563649,Charles,Butler,20021020,19,true,invalid_mobile;invalid_email,input_batches/applications_dataset_2.csv
Emily Shaw,Emily_Shaw@jones.org,1976-10-14,98436,Emily,Shaw,19761014,45,true,invalid_mobile;invalid_email,input_batches/applications_dataset_2.csv
Anne Dixon,Anne_Dixon@rogers-hudson.com,14-07-1987,183981,Anne,Dixon,19870714,34,true,invalid_mobile,input_batches/applications_dataset_2.csv
Joan White,Joan_White@sullivan.net,1994-03-04,6119569,Joan,White,19940304,27,true,invalid_mobile,input_batches/applications_dataset_2.csv
Darren Mcfarland,Darren_Mcfarland@thompson-roberts.com,07/10/1977,721875,Darren,Mcfarland,19770710,44,true,invalid_mobile,input_batches/applications_dataset_2.csv
Tammy Lane,Tammy_Lane@wood-davis.com,03/15/2012,78786,Tammy,Lane,20120315,9,false,under_18;invalid_mobile,input_batches/applications_dataset_2.csv
Duane Smith,Duane_Smith@schmidt.com,14-02-2000,47411,Duane,Smith,20000214,21,true,invalid_mobile,input_batches/applications_dataset_2.csv
Jessica Clark,Jessica_Clark@livingston.biz,1982-12-17,56001455,Jessica,Clark,19821217,39,true,invalid_email,input_batches/applications_dataset_2.csv
Jeremy Miller,Jeremy_Miller@newman.net,12/29/1972,5657744,Jeremy,Miller,19721229,49,true,invalid_mobile,input_batches/applications_dataset_2.csv
Alexandra Blackwell,Alexandra_Blackwell@mcclain-walsh.org,11/09/1967,8402234,Alexandra,Blackwell,19671109,54,true,invalid_mobile;invalid_email,input_batches/applications_dataset_2.csv
Brian Best,Brian_Best@peters.com,1950-12-10,7831566,Brian,Best,19501210,71,true,invalid_mobile,input_batches/applications_dataset_2.csv
Mary Reynolds,Mary_Reynolds@pierce.biz,2007-11-19,37171047,Mary,Reynolds,20071119,14,false,under_18;invalid_email,input_batches/applications_dataset_2.csv
Valerie Armstrong,Valerie_Armstrong@anderson.com,2014/03/29,931329,Valerie,Armstrong,20140329,7,false,under_18;invalid_mobile,input_batches/applications_dataset_2.csv
Joseph Gray,Joseph_Gray@mclaughlin.com,2004-08-20,5385612,Joseph,Gray,20040820,17,false,under_18;invalid_mobile,input_batches/applications_dataset_2.csv
Jennifer Dominguez,Jennifer_Dominguez@underwood-sawyer.com,1979-06-13,9336104,Jennifer,Dominguez,19790613,42,true,invalid_mobile,input_batches/applications_dataset_2.csv
Heather Rodriguez,Heather_Rodriguez@eaton.com,29-11-2006,98696,Heather,Rodriguez,20061129,15,false,under_18;invalid_mobile,input_batches/applications_dataset_2.csv
Curtis Valdez,Curtis_Valdez@summers.com,11/27/1967,9286432,Curtis,Valdez,19671127,54,true,invalid_mobile,input_batches/applications_dataset_2.csv
Jeffrey Edwards,Jeffrey_Edwards@small.com,02/04/1956,9884785,Jeffrey,Edwards,19560204,65,true,invalid_mobile,input_batches/applications_dataset_2.csv
John Schmidt,John_Schmidt@adkins.net,05/24/1973,54366,John,Schmidt,19730524,48,true,invalid_mobile,input_batches/applications_dataset_2.csv
Roberto Adams,Roberto_Adams@lynch.com,10/19/1972,61751,Roberto,Adams,19721019,49,true,invalid_mobile,input_batches/applications_dataset_2.csv
Ian Vargas,Ian_Vargas@atkins.info,1955-11-20,4321052,Ian,Vargas,19551120,66,true,invalid_mobile;invalid_email,input_batches/applications_dataset_2.csv
Breanna Merritt,Breanna_Merritt@butler.info,2017-02-27,218613,Breanna,Merritt,20170227,4,false,under_18;invalid_mobile;invalid_email,input_batches/applications_dataset_2.csv
Sherry Smith,Sherry_Smith@brooks.com,1963-08-15,217047,Sherry,Smith,19630815,58,true,invalid_mobile,input_batches/applications_dataset_2.csv
Gabriel Short,Gabriel_Short@fitzgerald-atkinson.org,09-01-1986,93491919,Gabriel,Short,19860109,35,true,invalid_email,input_batches/applications_dataset_2.csv
Jessica Bailey,Jessica_Bailey@huynh-rose.com,31-07-1955,5558260,Jessica,Bailey,19550731,66,true,invalid_mobile,input_batches/applications_dataset_2.csv
Patrick Johns,Patrick_Johns@taylor.com,1968-01-15,77001,Patrick,Johns,19680115,53,true,invalid_mobile,input_batches/applications_dataset_2.csv
Timothy Massey,Timothy_Massey@green-williams.com,1986/09/03,428133,Timothy,Massey,19860903,35,true,invalid_mobile,input_batches/applications_dataset_2.csv
Yolanda White,Yolanda_White@powell.biz,16-04-1995,97631,Yolanda,White,19950416,26,true,invalid_mobile;invalid_email,input_batches/applications_dataset_2.csv
George Long,George_Long@long-martin.com,1981-07-31,98386,George,Long,19810731,40,true,invalid_mobile,input_batches/applications_dataset_2.csv
Danielle Wilson,Danielle_Wilson@dean.com,12/29/1993,38121,Danielle,Wilson,19931229,28,true,invalid_mobile,input_batches/applications_dataset_2.csv
Michele Page,Michele_Page@kirby-martin.biz,1959/09/12,9329370,Michele,Page,19590912,62,true,invalid_mobile;invalid_email,input_batches/applications_dataset_2.csv
Benjamin Smith,Benjamin_Smith@chase.info,24-02-1959,875847,Benjamin,Smith,19590224,62,true,invalid_mobile;invalid_email,input_batches/applications_dataset_2.csv
Michael Farrell,Michael_Farrell@miller-snyder.com,1987/01/14,65366,Michael,Farrell,19870114,34,true,invalid_mobile,input_batches/applications_dataset_2.csv
Richard Gibson,Richard_Gibson@calhoun.org,1952/02/10,98861,Richard,Gibson,19520210,69,true,invalid_mobile;invalid_email,input_batches/applications_dataset_2.csv
Stephanie Chambers,Stephanie_Chambers@park-hendrix.info,03-04-1979,9500527,Stephanie,Chambers,19790403,42,true,invalid_mobile;invalid_email,input_batches/applications_dataset_2.csv
Daniel Rice,Daniel_Rice@bell.com,12-06-1957,415359,Daniel,Rice,19570612,64,true,invalid_mobile,input_batches/applications_dataset_2.csv
Ashley Chase,Ashley_Chase@owen-gillespie.com,26-11-1982,733761,Ashley,Chase,19821126,39,true,invalid_mobile,input_batches/applications_dataset_2.csv
Carlos Rangel,Carlos_Rangel@long-wilson.biz,1983/12/24,17181,Carlos,Rangel,19831224,38,true,invalid_mobile;invalid_email,input_batches/applications_dataset_2.csv
Lindsey Castillo,Lindsey_Castillo@white.com,2004-10-16,30681,Lindsey,Castillo,20041016,17,false,under_18;invalid_mobile,input_batches/applications_dataset_2.csv
Scott Johnson,Scott_Johnson@sawyer-hood.info,1988/09/18,14521,Scott,Johnson,19880918,33,true,invalid_mobile;invalid_email,input_batches/applications_dataset_2.csv
Sharon Hicks,Sharon_Hicks@mcintosh-hart.com,1965/01/29,1689710,Sharon,Hicks,19650129,56,true,invalid_mobile,input_batches/applications_dataset_2.csv
Ashlee Oconnell,Ashlee_Oconnell@mann.com,1997-05-06,92516,Ashlee,Oconnell,19970506,24,true,invalid_mobile,input_batches/applications_dataset_2.csv
Amy Parker,Amy_Parker@mclaughlin-kent.com,11/17/1956,99836,Amy,Parker,19561117,65,true,invalid_mobile,input_batches/applications_dataset_2.csv
John Wright,John_Wright@kim.org,1960-03-09,184065,John,Wright,19600309,61,true,invalid_mobile;invalid_email,input_batches/applications_dataset_2.csv
Denise Davis,Denise_Davis@hogan.net,12-04-2012,8625184,Denise,Davis,20120412,9,false,under_18;invalid_mobile,input_batches/applications_dataset_2.csv
Beth Peck,Beth_Peck@smith.info,11/22/2000,963183,Beth,Peck,20001122,21,true,invalid_mobile;invalid_email,input_batches/applications_dataset_2.csv
Steve Ellis,Steve_Ellis@barton.info,1965-12-13,55567535,Steve,Ellis,19651213,56,true,invalid_email,input_batches/applications_dataset_2.csv
Stacey Reed,Stacey_Reed@molina-harper.net,04-02-1990,53126,Stacey,Reed,19900204,31,true,invalid_mobile,input_batches/applications_dataset_2.csv
Christine Scott,Christine_Scott@miller.com,1974/09/02,80791,Christine,Scott,19740902,47,true,invalid_mobile,input_batches/applications_dataset_2.csv
Mrs. Sarah Rios,Sarah_Rios@winters.org,1969-12-23,77288975,Sarah,Rios,19691223,52,true,invalid_email,input_batches/applications_dataset_2.csv
Crystal Stout,Crystal_Stout@garcia.com,2016/04/25,737439,Crystal,Stout,20160425,5,false,under_18;invalid_mobile,input_batches/applications_dataset_2.csv
Matthew Lyons,Matthew_Lyons@sullivan.info,02/27/1951,30961,Matthew,Lyons,19510227,70,true,invalid_mobile;invalid_email,input_batches/applications_dataset_2.csv
Colleen Davis,Colleen_Davis@taylor.com,2008/06/29,3336341,Colleen,Davis,20080629,13,false,under_18;invalid_mobile,input_batches/applications_dataset_2.csv
Shannon Miller,Shannon_Miller@holloway.com,2017/03/15,189153,Shannon,Miller,20170315,4,false,under_18;invalid_mobile,input_batches/applications_dataset_2.csv
Yvonne Kirk,Yvonne_Kirk@morris.biz,1966-07-28,1550991,Yvonne,Kirk,19660728,55,true,invalid_mobile;invalid_email,input_batches/applications_dataset_2.csv
Daniel Johnson,Daniel_Johnson@alvarez.com,06/01/1967,343311,Daniel,Johnson,19670601,54,true,invalid_mobile,input_batches/applications_dataset_2.csv
Alexander Stewart,Alexander_Stewart@santos.com,2007-07-25,244815,Alexander,Stewart,20070725,14,false,under_18;invalid_mobile,input_batches/applications_dataset_2.csv
Linda Gibson,Linda_Gibson@roberts.com,1983/01/15,350295,Linda,Gibson,19830115,38,true,invalid_mobile,input_batches/applications_dataset_2.csv
Gwendolyn Lane,Gwendolyn_Lane@higgins.biz,1955-09-28,82893815,Gwendolyn,Lane,19550928,66,true,invalid_email,input_batches/applications_dataset_2.csv
Andrew Brewer,Andrew_Brewer@green.info,1991-08-10,655509,Andrew,Brewer,19910810,30,true,invalid_mobile;invalid_email,input_batches/applications_dataset_2.csv
Lisa Hooper,Lisa_Hooper@carroll-holt.org,2003-01-04,890391,Lisa,Hooper,20030104,18,false,under_18;invalid_mobile;invalid_email,input_batches/applications_dataset_2.csv
Ashley Montes,Ashley_Montes@pace.com,09/23/1978,813975,Ashley,Montes,19780923,43,true,invalid_mobile,input_batches/applications_dataset_2.csv
Margaret Medina,Margaret_Medina@stewart.info,04/29/1954,543801,Margaret,Medina,19540429,67,true,invalid_mobile;invalid_email,input_batches/applications_dataset_2.csv
Ian Thomas,Ian_Thomas@montgomery-snyder.com,07-06-1995,4465973,Ian,Thomas,19950607,26,true,invalid_mobile,input_batches/applications_dataset_2.csv
Christopher Smith,Christopher_Smith@martinez-bradley.biz,1972-01-28,45772799,Christopher,Smith,19720128,49,true,invalid_email,input_batches/applications_dataset_2.csv
Victoria Jones,Victoria_Jones@camacho.org,03/10/1981,6071 5727,Victoria,Jones,19810310,40,true,invalid_email,input_batches/applications_dataset_2.csv
Mark Frederick,Mark_Frederick@freeman-jackson.com,11-01-1999,40081,Mark,Frederick,19990111,22,true,invalid_mobile,input_batches/applications_dataset_2.csv
Joshua Atkinson,Joshua_Atkinson@salazar.com,1993/10/24,266391,Joshua,Atkinson,19931024,28,true,invalid_mobile,input_batches/applications_dataset_2.csv
Russell Coleman,Russell_Coleman@reid-miller.net,12/23/1985,8075565,Russell,Coleman,19851223,36,true,invalid_mobile,input_batches/applications_dataset_2.csv
Michelle Roberts,Michelle_Roberts@salazar-mccann.org,31-10-1963,343155,Michelle,Roberts,19631031,58,true,invalid_mobile;invalid_email,input_batches/applications_dataset_2.csv
Dan Reynolds,Dan_Reynolds@hendrix-english.net,1977-05-07,4379404,Dan,Reynolds,19770507,44,true,invalid_mobile,input_batches/applications_dataset_2.csv
Tim Robinson,Tim_Robinson@grimes.net,05/16/1972,639711,Tim,Robinson,19720516,49,true,invalid_mobile,input_batches/applications_dataset_2.csv
Shawn Sanders,Shawn_Sanders@gutierrez.info,1956-06-03,61271,Shawn,Sanders,19560603,65,true,invalid_mobile;invalid_email,input_batches/applications_dataset_2.csv
Carol White,Carol_White@flores-kim.com,18-07-1978,25291,Carol,White,19780718,43,true,invalid_mobile,input_batches/applications_dataset_2.csv
Dawn Clark,Dawn_Clark@ibarra.net,14-12-1971,484455,Dawn,Clark,19711214,50,true,invalid_mobile,input_batches/applications_dataset_2.csv
Francisco Vasquez,Francisco_Vasquez@moreno-sheppard.com,29-07-1970,70171,Francisco,Vasquez,19700729,51,true,invalid_mobile,input_batches/applications_dataset_2.csv
Andre West,Andre_West@herrera-rowe.biz,1957-11-17,11479343,Andre,West,19571117,64,true,invalid_email,input_batches/applications_dataset_2.csv
William Brown,William_Brown@ross.com,2014/09/28,32566,William,Brown,20140928,7,false,under_18;invalid_mobile,input_batches/applications_dataset_2.csv
Ashley Davidson,Ashley_Davidson@gaines.org,10/31/2009,70886,Ashley,Davidson,20091031,12,false,under_18;invalid_mobile;invalid_email,input_batches/applications_dataset_2.csv
Audrey Wilson,Audrey_Wilson@alexander-martinez.com,26-01-1967,871611,Audrey,Wilson,19670126,54,true,invalid_mobile,input_batches/applications_dataset_2.csv
Joseph Long,Joseph_Long@williams.net,1988-10-24,2899289,Joseph,Long,19881024,33,true,invalid_mobile,input_batches/applications_dataset_2.csv
John Smith,John_Smith@butler.com,1989/12/13,5249742,John,Smith,19891213,32,true,invalid_mobile,input_batches/applications_dataset_2.csv
John Sloan,John_Sloan@henderson.com,21-12-2010,99716,John,Sloan,20101221,11,false,under_18;invalid_mobile,input_batches/applications_dataset_2.csv
Linda Evans,Linda_Evans@stokes-novak.com,09-03-1971,28941,Linda,Evans,19710309,50,true,invalid_mobile,input_batches/applications_dataset_2.csv
Tammy Brown,Tammy_Brown@bright.com,1980-03-29,16491,Tammy,Brown,19800329,41,true,invalid_mobile,input_batches/applications_dataset_2.csv
Mary Stevens,Mary_Stevens@cummings-caldwell.com,09/23/1953,2447915,Mary,Stevens,19530923,68,true,invalid_mobile,input_batches/applications_dataset_2.csv
Wendy Grimes,Wendy_Grimes@williams.com,11/09/2014,185025,Wendy,Grimes,20141109,7,false,under_18;invalid_mobile,input_batches/applications_dataset_2.csv
Anthony Howe,Anthony_Howe@waters.com,1978-12-01,461925,Anthony,Howe,19781201,43,true,invalid_mobile,input_batches/applications_dataset_2.csv
Collin Velazquez,Collin_Velazquez@craig-whitaker.com,30-12-1960,35086,Collin,Velazquez,19601230,61,true,invalid_mobile,input_batches/applications_dataset_2.csv
Michael Dudley,Michael_Dudley@wilkerson.com,04/10/2002,81161,Michael,Dudley,20020410,19,true,invalid_mobile,input_batches/applications_dataset_2.csv
Michelle Guzman,Michelle_Guzman@mccarthy.biz,16-05-2000,844911,Michelle,Guzman,20000516,21,true,invalid_mobile;invalid_email,input_batches/applications_dataset_2.csv
Kevin Benitez,Kevin_Benitez@edwards.net,2013-11-18,19746447,Kevin,Benitez,20131118,8,false,under_18,input_batches/applications_dataset_2.csv
Amanda Nichols,Amanda_Nichols@owens.info,1995-09-28,747699,Amanda,Nichols,19950928,26,true,invalid_mobile;invalid_email,input_batches/applications_dataset_2.csv
Michael Hall,Michael_Hall@johnson.biz,1957-06-16,41115111,Michael,Hall,19570616,64,true,invalid_email,input_batches/applications_dataset_2.csv
Marcus Villarreal,Marcus_Villarreal@parsons-rogers.info,12/28/1956,2519 9927,Marcus,Villarreal,19561228,65,true,invalid_email,input_batches/applications_dataset_2.csv
Jessica Fleming,Jessica_Fleming@green.com,28-05-2012,17299023,Jessica,Fleming,20120528,9,false,under_18,input_batches/applications_dataset_2.csv
Keith Avila MD,Keith_Avila@cole.com,07/15/1978,96281,Keith,Avila,19780715,43,true,invalid_mobile,input_batches/applications_dataset_2.csv
Kelly Lopez,Kelly_Lopez@shelton.com,11/04/2016,407565,Kelly,Lopez,20161104,5,false,under_18;invalid_mobile,input_batches/applications_dataset_2.csv
Natasha Lee,Natasha_Lee@aguilar.com,25-06-1950,168717,Natasha,Lee,19500625,71,true,invalid_mobile,input_batches/applications_dataset_2.csv
Shane Gonzales,Shane_Gonzales@reid.biz,06/17/2016,88971,Shane,Gonzales,20160617,5,false,under_18;invalid_mobile;invalid_email,input_batches/applications_dataset_2.csv
Jill Brown,Jill_Brown@anderson.com,15-12-1979,15981,Jill,Brown,19791215,42,true,invalid_mobile,input_batches/applications_dataset_2.csv
Nicole Jacobs,Nicole_Jacobs@alexander.biz,11/13/1980,26026,Nicole,Jacobs,19801113,41,true,invalid_mobile;invalid_email,input_batches/applications_dataset_2.csv
Tanya Harris,Tanya_Harris@ponce.info,09/11/1951,43711,Tanya,Harris,19510911,70,true,invalid_mobile;invalid_email,input_batches/applications_dataset_2.csv
Diane Mcgee,Diane_Mcgee@martinez.com,1961-05-25,67266,Diane,Mcgee,19610525,60,true,invalid_mobile,input_batches/applications_dataset_2.csv
Aaron Salas,Aaron_Salas@baldwin.com,1987/11/21,81321,Aaron,Salas,19871121,34,true,invalid_mobile,input_batches/applications_dataset_2.csv
Angela Humphrey PhD,Angela_Humphrey@brown-watson.com,17-07-1966,47696,Angela,Humphrey,19660717,55,true,invalid_mobile,input_batches/applications_dataset_2.csv
Teresa Flynn,Teresa_Flynn@jimenez.net,06-05-1982,470907,Teresa,Flynn,19820506,39,true,invalid_mobile,input_batches/applications_dataset_2.csv
Patrick Powell,Patrick_Powell@ballard.info,17-01-1957,51691,Patrick,Powell,19570117,64,true,invalid_mobile;invalid_email,input_batches/applications_dataset_2.csv
David Brock,David_Brock@buchanan-fernandez.info,2005-12-10,12572831,David,Brock,20051210,16,false,under_18;invalid_email,input_batches/applications_dataset_2.csv
Mr. James Roach DDS,James_Roach@wheeler-bailey.org,10/28/1953,8710129,James,Roach,19531028,68,true,invalid_mobile;invalid_email,input_batches/applications_dataset_2.csv
Tanya Le,Tanya_Le@terry-zimmerman.biz,1974-09-17,405807,Tanya,Le,19740917,47,true,invalid_mobile;invalid_email,input_batches/applications_dataset_2.csv
Joshua Martinez,Joshua_Martinez@sellers.com,30-04-1987,5534593,Joshua,Martinez,19870430,34,true,invalid_mobile,input_batches/applications_dataset_2.csv
Justin Perez,Justin_Perez@baker-downs.com,30-12-1993,718377,Justin,Perez,19931230,28,true,invalid_mobile,input_batches/applications_dataset_2.csv
Cristina Martin,Cristina_Martin@bradley-gould.com,19-03-1994,70356,Cristina,Martin,19940319,27,true,invalid_mobile,input_batches/applications_dataset_2.csv
Steven Campbell,Steven_Campbell@erickson.com,09/28/1995,33061,Steven,Campbell,19950928,26,true,invalid_mobile,input_batches/applications_dataset_2.csv
John Johnson,John_Johnson@gilmore.net,09/05/1953,1254296,John,Johnson,19530905,68,true,invalid_mobile,input_batches/applications_dataset_2.csv
Jesse Garcia,Jesse_Garcia@taylor-cole.com,10/13/1973,2878667,Jesse,Garcia,19731013,48,true,invalid_mobile,input_batches/applications_dataset_2.csv
Joseph Nguyen,Joseph_Nguyen@simmons.info,29-07-1991,6905067,Joseph,Nguyen,19910729,30,true,invalid_mobile;invalid_email,input_batches/applications_dataset_2.csv
Tabitha Kim,Tabitha_Kim@clark.com,1960/04/30,4658284,Tabitha,Kim,19600430,61,true,invalid_mobile,input_batches/applications_dataset_2.csv
Jonathan Jones,Jonathan_Jones@williams.org,04/10/2010,879951,Jonathan,Jones,20100410,11,false,under_18;invalid_mobile;invalid_email,input_batches/applications_dataset_2.csv
Amy Reeves,Amy_Reeves@jacobson-davis.info,2008-04-17,4749137,Amy,Reeves,20080417,13,false,under_18;invalid_mobile;invalid_email,input_batches/applications_dataset_2.csv
Allison Guzman,Allison_Guzman@jackson-frazier.com,22-01-1989,1712096,Allison,Guzman,19890122,32,true,invalid_mobile,input_batches/applications_dataset_2.csv
Stephanie Anderson,Stephanie_Anderson@williamson.com,1966-01-02,78181,Stephanie,Anderson,19660102,55,true,invalid_mobile,input_batches/applications_dataset_2.csv
Ronald Hansen,Ronald_Hansen@schroeder.com,12/24/2009,1387 6815,Ronald,Hansen,20091224,12,false,under_18,input_batches/applications_dataset_2.csv
Melissa Riley,Melissa_Riley@murray.biz,08/18/1965,2387 9991,Melissa,Riley,19650818,56,true,invalid_email,input_batches/applications_dataset_2.csv
Dustin Roy,Dustin_Roy@jones.info,09/20/1970,15086,Dustin,Roy,19700920,51,true,invalid_mobile;invalid_email,input_batches/applications_dataset_2.csv
Madeline Gibson,Madeline_Gibson@brandt.com,03/12/2006,208971,Madeline,Gibson,20060312,15,false,under_18;invalid_mobile,input_batches/applications_dataset_2.csv
Dawn Mendoza,Dawn_Mendoza@meyers.biz,07-04-1977,778971,Dawn,Mendoza,19770407,44,true,invalid_mobile;invalid_email,input_batches/applications_dataset_2.csv
Blake Davis,Blake_Davis@berry-lowe.com,1958/09/12,1255486,Blake,Davis,19580912,63,true,invalid_mobile,input_batches/applications_dataset_2.csv
Julie Bond,Julie_Bond@nichols.info,1988-09-17,310107,Julie,Bond,19880917,33,true,invalid_mobile;invalid_email,input_batches/applications_dataset_2.csv
Joshua Brown,Joshua_Brown@smith.biz,12-12-1962,90875247,Joshua,Brown,19621212,59,true,invalid_email,input_batches/applications_dataset_2.csv
Zachary Young,Zachary_Young@parker-hunt.biz,1960-10-18,390789,Zachary,Young,19601018,61,true,invalid_mobile;invalid_email,input_batches/applications_dataset_2.csv
Hector Johnson,Hector_Johnson@pena.com,05-05-1978,797337,Hector,Johnson,19780505,43,true,invalid_mobile,input_batches/applications_dataset_2.csv
Lindsey Briggs,Lindsey_Briggs@schneider.com,1997/04/14,544623,Lindsey,Briggs,19970414,24,true,invalid_mobile,input_batches/applications_dataset_2.csv
Jill Garcia,Jill_Garcia@bowman-johnson.info,1984/07/25,3571226,Jill,Garcia,19840725,37,true,invalid_mobile;invalid_email,input_batches/applications_dataset_2.csv
Natasha Sullivan,Natasha_Sullivan@davis.org,03/17/1980,828183,Natasha,Sullivan,19800317,41,true,invalid_mobile;invalid_email,input_batches/applications_dataset_2.csv
Adam Carter,Adam_Carter@grant.info,1983-05-08,9994538,Adam,Carter,19830508,38,true,invalid_mobile;invalid_email,input_batches/applications_dataset_2.csv
George Clark,George_Clark@hardin.biz,25-06-1965,92490103,George,Clark,19650625,56,true,invalid_email,input_batches/applications_dataset_2.csv
Lindsey Arias,Lindsey_Arias@burton-madden.com,1966/12/17,31051,Lindsey,Arias,19661217,55,true,invalid_mobile,input_batches/applications_dataset_2.csv
Mary Gordon,Mary_Gordon@george.com,1970-11-27,69121,Mary,Gordon,19701127,51,true,invalid_mobile,input_batches/applications_dataset_2.csv
Craig Nelson,Craig_Nelson@edwards.com,2007-06-13,53196,Craig,Nelson,20070613,14,false,under_18;invalid_mobile,input_batches/applications_dataset_2.csv
Jason Jones,Jason_Jones@heath.net,1968-06-20,79506,Jason,Jones,19680620,53,true,invalid_mobile,input_batches/applications_dataset_2.csv
Matthew Hammond,Matthew_Hammond@leon-george.info,01/22/1958,648693,Matthew,Hammond,19580122,63,true,invalid_mobile;invalid_email,input_batches/applications_dataset_2.csv
Michelle Davis,Michelle_Davis@morris-walters.com,15-09-1975,58601,Michelle,Davis,19750915,46,true,invalid_mobile,input_batches/applications_dataset_2.csv
Carrie Burnett,Carrie_Burnett@jackson-richardson.com,02-11-1988,76876,Carrie,Burnett,19881102,33,true,invalid_mobile,input_batches/applications_dataset_2.csv
Julia Lucas,Julia_Lucas@fowler.com,1959/05/22,2514947,Julia,Lucas,19590522,62,true,invalid_mobile,input_batches/applications_dataset_2.csv
Corey Russo,Corey_Russo@ramirez-williams.org,05-01-1956,61159511,Corey,Russo,19560105,65,true,invalid_email,input_batches/applications_dataset_2.csv
Thomas Moore,Thomas_Moore@simpson.org,1955/02/05,3247728,Thomas,Moore,19550205,66,true,invalid_mobile;invalid_email,input_batches/applications_dataset_2.csv
Christine Delacruz,Christine_Delacruz@jordan-buckley.info,04-12-1955,152001,Christine,Delacruz,19551204,66,true,invalid_mobile;invalid_email,input_batches/applications_dataset_2.csv
Robert Goodman,Robert_Goodman@johnson.com,1963/02/17,345153,Robert,Goodman,19630217,58,true,invalid_mobile,input_batches/applications_dataset_2.csv
Michael Carrillo,Michael_Carrillo@valentine-medina.biz,04/06/2000,513525,Michael,Carrillo,20000406,21,true,invalid_mobile;invalid_email,input_batches/applications_dataset_2.csv
Timothy Manning,Timothy_Manning@church-chang.com,09/08/2008,9011 7723,Timothy,Manning,20080908,13,false,under_18,input_batches/applications_dataset_2.csv
James Riley,James_Riley@jenkins.com,1981-12-22,7627971,James,Riley,19811222,40,true,invalid_mobile,input_batches/applications_dataset_2.csv
Jennifer Cook,Jennifer_Cook@sandoval.com,2005/09/08,941967,Jennifer,Cook,20050908,16,false,under_18;invalid_mobile,input_batches/applications_dataset_2.csv
Pamela Baker,Pamela_Baker@smith.biz,2015/02/14,2085315,Pamela,Baker,20150214,6,false,under_18;invalid_mobile;invalid_email,input_batches/applications_dataset_2.csv
Donna Lawson,Donna_Lawson@schultz-smith.com,1965-12-12,62051,Donna,Lawson,19651212,56,true,invalid_mobile,input_batches/applications_dataset_2.csv
Blake Murphy,Blake_Murphy@ramirez.com,1986/01/31,1944734,Blake,Murphy,19860131,35,true,invalid_mobile,input_batches/applications_dataset_2.csv
Anthony Mills,Anthony_Mills@chang.org,1983-10-03,16676751,Anthony,Mills,19831003,38,true,invalid_email,input_batches/applications_dataset_2.csv
James Taylor,James_Taylor@lowe.biz,05/17/1953,733509,James,Taylor,19530517,68,true,invalid_mobile;invalid_email,input_batches/applications_dataset_2.csv
Raymond Fleming,Raymond_Fleming@myers-jackson.info,24-12-1974,705291,Raymond,Fleming,19741224,47,true,invalid_mobile;invalid_email,input_batches/applications_dataset_2.csv
Scott Rowe,Scott_Rowe@brown.com,2017-11-03,882471,Scott,Rowe,20171103,4,false,under_18;invalid_mobile,input_batches/applications_dataset_2.csv
Angela Jones,Angela_Jones@horton-richardson.biz,2016-03-23,357537,Angela,Jones,20160323,5,false,under_18;invalid_mobile;invalid_email,input_batches/applications_dataset_2.csv
Martin Kelly,Martin_Kelly@olson.info,1954-05-21,464835,Martin,Kelly,19540521,67,true,invalid_mobile;invalid_email,input_batches/applications_dataset_2.csv
Benjamin Morgan,Benjamin_Morgan@holden.com,1987-11-20,9633821,Benjamin,Morgan,19871120,34,true,invalid_mobile,input_batches/applications_dataset_2.csv
Cynthia Conway,Cynthia_Conway@jackson.com,03/28/2017,60801,Cynthia,Conway,20170328,4,false,under_18;invalid_mobile,input_batches/applications_dataset_2.csv
Eric Phillips,Eric_Phillips@allen.com,2006-07-30,8030639,Eric,Phillips,20060730,15,false,under_18;invalid_mobile,input_batches/applications_dataset_2.csv
Michael Reynolds,Michael_Reynolds@adams-harris.com,1963-05-15,5258800,Michael,Reynolds,19630515,58,true,invalid_mobile,input_batches/applications_dataset_2.csv
Mark Brennan,Mark_Brennan@simpson.com,1973-01-16,37451,Mark,Brennan,19730116,48,true,invalid_mobile,input_batches/applications_dataset_2.csv
Taylor Delacruz,Taylor_Delacruz@blankenship-dean.biz,2011-08-05,699645,Taylor,Delacruz,20110805,10,false,under_18;invalid_mobile;invalid_email,input_batches/applications_dataset_2.csv
Jeremiah Peters,Jeremiah_Peters@andrews-carr.com,03-04-1962,26101,Jeremiah,Peters,19620403,59,true,invalid_mobile,input_batches/applications_dataset_2.csv
Daniel Sanchez,Daniel_Sanchez@johnson.biz,1976/03/03,756531,Daniel,Sanchez,19760303,45,true,invalid_mobile;invalid_email,input_batches/applications_dataset_2.csv
Brandy Anderson,Brandy_Anderson@miller-fernandez.com,1973-12-09,62446,Brandy,Anderson,19731209,48,true,invalid_mobile,input_batches/applications_dataset_2.csv
Amy Wagner,Amy_Wagner@fowler-curtis.com,01-05-1969,64076,Amy,Wagner,19690501,52,true,invalid_mobile,input_batches/applications_dataset_2.csv
Thomas Williams,Thomas_Williams@roberts-hunter.com,1982-12-17,167397,Thomas,Williams,19821217,39,true,invalid_mobile,input_batches/applications_dataset_2.csv
Jose Jacobs,Jose_Jacobs@martinez.com,23-09-1978,47151,Jose,Jacobs,19780923,43,true,invalid_mobile,input_batches/applications_dataset_2.csv
Julia Chapman,Julia_Chapman@davis-lee.info,01/01/1980,8871 9991,Julia,Chapman,19800101,42,true,invalid_email,input_batches/applications_dataset_2.csv
Jonathan Perez DDS,Jonathan_Perez@andersen.com,21-03-1962,955743,Jonathan,Perez,19620321,59,true,invalid_mobile,input_batches/applications_dataset_2.csv
Gloria Green,Gloria_Green@nichols.com,18-10-2018,645645,Gloria,Green,20181018,3,false,under_18;invalid_mobile,input_batches/applications_dataset_2.csv
Stephen Greer,Stephen_Greer@smith.info,07/20/2009,5951 6423,Stephen,Greer,20090720,12,false,under_18;invalid_email,input_batches/applications_dataset_2.csv
Joyce Wells,Joyce_Wells@gregory.net,1978/01/20,710631,Joyce,Wells,19780120,43,true,invalid_mobile,input_batches/applications_dataset_2.csv
Samantha Olson,Samantha_Olson@escobar.net,10/05/1971,659769,Samantha,Olson,19711005,50,true,invalid_mobile,input_batches/applications_dataset_2.csv
David Stein,David_Stein@maldonado.com,1984/01/09,3322740,David,Stein,19840109,37,true,invalid_mobile,input_batches/applications_dataset_2.csv
Ryan Marks,Ryan_Marks@lewis-summers.com,2007-05-13,90236,Ryan,Marks,20070513,14,false,under_18;invalid_mobile,input_batches/applications_dataset_2.csv
Robin Vance,Robin_Vance@stone-perez.com,23-07-2003,35906,Robin,Vance,20030723,18,false,under_18;invalid_mobile,input_batches/applications_dataset_2.csv
Kelly Hunter,Kelly_Hunter@fuller.info,05/07/1987,4651 6271,Kelly,Hunter,19870507,34,true,invalid_email,input_batches/applications_dataset_2.csv
Andrew Rubio MD,Andrew_Rubio@ashley.info,1970-06-12,6921643,Andrew,Rubio,19700612,51,true,invalid_mobile;invalid_email,input_batches/applications_dataset_2.csv
Jessica Hawkins,Jessica_Hawkins@cooper-hall.org,1971-12-24,98100079,Jessica,Hawkins,19711224,50,true,invalid_email,input_batches/applications_dataset_2.csv
Judith Cortez,Judith_Cortez@stanley.biz,1977/02/09,842661,Judith,Cortez,19770209,44,true,invalid_mobile;invalid_email,input_batches/applications_dataset_2.csv
Angela Hunt,Angela_Hunt@johnson-melendez.org,1958-01-09,93916,Angela,Hunt,19580109,63,true,invalid_mobile;invalid_email,input_batches/applications_dataset_2.csv
Bill Braun,Bill_Braun@moore-kim.org,02/18/1953,4209402,Bill,Braun,19530218,68,true,invalid_mobile;invalid_email,input_batches/applications_dataset_2.csv
Denise Harding,Denise_Harding@compton-todd.biz,02-12-2018,5192391,Denise,Harding,20181202,3,false,under_18;invalid_mobile;invalid_email,input_batches/applications_dataset_2.csv
Sarah Reed,Sarah_Reed@lane.biz,1996-07-09,26466911,Sarah,Reed,19960709,25,true,invalid_email,input_batches/applications_dataset_2.csv
Craig Smith,Craig_Smith@green.com,22-01-1986,481071,Craig,Smith,19860122,35,true,invalid_mobile,input_batches/applications_dataset_2.csv
Alan Thompson,Alan_Thompson@cooper.com,1952/06/07,1691684,Alan,Thompson,19520607,69,true,invalid_mobile,input_batches/applications_dataset_2.csv
Brian Rogers,Brian_Rogers@robinson.com,05-12-2000,333987,Brian,Rogers,20001205,21,true,invalid_mobile,input_batches/applications_dataset_2.csv
Jason Hill,Jason_Hill@obrien.com,05-09-2012,35821015,Jason,Hill,20120905,9,false,under_18,input_batches/applications_dataset_2.csv
Stephanie White,Stephanie_White@cline.com,1977/09/07,18676,Stephanie,White,19770907,44,true,invalid_mobile,input_batches/applications_dataset_2.csv
Natalie Thomas,Natalie_Thomas@robbins-ryan.biz,1967-08-27,43406,Natalie,Thomas,19670827,54,true,invalid_mobile;invalid_email,input_batches/applications_dataset_2.csv
Kenneth Butler,Kenneth_Butler@lane.com,2012-10-30,2639498,Kenneth,Butler,20121030,9,false,under_18;invalid_mobile,input_batches/applications_dataset_2.csv
Ariel Morgan,Ariel_Morgan@fox.net,1961-11-22,727251,Ariel,Morgan,19611122,60,true,invalid_mobile,input_batches/applications_dataset_2.csv
Miguel Gutierrez,Miguel_Gutierrez@thomas.info,1985-04-09,605847,Miguel,Gutierrez,19850409,36,true,invalid_mobile;invalid_email,input_batches/applications_dataset_2.csv
Justin Whitaker,Justin_Whitaker@dominguez-reynolds.com,09/25/1997,611439,Justin,Whitaker,19970925,24,true,invalid_mobile,input_batches/applications_dataset_2.csv
Kelly Munoz,Kelly_Munoz@nash.com,03-04-1982,77711,Kelly,Munoz,19820403,39,true,invalid_mobile,input_batches/applications_dataset_2.csv
Katherine Lawson,Katherine_Lawson@watson.com,07/06/1964,9744127,Katherine,Lawson,19640706,57,true,invalid_mobile,input_batches/applications_dataset_2.csv
Catherine Richards,Catherine_Richards@glass.org,2006-11-18,6703852,Catherine,Richards,20061118,15,false,under_18;invalid_mobile;invalid_email,input_batches/applications_dataset_2.csv
Kelly Porter,Kelly_Porter@sloan-middleton.com,1982/09/15,4300955,Kelly,Porter,19820915,39,true,invalid_mobile,input_batches/applications_dataset_2.csv
Daniel Perez,Daniel_Perez@hill.com,09/04/2018,8979 6811,Daniel,Perez,20180904,3,false,under_18,input_batches/applications_dataset_2.csv
Mark Rodriguez,Mark_Rodriguez@anderson.info,05/02/2005,5660635,Mark,Rodriguez,20050502,16,false,under_18;invalid_mobile;invalid_email,input_batches/applications_dataset_2.csv
Joseph Riggs,Joseph_Riggs@mckee-williams.com,2018/06/23,383799,Joseph,Riggs,20180623,3,false,under_18;invalid_mobile,input_batches/applications_dataset_2.csv
Elizabeth Young,Elizabeth_Young@rogers.org,1988/03/30,8826350,Elizabeth,Young,19880330,33,true,invalid_mobile;invalid_email,input_batches/applications_dataset_2.csv
Richard Hall,Richard_Hall@brown-leon.com,03/25/1999,968859,Richard,Hall,19990325,22,true,invalid_mobile,input_batches/applications_dataset_2.csv
Nicole Adams,Nicole_Adams@thompson-mendoza.com,1999-02-14,3249520,Nicole,Adams,19990214,22,true,invalid_mobile,input_batches/applications_dataset_2.csv
Jennifer Williams,Jennifer_Williams@king-mercado.com,1957-08-25,310563,Jennifer,Williams,19570825,64,true,invalid_mobile,input_batches/applications_dataset_2.csv
Steven Turner,Steven_Turner@cooper.biz,09-06-1987,24556,Steven,Turner,19870609,34,true,invalid_mobile;invalid_email,input_batches/applications_dataset_2.csv
Janet Meyer,Janet_Meyer@vaughn.biz,1968/11/17,950907,Janet,Meyer,19681117,53,true,invalid_mobile;invalid_email,input_batches/applications_dataset_2.csv
Anna Torres,Anna_Torres@fuller-reynolds.com,1972/06/07,68226,Anna,Torres,19720607,49,true,invalid_mobile,input_batches/applications_dataset_2.csv
Lindsey Gould MD,Lindsey_Gould@navarro-carson.info,09/17/1974,7246457,Lindsey,Gould,19740917,47,true,invalid_mobile;invalid_email,input_batches/applications_dataset_2.csv
Jillian White,Jillian_White@fernandez-reed.com,09/03/2015,684501,Jillian,White,20150903,6,false,under_18;invalid_mobile,input_batches/applications_dataset_2.csv
Angela Hill,Angela_Hill@sampson-robles.net,22-01-1974,3004366,Angela,Hill,19740122,47,true,invalid_mobile,input_batches/applications_dataset_2.csv
Michael Jackson,Michael_Jackson@wilson.com,12-04-1992,84506,Michael,Jackson,19920412,29,true,invalid_mobile,input_batches/applications_dataset_2.csv
Brandi Campbell MD,Brandi_Campbell@potts-alexander.com,29-04-1980,45351,Brandi,Campbell,19800429,41,true,invalid_mobile,input_batches/applications_dataset_2.csv
Nancy Aguilar,Nancy_Aguilar@davis-johnson.com,02-06-1987,1720580,Nancy,Aguilar,19870602,34,true,invalid_mobile,input_batches/applications_dataset_2.csv
Gregory Garcia,Gregory_Garcia@cox.biz,04-02-2005,192549,Gregory,Garcia,20050204,16,false,under_18;invalid_mobile;invalid_email,input_batches/applications_dataset_2.csv
Ryan Hood,Ryan_Hood@turner.com,1959/06/15,56151,Ryan,Hood,19590615,62,true,invalid_mobile,input_batches/applications_dataset_2.csv
April Garza,April_Garza@lopez-simpson.biz,10/21/1971,41506,April,Garza,19711021,50,true,invalid_mobile;invalid_email,input_batches/applications_dataset_2.csv
Caleb Hayes,Caleb_Hayes@gallagher.com,1992-07-14,4269462,Caleb,Hayes,19920714,29,true,invalid_mobile,input_batches/applications_dataset_2.csv
Frank Villegas,Frank_Villegas@johnson-mitchell.com,2005-01-17,71487247,Frank,Villegas,20050117,16,false,under_18,input_batches/applications_dataset_2.csv
John Gutierrez,John_Gutierrez@olson.com,1961-11-22,274101,John,Gutierrez,19611122,60,true,invalid_mobile,input_batches/applications_dataset_2.csv
Stacy Curtis,Stacy_Curtis@nicholson-gray.com,11-12-1989,520107,Stacy,Curtis,19891211,32,true,invalid_mobile,input_batches/applications_dataset_2.csv
Michael Ramirez,Michael_Ramirez@carlson-becker.info,1984-12-25,5668706,Michael,Ramirez,19841225,37,true,invalid_mobile;invalid_email,input_batches/applications_dataset_2.csv
Joy Estrada,Joy_Estrada@duran-miller.com,10/07/1967,89066,Joy,Estrada,19671007,54,true,invalid_mobile,input_batches/applications_dataset_2.csv
Kimberly Brewer,Kimberly_Brewer@smith-lopez.com,07/16/2015,92931,Kimberly,Brewer,20150716,6,false,under_18;invalid_mobile,input_batches/applications_dataset_2.csv
Mrs. Amber Mcguire,Amber_Mcguire@burton-franklin.net,01/11/1956,706881,Amber,Mcguire,19560111,65,true,invalid_mobile,input_batches/applications_dataset_2.csv
Cynthia Vargas MD,Cynthia_Vargas@gonzalez.com,07/30/2007,25946,Cynthia,Vargas,20070730,14,false,under_18;invalid_mobile,input_batches/applications_dataset_2.csv
Daniel Rowland,Daniel_Rowland@parker.org,07/08/1952,16381,Daniel,Rowland,19520708,69,true,invalid_mobile;invalid_email,input_batches/applications_dataset_2.csv
Christopher Mcneil,Christopher_Mcneil@villarreal-reed.com,1975-03-14,68631,Christopher,Mcneil,19750314,46,true,invalid_mobile,input_batches/applications_dataset_2.csv
Ruben Rodriguez,Ruben_Rodriguez@lopez.info,10/16/2017,4050327,Ruben,Rodriguez,20171016,4,false,under_18;invalid_mobile;invalid_email,input_batches/applications_dataset_2.csv
Lisa Johnson,Lisa_Johnson@gonzales.com,2011/01/25,9043273,Lisa,Johnson,20110125,10,false,under_18;invalid_mobile,input_batches/applications_dataset_2.csv
Paula Liu,Paula_Liu@grimes-russell.com,15-06-1966,79541,Paula,Liu,19660615,55,true,invalid_mobile,input_batches/applications_dataset_2.csv
Timothy Aguilar,Timothy_Aguilar@perez-hayes.com,16-05-1961,561339,Timothy,Aguilar,19610516,60,true,invalid_mobile,input_batches/applications_dataset_2.csv
Hunter Gibson,Hunter_Gibson@foster.com,02/27/1962,1258594,Hunter,Gibson,19620227,59,true,invalid_mobile,input_batches/applications_dataset_2.csv
Heather Baldwin,Heather_Baldwin@benjamin.com,05-09-1951,332337,Heather,Baldwin,19510905,70,true,invalid_mobile,input_batches/applications_dataset_2.csv
William Washington,William_Washington@adams-stewart.com,1956-06-25,535299,William,Washington,19560625,65,true,invalid_mobile,input_batches/applications_dataset_2.csv
Todd Morris,Todd_Morris@wilcox-fox.biz,2000/04/26,600765,Todd,Morris,20000426,21,true,invalid_mobile;invalid_email,input_batches/applications_dataset_2.csv
Danielle Herring,Danielle_Herring@osborn-diaz.org,11/06/2004,6663735,Danielle,Herring,20041106,17,false,under_18;invalid_mobile;invalid_email,input_batches/applications_dataset_2.csv
Jennifer Buck,Jennifer_Buck@wiley-campbell.info,16-06-1950,590529,Jennifer,Buck,19500616,71,true,invalid_mobile;invalid_email,input_batches/applications_dataset_2.csv
Mr. Ryan Guzman,Ryan_Guzman@walker-hudson.biz,1962-10-16,79930919,Ryan,Guzman,19621016,59,true,invalid_email,input_batches/applications_dataset_2.csv
Tanner Flores,Tanner_Flores@clark.com,14-07-2010,63836,Tanner,Flores,20100714,11,false,under_18;invalid_mobile,input_batches/applications_dataset_2.csv
Lisa Gilbert,Lisa_Gilbert@campbell.com,11/24/1972,4724000,Lisa,Gilbert,19721124,49,true,invalid_mobile,input_batches/applications_dataset_2.csv
Nichole Martin,Nichole_Martin@valdez.biz,06/02/2008,36196,Nichole,Martin,20080602,13,false,under_18;invalid_mobile;invalid_email,input_batches/applications_dataset_2.csv
Joseph Owen,Joseph_Owen@cole.com,1961-05-02,57396,Joseph,Owen,19610502,60,true,invalid_mobile,input_batches/applications_dataset_2.csv
Sandra Dyer,Sandra_Dyer@chavez-robertson.com,02-09-1952,89961,Sandra,Dyer,19520902,69,true,invalid_mobile,input_batches/applications_dataset_2.csv
Regina Smith,Regina_Smith@blanchard.com,1982/05/07,615945,Regina,Smith,19820507,39,true,invalid_mobile,input_batches/applications_dataset_2.csv
Jonathan Gomez,Jonathan_Gomez@stafford.com,08/26/1964,34801,Jonathan,Gomez,19640826,57,true,invalid_mobile,input_batches/applications_dataset_2.csv
Amy Smith,Amy_Smith@combs.com,2017-02-07,95706,Amy,Smith,20170207,4,false,under_18;invalid_mobile,input_batches/applications_dataset_2.csv
Dr. Melissa Wilson,Melissa_Wilson@smith.com,08/13/1966,471729,Melissa,Wilson,19660813,55,true,invalid_mobile,input_batches/applications_dataset_2.csv
Sean Sharp DDS,Sean_Sharp@campbell-armstrong.biz,05/25/2003,4026674,Sean,Sharp,20030525,18,false,under_18;invalid_mobile;invalid_email,input_batches/applications_dataset_2.csv
Mandy Richards,Mandy_Richards@jackson.info,1967/09/20,99191,Mandy,Richards,19670920,54,true,invalid_mobile;invalid_email,input_batches/applications_dataset_2.csv
Jonathan Cole,Jonathan_Cole@villarreal-olsen.net,2002/06/23,9312815,Jonathan,Cole,20020623,19,true,invalid_mobile,input_batches/applications_dataset_2.csv
Bobby Young,Bobby_Young@murillo-mcmillan.com,11/10/2007,7957643,Bobby,Young,20071110,14,false,under_18;invalid_mobile,input_batches/applications_dataset_2.csv
Julie Short,Julie_Short@powell.org,03/03/1972,862947,Julie,Short,19720303,49,true,invalid_mobile;invalid_email,input_batches/applications_dataset_2.csv
Whitney Camacho,Whitney_Camacho@johnson.com,07-03-1997,7701590,Whitney,Camacho,19970307,24,true,invalid_mobile,input_batches/applications_dataset_2.csv
Shawn Fox,Shawn_Fox@jones-soto.biz,01/27/1951,557199,Shawn,Fox,19510127,70,true,invalid_mobile;invalid_email,input_batches/applications_dataset_2.csv
Anthony Vang,Anthony_Vang@rush.net,1984-01-20,918759,Anthony,Vang,19840120,37,true,invalid_mobile,input_batches/applications_dataset_2.csv
Matthew Taylor,Matthew_Taylor@tran.com,1955/01/10,5156593,Matthew,Taylor,19550110,66,true,invalid_mobile,input_batches/applications_dataset_2.csv
Heather Baird,Heather_Baird@lloyd.info,29-08-1977,45426,Heather,Baird,19770829,44,true,invalid_mobile;invalid_email,input_batches/applications_dataset_2.csv
Angela Christensen,Angela_Christensen@johnston-martin.biz,2017-10-28,7658463,Angela,Christensen,20171028,4,false,under_18;invalid_mobile;invalid_email,input_batches/applications_dataset_2.csv
Gary Walker,Gary_Walker@rogers-villa.com,2014-08-24,12976,Gary,Walker,20140824,7,false,under_18;invalid_mobile,input_batches/applications_dataset_2.csv
Jeanette Holland,Jeanette_Holland@lester.com,24-08-1996,2306319,Jeanette,Holland,19960824,25,true,invalid_mobile,input_batches/applications_dataset_2.csv
Lisa Hood,Lisa_Hood@vaughn.info,04/20/2018,562755,Lisa,Hood,20180420,3,false,under_18;invalid_mobile;invalid_email,input_batches/applications_dataset_2.csv
Julie Smith,Julie_Smith@wheeler.info,1990/01/02,8632660,Julie,Smith,19900102,31,true,invalid_mobile;invalid_email,input_batches/applications_dataset_2.csv
Natasha Griffith,Natasha_Griffith@holden.com,2000/07/15,953157,Natasha,Griffith,20000715,21,true,invalid_mobile,input_batches/applications_dataset_2.csv
Lee Avila,Lee_Avila@taylor.com,1989/02/23,560637,Lee,Avila,19890223,32,true,invalid_mobile,input_batches/applications_dataset_2.csv
Corey Thompson,Corey_Thompson@nelson.org,1964/05/28,1367241,Corey,Thompson,19640528,57,true,invalid_mobile;invalid_email,input_batches/applications_dataset_2.csv
Penny Higgins,Penny_Higgins@middleton-malone.com,05/23/1973,90681,Penny,Higgins,19730523,48,true,invalid_mobile,input_batches/applications_dataset_2.csv
Robert Norton,Robert_Norton@porter-ross.com,2000/02/09,641529,Robert,Norton,20000209,21,true,invalid_mobile,input_batches/applications_dataset_2.csv
Jeffery Hall,Jeffery_Hall@black.com,13-01-1955,5836671,Jeffery,Hall,19550113,66,true,invalid_mobile,input_batches/applications_dataset_2.csv
Nicole Hicks,Nicole_Hicks@moore.com,2002/02/26,302229,Nicole,Hicks,20020226,19,true,invalid_mobile,input_batches/applications_dataset_2.csv
Megan Sparks,Megan_Sparks@martinez-cruz.com,1981-09-05,425199,Megan,Sparks,19810905,40,true,invalid_mobile,input_batches/applications_dataset_2.csv
Shane Clark,Shane_Clark@rhodes.com,2008-02-08,6796266,Shane,Clark,20080208,13,false,under_18;invalid_mobile,input_batches/applications_dataset_2.csv
Keith Hamilton,Keith_Hamilton@thomas.com,2016/10/26,12731,Keith,Hamilton,20161026,5,false,under_18;invalid_mobile,input_batches/applications_dataset_2.csv
Danielle Garcia,Danielle_Garcia@newman.info,07/22/2002,83736,Danielle,Garcia,20020722,19,true,invalid_mobile;invalid_email,input_batches/applications_dataset_2.csv
Jay Johnson,Jay_Johnson@payne.net,03/21/2010,6089742,Jay,Johnson,20100321,11,false,under_18;invalid_mobile,input_batches/applications_dataset_2.csv
Kelly Boyle,Kelly_Boyle@ballard-miller.net,2015/05/22,62471,Kelly,Boyle,20150522,6,false,under_18;invalid_mobile,input_batches/applications_dataset_2.csv
Matthew Parker,Matthew_Parker@mckee.com,29-06-1950,357003,Matthew,Parker,19500629,71,true,invalid_mobile,input_batches/applications_dataset_2.csv
Jennifer Ingram,Jennifer_Ingram@munoz-torres.info,09/10/1954,4388133,Jennifer,Ingram,19540910,67,true,invalid_mobile;invalid_email,input_batches/applications_dataset_2.csv
Randall Edwards,Randall_Edwards@castro-mckay.com,07-10-2016,682629,Randall,Edwards,20161007,5,false,under_18;invalid_mobile,input_batches/applications_dataset_2.csv
Krystal Green,Krystal_Green@hoover-pacheco.org,28-09-1950,94496,Krystal,Green,19500928,71,true,invalid_mobile;invalid_email,input_batches/applications_dataset_2.csv
Hayden Simpson,Hayden_Simpson@adams-green.com,2018/05/04,18626,Hayden,Simpson,20180504,3,false,under_18;invalid_mobile,input_batches/applications_dataset_2.csv
Dale Wells,Dale_Wells@thompson.com,1967-12-30,42811,Dale,Wells,19671230,54,true,invalid_mobile,input_batches/applications_dataset_2.csv
David Davis,David_Davis@santiago-delgado.com,10/06/2000,347523,David,Davis,20001006,21,true,invalid_mobile,input_batches/applications_dataset_2.csv
Cindy Curtis,Cindy_Curtis@nguyen-lambert.com,2011/07/24,604107,Cindy,Curtis,20110724,10,false,under_18;invalid_mobile,input_batches/applications_dataset_2.csv
Danielle Woodward,Danielle_Woodward@garza-stanton.biz,27-09-2001,2209845,Danielle,Woodward,20010927,20,true,invalid_mobile;invalid_email,input_batches/applications_dataset_2.csv
Jason Griffin,Jason_Griffin@bishop.net,30-01-2005,135597,Jason,Griffin,20050130,16,false,under_18;invalid_mobile,input_batches/applications_dataset_2.csv
Kathy Reid,Kathy_Reid@smith.com,09-04-1960,96416,Kathy,Reid,19600409,61,true,invalid_mobile,input_batches/applications_dataset_2.csv
Jackson Newman,Jackson_Newman@garrison-cox.org,10/10/1989,4225537,Jackson,Newman,19891010,32,true,invalid_mobile;invalid_email,input_batches/applications_dataset_2.csv
Wesley Green,Wesley_Green@estrada-johnson.com,2011-03-30,377433,Wesley,Green,20110330,10,false,under_18;invalid_mobile,input_batches/applications_dataset_2.csv
Laura Roman,Laura_Roman@harvey-kelley.net,11/14/1981,74756,Laura,Roman,19811114,40,true,invalid_mobile,input_batches/applications_dataset_2.csv
James Frederick,James_Frederick@thomas.com,20-04-2013,49921,James,Frederick,20130420,8,false,under_18;invalid_mobile,input_batches/applications_dataset_2.csv
Christopher Lewis,Christopher_Lewis@hampton.com,04/15/2001,650361,Christopher,Lewis,20010415,20,true,invalid_mobile,input_batches/applications_dataset_2.csv
Regina Jackson,Regina_Jackson@mcconnell.info,2005-02-23,25845359,Regina,Jackson,20050223,16,false,under_18;invalid_email,input_batches/applications_dataset_2.csv
Kristin Vargas,Kristin_Vargas@hawkins.com,1978/03/29,356253,Kristin,Vargas,19780329,43,true,invalid_mobile,input_batches/applications_dataset_2.csv
Andrew Phillips,Andrew_Phillips@castro-gardner.org,02-12-1960,448035,Andrew,Phillips,19601202,61,true,invalid_mobile;invalid_email,input_batches/applications_dataset_2.csv
William Johnson,William_Johnson@jones.biz,18-02-2009,97031,William,Johnson,20090218,12,false,under_18;invalid_mobile;invalid_email,input_batches/applications_dataset_2.csv
Martin Garza,Martin_Garza@morris.info,1974-12-21,28343727,Martin,Garza,19741221,47,true,invalid_email,input_batches/applications_dataset_2.csv
Glenn Hernandez,Glenn_Hernandez@daniel.net,19-06-1977,990351,Glenn,Hernandez,19770619,44,true,invalid_mobile,input_batches/applications_dataset_2.csv
Corey Miller,Corey_Miller@tapia.com,02/13/1985,5036627,Corey,Miller,19850213,36,true,invalid_mobile,input_batches/applications_dataset_2.csv
Mackenzie Anderson,Mackenzie_Anderson@welch.biz,22-05-1979,34401951,Mackenzie,Anderson,19790522,42,true,invalid_email,input_batches/applications_dataset_2.csv
Brianna Barnes,Brianna_Barnes@gibson.org,07/21/1975,29706,Brianna,Barnes,19750721,46,true,invalid_mobile;invalid_email,input_batches/applications_dataset_2.csv
Kyle Hunt,Kyle_Hunt@leblanc.com,10-10-1952,30006,Kyle,Hunt,19521010,69,true,invalid_mobile,input_batches/applications_dataset_2.csv
Janet Sharp,Janet_Sharp@hernandez.com,1955-08-13,65061,Janet,Sharp,19550813,66,true,invalid_mobile,input_batches/applications_dataset_2.csv
Bethany Roberts,Bethany_Roberts@edwards.com,08-12-1984,2722238,Bethany,Roberts,19841208,37,true,invalid_mobile,input_batches/applications_dataset_2.csv
Tiffany Sanchez,Tiffany_Sanchez@roman.com,2017-08-05,936093,Tiffany,Sanchez,20170805,4,false,under_18;invalid_mobile,input_batches/applications_dataset_2.csv
Robert Salas,Robert_Salas@lucero.net,1962-02-24,4614450,Robert,Salas,19620224,59,true,invalid_mobile,input_batches/applications_dataset_2.csv
Cindy Joseph,Cindy_Joseph@phillips.com,1970/05/20,6731684,Cindy,Joseph,19700520,51,true,invalid_mobile,input_batches/applications_dataset_2.csv
Joseph Lang,Joseph_Lang@lewis.com,1993/05/26,3968721,Joseph,Lang,19930526,28,true,invalid_mobile,input_batches/applications_dataset_2.csv
Christina Barker,Christina_Barker@tucker.biz,15-07-1995,53266,Christina,Barker,19950715,26,true,invalid_mobile;invalid_email,input_batches/applications_dataset_2.csv
Charles Jackson,Charles_Jackson@romero.net,1986/11/05,380643,Charles,Jackson,19861105,35,true,invalid_mobile,input_batches/applications_dataset_2.csv
Crystal Sims,Crystal_Sims@ritter.info,1966-02-28,4841383,Crystal,Sims,19660228,55,true,invalid_mobile;invalid_email,input_batches/applications_dataset_2.csv
Mark Larson,Mark_Larson@bird.com,1952-09-23,9369907,Mark,Larson,19520923,69,true,invalid_mobile,input_batches/applications_dataset_2.csv
Robert Owens,Robert_Owens@thompson.com,2018/06/05,483831,Robert,Owens,20180605,3,false,under_18;invalid_mobile,input_batches/applications_dataset_2.csv
Aaron Juarez,Aaron_Juarez@ramos.com,06-11-2007,61671,Aaron,Juarez,20071106,14,false,under_18;invalid_mobile,input_batches/applications_dataset_2.csv
Jonathan Chen,Jonathan_Chen@doyle.biz,30-11-1957,503457,Jonathan,Chen,19571130,64,true,invalid_mobile;invalid_email,input_batches/applications_dataset_2.csv
Devon James,Devon_James@alexander.com,1957/08/22,504045,Devon,James,19570822,64,true,invalid_mobile,input_batches/applications_dataset_2.csv
Michele Koch,Michele_Koch@haynes.com,1975/12/25,403737,Michele,Koch,19751225,46,true,invalid_mobile,input_batches/applications_dataset_2.csv
Audrey Johnson,Audrey_Johnson@porter-kramer.biz,2000-02-06,4418562,Audrey,Johnson,20000206,21,true,invalid_mobile;invalid_email,input_batches/applications_dataset_2.csv
Jennifer Whitaker,Jennifer_Whitaker@soto.com,07/24/1971,16306,Jennifer,Whitaker,19710724,50,true,invalid_mobile,input_batches/applications_dataset_2.csv
Scott Mitchell,Scott_Mitchell@johnson.com,1977/06/20,36416,Scott,Mitchell,19770620,44,true,invalid_mobile,input_batches/applications_dataset_2.csv
Natalie Woods,Natalie_Woods@carr.biz,1996-11-09,728829,Natalie,Woods,19961109,25,true,invalid_mobile;invalid_email,input_batches/applications_dataset_2.csv
Terry Campbell,Terry_Campbell@clark-estrada.com,1983-08-15,7236524,Terry,Campbell,19830815,38,true,invalid_mobile,input_batches/applications_dataset_2.csv
William Hall,William_Hall@wallace-stevens.com,08-12-1987,117183,William,Hall,19871208,34,true,invalid_mobile,input_batches/applications_dataset_2.csv
Danielle Hughes,Danielle_Hughes@robinson-flowers.net,06/18/1997,320793,Danielle,Hughes,19970618,24,true,invalid_mobile,input_batches/applications_dataset_2.csv
Gina Pena,Gina_Pena@patrick.com,1978-03-06,72886,Gina,Pena,19780306,43,true,invalid_mobile,input_batches/applications_dataset_2.csv
Cynthia Mccann,Cynthia_Mccann@brown.biz,10-06-1984,98001,Cynthia,Mccann,19840610,37,true,invalid_mobile;invalid_email,input_batches/applications_dataset_2.csv
Deborah Duran,Deborah_Duran@garcia.net,10/07/1983,993195,Deborah,Duran,19831007,38,true,invalid_mobile,input_batches/applications_dataset_2.csv
Ashley Grant,Ashley_Grant@smith.biz,1977/11/02,4961237,Ashley,Grant,19771102,44,true,invalid_mobile;invalid_email,input_batches/applications_dataset_2.csv
Mr. Edward Kennedy,Edward_Kennedy@thornton-white.com,2001/12/15,2922333,Edward,Kennedy,20011215,20,true,invalid_mobile,input_batches/applications_dataset_2.csv
Laura Turner,Laura_Turner@anderson.net,19-02-1987,2389227,Laura,Turner,19870219,34,true,invalid_mobile,input_batches/applications_dataset_2.csv
Kathryn Fox,Kathryn_Fox@alexander-jimenez.com,1963-05-27,623889,Kathryn,Fox,19630527,58,true,invalid_mobile,input_batches/applications_dataset_2.csv
Mason Brown,Mason_Brown@barrett.com,26-11-1991,73961,Mason,Brown,19911126,30,true,invalid_mobile,input_batches/applications_dataset_2.csv
Jacqueline Lee,Jacqueline_Lee@johnson.org,1973-05-31,91151,Jacqueline,Lee,19730531,48,true,invalid_mobile;invalid_email,input_batches/applications_dataset_2.csv
Whitney Davis,Whitney_Davis@huff-cervantes.com,21-03-2002,4229814,Whitney,Davis,20020321,19,true,invalid_mobile,input_batches/applications_dataset_2.csv
Michael Hurley,Michael_Hurley@anderson-trujillo.net,1958-07-26,9007643,Michael,Hurley,19580726,63,true,invalid_mobile,input_batches/applications_dataset_2.csv
Carol Brown,Carol_Brown@nunez.biz,10/16/2015,536721,Carol,Brown,20151016,6,false,under_18;invalid_mobile;invalid_email,input_batches/applications_dataset_2.csv
Gregory Perez,Gregory_Perez@pruitt-hodge.com,05-07-1976,171957,Gregory,Perez,19760705,45,true,invalid_mobile,input_batches/applications_dataset_2.csv
Karen Heath,Karen_Heath@ramsey.com,01/04/1987,508365,Karen,Heath,19870104,34,true,invalid_mobile,input_batches/applications_dataset_2.csv
Michael Daniels,Michael_Daniels@hayes-jackson.org,1968/09/23,4257849,Michael,Daniels,19680923,53,true,invalid_mobile;invalid_email,input_batches/applications_dataset_2.csv
Donald Cooper,Donald_Cooper@skinner.net,2006-10-16,525369,Donald,Cooper,20061016,15,false,under_18;invalid_mobile,input_batches/applications_dataset_2.csv
Joseph Swanson,Joseph_Swanson@miranda.com,1957/12/13,898827,Joseph,Swanson,19571213,64,true,invalid_mobile,input_batches/applications_dataset_2.csv
Sonia Lynch,Sonia_Lynch@bowman-mccullough.biz,12/02/1963,6683 8511,Sonia,Lynch,19631202,58,true,invalid_email,input_batches/applications_dataset_2.csv
Lawrence Walsh,Lawrence_Walsh@morris.biz,25-08-1981,5745489,Lawrence,Walsh,19810825,40,true,invalid_mobile;invalid_email,input_batches/applications_dataset_2.csv
Michael Morales,Michael_Morales@carey.biz,16-11-1957,498015,Michael,Morales,19571116,64,true,invalid_mobile;invalid_email,input_batches/applications_dataset_2.csv
Vernon Hill,Vernon_Hill@carrillo.biz,06/28/1988,40271,Vernon,Hill,19880628,33,true,invalid_mobile;invalid_email,input_batches/applications_dataset_2.csv
Andrew Spencer,Andrew_Spencer@velasquez.com,1971/05/22,13686,Andrew,Spencer,19710522,50,true,invalid_mobile,input_batches/applications_dataset_2.csv
Lee Peterson,Lee_Peterson@espinoza.com,1970/08/11,4502870,Lee,Peterson,19700811,51,true,invalid_mobile,input_batches/applications_dataset_2.csv
Emily Hall,Emily_Hall@simpson-mccann.com,1993/01/13,173907,Emily,Hall,19930113,28,true,invalid_mobile,input_batches/applications_dataset_2.csv
Julie Hartman,Julie_Hartman@hall.com,1993/09/27,6490282,Julie,Hartman,19930927,28,true,invalid_mobile,input_batches/applications_dataset_2.csv
Anna Moore,Anna_Moore@campos.com,28-04-2000,85376,Anna,Moore,20000428,21,true,invalid_mobile,input_batches/applications_dataset_2.csv
Natasha Woods,Natasha_Woods@perez.com,12/05/2015,67416,Natasha,Woods,20151205,6,false,under_18;invalid_mobile,input_batches/applications_dataset_2.csv
Samuel Morrison,Samuel_Morrison@johnson.org,1961-07-07,93741,Samuel,Morrison,19610707,60,true,invalid_mobile;invalid_email,input_batches/applications_dataset_2.csv
Heather Wood,Heather_Wood@kelly-cohen.com,1976/10/08,756489,Heather,Wood,19761008,45,true,invalid_mobile,input_batches/applications_dataset_2.csv
Elizabeth Barrera,Elizabeth_Barrera@gibbs.biz,2000/08/16,15349719,Elizabeth,Barrera,20000816,21,true,invalid_email,input_batches/applications_dataset_2.csv
Michael Avila,Michael_Avila@ramirez.org,01/23/1953,4615 8431,Michael,Avila,19530123,68,true,invalid_email,input_batches/applications_dataset_2.csv
Justin Lopez,Justin_Lopez@gray.org,1954/05/06,290865,Justin,Lopez,19540506,67,true,invalid_mobile;invalid_email,input_batches/applications_dataset_2.csv
Joseph Mathis,Joseph_Mathis@greene.com,1956/10/31,1554022,Joseph,Mathis,19561031,65,true,invalid_mobile,input_batches/applications_dataset_2.csv
Travis Brewer,Travis_Brewer@campbell.biz,2004-08-30,18116,Travis,Brewer,20040830,17,false,under_18;invalid_mobile;invalid_email,input_batches/applications_dataset_2.csv
Mary Snyder,Mary_Snyder@benson.com,2008-08-26,7772500,Mary,Snyder,20080826,13,false,under_18;invalid_mobile,input_batches/applications_dataset_2.csv
Juan Liu,Juan_Liu@harvey.com,01/27/2014,134769,Juan,Liu,20140127,7,false,under_18;invalid_mobile,input_batches/applications_dataset_2.csv
Sherry Simpson,Sherry_Simpson@hamilton-wilcox.com,1993-01-02,6626397,Sherry,Simpson,19930102,28,true,invalid_mobile,input_batches/applications_dataset_2.csv
Lisa Shaffer,Lisa_Shaffer@beltran-browning.biz,01/29/1990,756045,Lisa,Shaffer,19900129,31,true,invalid_mobile;invalid_email,input_batches/applications_dataset_2.csv
Juan Chapman,Juan_Chapman@huynh.info,1994/03/15,93221,Juan,Chapman,19940315,27,true,invalid_mobile;invalid_email,input_batches/applications_dataset_2.csv
Paul York,Paul_York@fisher.org,15-02-2004,89802735,Paul,York,20040215,17,false,under_18;invalid_email,input_batches/applications_dataset_2.csv
Gina Taylor,Gina_Taylor@yates-kelly.net,05/03/2017,3799 1599,Gina,Taylor,20170503,4,false,under_18,input_batches/applications_dataset_2.csv
Nancy Williams,Nancy_Williams@davis.com,08-07-1997,4982741,Nancy,Williams,19970708,24,true,invalid_mobile,input_batches/applications_dataset_2.csv
Brandon Nixon,Brandon_Nixon@salas.info,24-12-1967,50571,Brandon,Nixon,19671224,54,true,invalid_mobile;invalid_email,input_batches/applications_dataset_2.csv
Mary Adams,Mary_Adams@hubbard.com,1979-04-26,28361,Mary,Adams,19790426,42,true,invalid_mobile,input_batches/applications_dataset_2.csv
Jonathan Cooley,Jonathan_Cooley@yates-burke.com,02-11-1993,4419605,Jonathan,Cooley,19931102,28,true,invalid_mobile,input_batches/applications_dataset_2.csv
Valerie Acosta,Valerie_Acosta@black-bridges.com,1976-05-27,142611,Valerie,Acosta,19760527,45,true,invalid_mobile,input_batches/applications_dataset_2.csv
Terry Ali,Terry_Ali@ortiz.com,06/04/1995,73171,Terry,Ali,19950604,26,true,invalid_mobile,input_batches/applications_dataset_2.csv
Nancy Velasquez,Nancy_Velasquez@ward.net,05/27/1962,6466860,Nancy,Velasquez,19620527,59,true,invalid_mobile,input_batches/applications_dataset_2.csv
John Rose,John_Rose@reid.com,11/05/1984,3025786,John,Rose,19841105,37,true,invalid_mobile,input_batches/applications_dataset_2.csv
Brian Ramos,Brian_Ramos@parks.com,2001/11/26,3940147,Brian,Ramos,20011126,20,true,invalid_mobile,input_batches/applications_dataset_2.csv
John Joseph,John_Joseph@wilson-burton.org,02-04-1982,81841,John,Joseph,19820402,39,true,invalid_mobile;invalid_email,input_batches/applications_dataset_2.csv
Amber Mathis,Amber_Mathis@jensen-jensen.info,1968/04/26,41337495,Amber,Mathis,19680426,53,true,invalid_email,input_batches/applications_dataset_2.csv
Dr. Amy Melendez,Amy_Melendez@anderson-gibbs.info,05/14/1993,39311,Amy,Melendez,19930514,28,true,invalid_mobile;invalid_email,input_batches/applications_dataset_2.csv
Glenda Chandler,Glenda_Chandler@hester.biz,12/05/2011,1548954,Glenda,Chandler,20111205,10,false,under_18;invalid_mobile;invalid_email,input_batches/applications_dataset_2.csv
Seth Norman,Seth_Norman@hart.com,1955-02-17,1773360,Seth,Norman,19550217,66,true,invalid_mobile,input_batches/applications_dataset_2.csv
Jessica Knight,Jessica_Knight@mcdowell-jones.info,1968-05-28,21071591,Jessica,Knight,19680528,53,true,invalid_email,input_batches/applications_dataset_2.csv
Paul Price,Paul_Price@rojas.com,1998/10/31,323031,Paul,Price,19981031,23,true,invalid_mobile,input_batches/applications_dataset_2.csv
Todd Carpenter,Todd_Carpenter@bowman-miller.com,1953-07-06,195069,Todd,Carpenter,19530706,68,true,invalid_mobile,input_batches/applications_dataset_2.csv
Kathryn Greene,Kathryn_Greene@clay-ballard.biz,1973-08-03,2288385,Kathryn,Greene,19730803,48,true,invalid_mobile;invalid_email,input_batches/applications_dataset_2.csv
Nicholas Meadows,Nicholas_Meadows@rogers-parrish.com,11/01/2007,53726,Nicholas,Meadows,20071101,14,false,under_18;invalid_mobile,input_batches/applications_dataset_2.csv
Frank Reid,Frank_Reid@henry.com,17-03-1952,68536,Frank,Reid,19520317,69,true,invalid_mobile,input_batches/applications_dataset_2.csv
Linda Lynn,Linda_Lynn@baker-jensen.com,08/12/1964,6000576,Linda,Lynn,19640812,57,true,invalid_mobile,input_batches/applications_dataset_2.csv
Michael Johnson,Michael_Johnson@grimes-johnston.com,1999-06-11,27101,Michael,Johnson,19990611,22,true,invalid_mobile,input_batches/applications_dataset_2.csv
Jessica Chavez,Jessica_Chavez@oliver.info,25-03-1995,68367639,Jessica,Chavez,19950325,26,true,invalid_email,input_batches/applications_dataset_2.csv
Kayla Miller,Kayla_Miller@flores.com,1977-08-28,7848611,Kayla,Miller,19770828,44,true,invalid_mobile,input_batches/applications_dataset_2.csv
Kristen Ortiz,Kristen_Ortiz@brooks.com,1999-05-30,9049160,Kristen,Ortiz,19990530,22,true,invalid_mobile,input_batches/applications_dataset_2.csv
Vincent Kelley,Vincent_Kelley@johnson.com,05/29/1986,8760025,Vincent,Kelley,19860529,35,true,invalid_mobile,input_batches/applications_dataset_2.csv
Angela Jackson,Angela_Jackson@sanchez.com,1975-08-23,50366,Angela,Jackson,19750823,46,true,invalid_mobile,input_batches/applications_dataset_2.csv
Brenda Patterson,Brenda_Patterson@williamson.org,2016/03/14,38706,Brenda,Patterson,20160314,5,false,under_18;invalid_mobile;invalid_email,input_batches/applications_dataset_2.csv
Tina Moody,Tina_Moody@dennis-fowler.org,2010-03-03,76401,Tina,Moody,20100303,11,false,under_18;invalid_mobile;invalid_email,input_batches/applications_dataset_2.csv
Terry Greene,Terry_Greene@hernandez.com,2014/03/01,45216,Terry,Greene,20140301,7,false,under_18;invalid_mobile,input_batches/applications_dataset_2.csv
Anthony Mitchell,Anthony_Mitchell@harris.net,15-08-1992,6435955,Anthony,Mitchell,19920815,29,true,invalid_mobile,input_batches/applications_dataset_2.csv
Laura Mason,Laura_Mason@foley-williams.com,1958/10/24,7347145,Laura,Mason,19581024,63,true,invalid_mobile,input_batches/applications_dataset_2.csv
Melissa Burton,Melissa_Burton@jones.com,1974-10-12,328821,Melissa,Burton,19741012,47,true,invalid_mobile,input_batches/applications_dataset_2.csv
Christopher Ramirez,Christopher_Ramirez@wilson.com,2007-08-11,162129,Christopher,Ramirez,20070811,14,false,under_18;invalid_mobile,input_batches/applications_dataset_2.csv
Randy Green,Randy_Green@griffin.info,1956-01-14,37511,Randy,Green,19560114,65,true,invalid_mobile;invalid_email,input_batches/applications_dataset_2.csv
Michael Ross,Michael_Ross@martinez-tucker.com,2004-01-10,992109,Michael,Ross,20040110,17,false,under_18;invalid_mobile,input_batches/applications_dataset_2.csv
Elizabeth Morris,Elizabeth_Morris@collins.com,1964-10-03,2493828,Elizabeth,Morris,19641003,57,true,invalid_mobile,input_batches/applications_dataset_2.csv
Erica Williams,Erica_Williams@craig.com,25-12-1952,63091,Erica,Williams,19521225,69,true,invalid_mobile,input_batches/applications_dataset_2.csv
Mrs. Grace Phillips,Grace_Phillips@foley-davis.info,1969-05-31,71945055,Grace,Phillips,19690531,52,true,invalid_email,input_batches/applications_dataset_2.csv
Julie Johnson,Julie_Johnson@graves-cisneros.org,04/03/1969,857715,Julie,Johnson,19690403,52,true,invalid_mobile;invalid_email,input_batches/applications_dataset_2.csv
Andrew Smith,Andrew_Smith@everett.biz,1976/10/15,3357992,Andrew,Smith,19761015,45,true,invalid_mobile;invalid_email,input_batches/applications_dataset_2.csv
Aaron Anderson,Aaron_Anderson@buchanan.com,1992/09/06,68556,Aaron,Anderson,19920906,29,true,invalid_mobile,input_batches/applications_dataset_2.csv
Mr. Julian Allen,Julian_Allen@johnson.com,1986-06-07,8215817,Julian,Allen,19860607,35,true,invalid_mobile,input_batches/applications_dataset_2.csv
John Simpson,John_Simpson@gonzalez.org,1975-10-12,7080830,John,Simpson,19751012,46,true,invalid_mobile;invalid_email,input_batches/applications_dataset_2.csv
Chelsea Williams,Chelsea_Williams@richardson-jones.net,25-06-1958,6541606,Chelsea,Williams,19580625,63,true,invalid_mobile,input_batches/applications_dataset_2.csv
Denise Kent,Denise_Kent@smith.net,03-08-1957,587991,Denise,Kent,19570803,64,true,invalid_mobile,input_batches/applications_dataset_2.csv
David Sullivan,David_Sullivan@garcia.biz,1951-11-14,75381,David,Sullivan,19511114,70,true,invalid_mobile;invalid_email,input_batches/applications_dataset_2.csv
Tracy Irwin,Tracy_Irwin@dawson-williams.com,27-03-2010,84483503,Tracy,Irwin,20100327,11,false,under_18,input_batches/applications_dataset_2.csv
Lisa Edwards,Lisa_Edwards@anderson.biz,13-03-2004,533865,Lisa,Edwards,20040313,17,false,under_18;invalid_mobile;invalid_email,input_batches/applications_dataset_2.csv
Christopher Ruiz,Christopher_Ruiz@west-lynch.com,1978-05-21,92256,Christopher,Ruiz,19780521,43,true,invalid_mobile,input_batches/applications_dataset_2.csv
Laura Crane,Laura_Crane@reynolds.net,17-11-1963,9065414,Laura,Crane,19631117,58,true,invalid_mobile,input_batches/applications_dataset_2.csv
James Robbins,James_Robbins@saunders.com,12-11-1972,834663,James,Robbins,19721112,49,true,invalid_mobile,input_batches/applications_dataset_2.csv
Amy Conway,Amy_Conway@horne-jones.com,2015-01-21,87662167,Amy,Conway,20150121,6,false,under_18,input_batches/applications_dataset_2.csv
Nancy Morrison,Nancy_Morrison@perez.com,16-12-1968,285459,Nancy,Morrison,19681216,53,true,invalid_mobile,input_batches/applications_dataset_2.csv
Robert Hughes,Robert_Hughes@scott.com,03/26/1988,89091,Robert,Hughes,19880326,33,true,invalid_mobile,input_batches/applications_dataset_2.csv
Candice Johnson,Candice_Johnson@morales.org,1991/09/15,8933849,Candice,Johnson,19910915,30,true,invalid_mobile;invalid_email,input_batches/applications_dataset_2.csv
George Moreno,George_Moreno@lee-peck.net,28-02-2012,7068377,George,Moreno,20120228,9,false,under_18;invalid_mobile,input_batches/applications_dataset_2.csv
Melissa Mccarthy,Melissa_Mccarthy@elliott.com,1984/11/29,861705,Melissa,Mccarthy,19841129,37,true,invalid_mobile,input_batches/applications_dataset_2.csv
Diana Kelly,Diana_Kelly@young-fisher.com,02/07/2018,445161,Diana,Kelly,20180207,3,false,under_18;invalid_mobile,input_batches/applications_dataset_2.csv
Jeffrey Dennis,Jeffrey_Dennis@simmons.org,11-02-1984,25874695,Jeffrey,Dennis,19840211,37,true,invalid_email,input_batches/applications_dataset_2.csv
Nicholas Maldonado,Nicholas_Maldonado@newton.com,1977/07/28,7480103,Nicholas,Maldonado,19770728,44,true,invalid_mobile,input_batches/applications_dataset_2.csv
Jared Liu,Jared_Liu@carr-ray.com,28-06-1984,41716,Jared,Liu,19840628,37,true,invalid_mobile,input_batches/applications_dataset_2.csv
Amy White,Amy_White@mccoy-melendez.net,09/03/1999,4367448,Amy,White,19990903,22,true,invalid_mobile,input_batches/applications_dataset_2.csv
Melanie Brown,Melanie_Brown@lewis.net,1958/04/06,1819700,Melanie,Brown,19580406,63,true,invalid_mobile,input_batches/applications_dataset_2.csv
Charles Little,Charles_Little@peters.org,1961-08-29,2956759,Charles,Little,19610829,60,true,invalid_mobile;invalid_email,input_batches/applications_dataset_2.csv
Stephanie Nash,Stephanie_Nash@molina-white.com,10-08-1986,45876,Stephanie,Nash,19860810,35,true,invalid_mobile,input_batches/applications_dataset_2.csv
Rebecca Archer,Rebecca_Archer@day-hoffman.org,1969/05/28,4877972,Rebecca,Archer,19690528,52,true,invalid_mobile;invalid_email,input_batches/applications_dataset_2.csv
Bradley Johnson,Bradley_Johnson@harper.com,10-04-1985,56636,Bradley,Johnson,19850410,36,true,invalid_mobile,input_batches/applications_dataset_2.csv
Jessica Saunders,Jessica_Saunders@bruce.com,1951-03-03,6092542,Jessica,Saunders,19510303,70,true,invalid_mobile,input_batches/applications_dataset_2.csv
Dawn Brown,Dawn_Brown@hobbs-stevens.com,1982/04/11,38306,Dawn,Brown,19820411,39,true,invalid_mobile,input_batches/applications_dataset_2.csv
Paul George,Paul_George@cruz-martin.com,2005/07/06,59131,Paul,George,20050706,16,false,under_18;invalid_mobile,input_batches/applications_dataset_2.csv
Miranda Garrison,Miranda_Garrison@allen.biz,2005-09-26,733041,Miranda,Garrison,20050926,16,false,under_18;invalid_mobile;invalid_email,input_batches/applications_dataset_2.csv
Diane Romero,Diane_Romero@walker-mitchell.com,1975/03/03,5798969,Diane,Romero,19750303,46,true,invalid_mobile,input_batches/applications_dataset_2.csv
Sylvia Allen,Sylvia_Allen@shannon-roth.net,1977/06/13,35861,Sylvia,Allen,19770613,44,true,invalid_mobile,input_batches/applications_dataset_2.csv
Angela Short,Angela_Short@hansen.biz,06/02/1987,1873145,Angela,Short,19870602,34,true,invalid_mobile;invalid_email,input_batches/applications_dataset_2.csv
Chad Conley,Chad_Conley@flores.com,14-09-1997,9020551,Chad,Conley,19970914,24,true,invalid_mobile,input_batches/applications_dataset_2.csv
Katie Gilmore,Katie_Gilmore@lopez.biz,1987/10/19,83937223,Katie,Gilmore,19871019,34,true,invalid_email,input_batches/applications_dataset_2.csv
Ryan Hughes,Ryan_Hughes@brown.com,2018-08-04,376617,Ryan,Hughes,20180804,3,false,under_18;invalid_mobile,input_batches/applications_dataset_2.csv
Stephanie Sandoval,Stephanie_Sandoval@larson.net,09/16/1951,8876442,Stephanie,Sandoval,19510916,70,true,invalid_mobile,input_batches/applications_dataset_2.csv
Christine Moreno,Christine_Moreno@beltran.com,1974/08/06,7901384,Christine,Moreno,19740806,47,true,invalid_mobile,input_batches/applications_dataset_2.csv
Ana Mayo,Ana_Mayo@gray-ramirez.info,1980/03/21,855723,Ana,Mayo,19800321,41,true,invalid_mobile;invalid_email,input_batches/applications_dataset_2.csv
Cheryl Vaughn,Cheryl_Vaughn@velasquez.biz,1999/01/27,88146,Cheryl,Vaughn,19990127,22,true,invalid_mobile;invalid_email,input_batches/applications_dataset_2.csv
Jennifer Hayes,Jennifer_Hayes@adkins.com,01/06/1985,60096,Jennifer,Hayes,19850106,36,true,invalid_mobile,input_batches/applications_dataset_2.csv
Maria Brewer,Maria_Brewer@myers.com,1991-05-18,391005,Maria,Brewer,19910518,30,true,invalid_mobile,input_batches/applications_dataset_2.csv
Patrick Downs,Patrick_Downs@jordan-ward.info,03/15/1993,7503504,Patrick,Downs,19930315,28,true,invalid_mobile;invalid_email,input_batches/applications_dataset_2.csv
Michelle Duncan,Michelle_Duncan@keith.com,1971/03/08,49421,Michelle,Duncan,19710308,50,true,invalid_mobile,input_batches/applications_dataset_2.csv
Erika Diaz,Erika_Diaz@brooks-weber.com,1952-05-16,14861,Erika,Diaz,19520516,69,true,invalid_mobile,input_batches/applications_dataset_2.csv
Natalie Scott,Natalie_Scott@jones-rodriguez.com,1953-03-25,9408617,Natalie,Scott,19530325,68,true,invalid_mobile,input_batches/applications_dataset_2.csv
Mackenzie Thompson,Mackenzie_Thompson@goodwin.net,1970/08/13,461013,Mackenzie,Thompson,19700813,51,true,invalid_mobile,input_batches/applications_dataset_2.csv
Kim Hull,Kim_Hull@king.com,06/19/2003,6919 8923,Kim,Hull,20030619,18,false,under_18,input_batches/applications_dataset_2.csv
Christopher Guerrero,Christopher_Guerrero@white.biz,06/25/2007,6999 5555,Christopher,Guerrero,20070625,14,false,under_18;invalid_email,input_batches/applications_dataset_2.csv
Matthew Richard,Matthew_Richard@larsen.com,1992-12-11,4721144,Matthew,Richard,19921211,29,true,invalid_mobile,input_batches/applications_dataset_2.csv
Bridget Martin,Bridget_Martin@myers-douglas.com,15-01-2000,95031,Bridget,Martin,20000115,21,true,invalid_mobile,input_batches/applications_dataset_2.csv
Lawrence Valdez,Lawrence_Valdez@boyd-clayton.com,14-01-1953,81841,Lawrence,Valdez,19530114,68,true,invalid_mobile,input_batches/applications_dataset_2.csv
Thomas Reyes,Thomas_Reyes@wilson-davis.com,22-06-1962,3554174,Thomas,Reyes,19620622,59,true,invalid_mobile,input_batches/applications_dataset_2.csv
Anthony Crosby,Anthony_Crosby@martinez.com,1960/12/01,64366,Anthony,Crosby,19601201,61,true,invalid_mobile,input_batches/applications_dataset_2.csv
Tammy York,Tammy_York@perry.com,1999/11/17,6589941,Tammy,York,19991117,22,true,invalid_mobile,input_batches/applications_dataset_2.csv
William Frye,William_Frye@gibson.info,1999/03/20,636189,William,Frye,19990320,22,true,invalid_mobile;invalid_email,input_batches/applications_dataset_2.csv
Eric Perez,Eric_Perez@salinas.info,1957-08-24,610569,Eric,Perez,19570824,64,true,invalid_mobile;invalid_email,input_batches/applications_dataset_2.csv
Lindsey Li,Lindsey_Li@willis-nguyen.com,09/11/2006,15721,Lindsey,Li,20060911,15,false,under_18;invalid_mobile,input_batches/applications_dataset_2.csv
Sara Ruiz,Sara_Ruiz@evans.biz,05/12/1953,21106,Sara,Ruiz,19530512,68,true,invalid_mobile;invalid_email,input_batches/applications_dataset_2.csv
Brittany Woods DDS,Brittany_Woods@jensen.com,1958/09/10,78226,Brittany,Woods,19580910,63,true,invalid_mobile,input_batches/applications_dataset_2.csv
Christopher Hudson,Christopher_Hudson@martin.org,1991/08/07,3193422,Christopher,Hudson,19910807,30,true,invalid_mobile;invalid_email,input_batches/applications_dataset_2.csv
Dana Cline,Dana_Cline@reynolds.com,12/02/1983,881889,Dana,Cline,19831202,38,true,invalid_mobile,input_batches/applications_dataset_2.csv
Breanna Davis,Breanna_Davis@turner.com,1959-09-20,33746,Breanna,Davis,19590920,62,true,invalid_mobile,input_batches/applications_dataset_2.csv
Lauren Mitchell,Lauren_Mitchell@taylor-huerta.com,07/06/1984,6218346,Lauren,Mitchell,19840706,37,true,invalid_mobile,input_batches/applications_dataset_2.csv
John Brown,John_Brown@khan-payne.biz,03-10-1970,2019683,John,Brown,19701003,51,true,invalid_mobile;invalid_email,input_batches/applications_dataset_2.csv
Peter Tran,Peter_Tran@pollard.org,06/02/2011,5027 3379,Peter,Tran,20110602,10,false,under_18;invalid_email,input_batches/applications_dataset_2.csv
Donna Martinez,Donna_Martinez@bond-clark.com,25-03-1972,24941,Donna,Martinez,19720325,49,true,invalid_mobile,input_batches/applications_dataset_2.csv
Aaron Thomas,Aaron_Thomas@brown-jackson.com,06-05-2016,6262453,Aaron,Thomas,20160506,5,false,under_18;invalid_mobile,input_batches/applications_dataset_2.csv
Deborah Rasmussen,Deborah_Rasmussen@harris.com,07/03/1960,834819,Deborah,Rasmussen,19600703,61,true,invalid_mobile,input_batches/applications_dataset_2.csv
Jennifer Green,Jennifer_Green@smith.net,2017-04-10,115413,Jennifer,Green,20170410,4,false,under_18;invalid_mobile,input_batches/applications_dataset_2.csv
Michael Miller,Michael_Miller@webb.net,22-08-1981,218877,Michael,Miller,19810822,40,true,invalid_mobile,input_batches/applications_dataset_2.csv
Kimberly Francis,Kimberly_Francis@hernandez.net,1995-02-07,344535,Kimberly,Francis,19950207,26,true,invalid_mobile,input_batches/applications_dataset_2.csv
Debra Wagner,Debra_Wagner@stewart-thompson.com,15-09-1984,39141,Debra,Wagner,19840915,37,true,invalid_mobile,input_batches/applications_dataset_2.csv
Tony Cannon,Tony_Cannon@jacobs.info,02-09-1954,15936,Tony,Cannon,19540902,67,true,invalid_mobile;invalid_email,input_batches/applications_dataset_2.csv
Rebekah Sanchez,Rebekah_Sanchez@johnson.info,14-02-1962,88256,Rebekah,Sanchez,19620214,59,true,invalid_mobile;invalid_email,input_batches/applications_dataset_2.csv
Brandon Woodard,Brandon_Woodard@spencer-jackson.net,2000-07-30,73426,Brandon,Woodard,20000730,21,true,invalid_mobile,input_batches/applications_dataset_2.csv
Alan Summers,Alan_Summers@lloyd-smith.com,11/01/2017,4899 2595,Alan,Summers,20171101,4,false,under_18,input_batches/applications_dataset_2.csv
Tonya Cherry,Tonya_Cherry@mccall.biz,1995-08-03,7317745,Tonya,Cherry,19950803,26,true,invalid_mobile;invalid_email,input_batches/applications_dataset_2.csv
Denise Carpenter,Denise_Carpenter@hernandez.com,03-11-1965,5174044,Denise,Carpenter,19651103,56,true,invalid_mobile,input_batches/applications_dataset_2.csv
James Kim,James_Kim@gibbs-hughes.com,1952/04/22,76976,James,Kim,19520422,69,true,invalid_mobile,input_batches/applications_dataset_2.csv
Eric Mcclure,Eric_Mcclure@tran-cummings.com,07/09/2012,6828900,Eric,Mcclure,20120709,9,false,under_18;invalid_mobile,input_batches/applications_dataset_2.csv
Brian Smith,Brian_Smith@phillips-smith.com,1981/06/30,121587,Brian,Smith,19810630,40,true,invalid_mobile,input_batches/applications_dataset_2.csv
Jeffery Gordon,Jeffery_Gordon@johnson-carr.com,06/25/1956,2874488,Jeffery,Gordon,19560625,65,true,invalid_mobile,input_batches/applications_dataset_2.csv
Kyle Taylor,Kyle_Taylor@burton.com,05-12-1953,47901,Kyle,Taylor,19531205,68,true,invalid_mobile,input_batches/applications_dataset_2.csv
Thomas Underwood,Thomas_Underwood@ward-estes.com,29-08-1957,179085,Thomas,Underwood,19570829,64,true,invalid_mobile,input_batches/applications_dataset_2.csv
David Jones,David_Jones@anderson.info,02/19/2003,405465,David,Jones,20030219,18,false,under_18;invalid_mobile;invalid_email,input_batches/applications_dataset_2.csv
Julia Wolfe,Julia_Wolfe@nguyen.info,1968-12-19,741345,Julia,Wolfe,19681219,53,true,invalid_mobile;invalid_email,input_batches/applications_dataset_2.csv
Ashley Johnson,Ashley_Johnson@duarte.info,1986-06-27,40141375,Ashley,Johnson,19860627,35,true,invalid_email,input_batches/applications_dataset_2.csv
Derek Vaughn,Derek_Vaughn@barnes.com,1968-06-09,4600912,Derek,Vaughn,19680609,53,true,invalid_mobile,input_batches/applications_dataset_2.csv
Joel Walters,Joel_Walters@sloan.com,1987/03/15,888927,Joel,Walters,19870315,34,true,invalid_mobile,input_batches/applications_dataset_2.csv
Leonard Wheeler,Leonard_Wheeler@hicks-meadows.com,05/21/2007,628131,Leonard,Wheeler,20070521,14,false,under_18;invalid_mobile,input_batches/applications_dataset_2.csv
Jason Santos,Jason_Santos@french.com,02/22/1982,60776,Jason,Santos,19820222,39,true,invalid_mobile,input_batches/applications_dataset_2.csv
April Spears,April_Spears@stephenson-walton.com,06/20/2003,945729,April,Spears,20030620,18,false,under_18;invalid_mobile,input_batches/applications_dataset_2.csv
Gina Butler,Gina_Butler@faulkner.com,2017-02-18,3396884,Gina,Butler,20170218,4,false,under_18;invalid_mobile,input_batches/applications_dataset_2.csv
Cheryl Alvarez,Cheryl_Alvarez@castillo.com,02/15/2005,9165164,Cheryl,Alvarez,20050215,16,false,under_18;invalid_mobile,input_batches/applications_dataset_2.csv
Kyle Lee,Kyle_Lee@lloyd.info,01/18/1997,332493,Kyle,Lee,19970118,24,true,invalid_mobile;invalid_email,input_batches/applications_dataset_2.csv
Dylan White,Dylan_White@wood-howard.com,04/09/2004,72451,Dylan,White,20040409,17,false,under_18;invalid_mobile,input_batches/applications_dataset_2.csv
Martin Griffin,Martin_Griffin@allen.com,2005-01-02,36159095,Martin,Griffin,20050102,16,false,under_18,input_batches/applications_dataset_2.csv
Clinton Curtis,Clinton_Curtis@king-edwards.com,1986/02/28,47846,Clinton,Curtis,19860228,35,true,invalid_mobile,input_batches/applications_dataset_2.csv
Justin Lester,Justin_Lester@williams-perez.com,1963/11/02,975069,Justin,Lester,19631102,58,true,invalid_mobile,input_batches/applications_dataset_2.csv
Vanessa Montgomery,Vanessa_Montgomery@mooney.info,1961-12-02,510339,Vanessa,Montgomery,19611202,60,true,invalid_mobile;invalid_email,input_batches/applications_dataset_2.csv
Melissa Wiley,Melissa_Wiley@roberts-wade.com,1978/09/12,53961,Melissa,Wiley,19780912,43,true,invalid_mobile,input_batches/applications_dataset_2.csv
Jose Bates,Jose_Bates@maynard.com,1966/06/13,3133243,Jose,Bates,19660613,55,true,invalid_mobile,input_batches/applications_dataset_2.csv
Christopher Taylor,Christopher_Taylor@thomas.biz,03/18/1996,51981,Christopher,Taylor,19960318,25,true,invalid_mobile;invalid_email,input_batches/applications_dataset_2.csv
Michael Perkins,Michael_Perkins@hale.com,2018/10/17,33461,Michael,Perkins,20181017,3,false,under_18;invalid_mobile,input_batches/applications_dataset_2.csv
Lisa Harrison,Lisa_Harrison@smith-nguyen.com,22-02-1962,12016,Lisa,Harrison,19620222,59,true,invalid_mobile,input_batches/applications_dataset_2.csv
Joe Ewing,Joe_Ewing@alvarez-day.org,03/25/2016,425835,Joe,Ewing,20160325,5,false,under_18;invalid_mobile;invalid_email,input_batches/applications_dataset_2.csv
Maria Miller,Maria_Miller@wilson.com,01-04-2011,893049,Maria,Miller,20110401,10,false,under_18;invalid_mobile,input_batches/applications_dataset_2.csv
Seth Mayer,Seth_Mayer@dunn-terry.net,2000-08-04,47526,Seth,Mayer,20000804,21,true,invalid_mobile,input_batches/applications_dataset_2.csv
Erin Sharp,Erin_Sharp@murphy.com,2006-03-14,63091,Erin,Sharp,20060314,15,false,under_18;invalid_mobile,input_batches/applications_dataset_2.csv
Cindy Beasley,Cindy_Beasley@russell.com,2004-11-09,162447,Cindy,Beasley,20041109,17,false,under_18;invalid_mobile,input_batches/applications_dataset_2.csv
Luis Brown,Luis_Brown@medina.org,1954/09/24,86879631,Luis,Brown,19540924,67,true,invalid_email,input_batches/applications_dataset_2.csv
Cassandra Benjamin,Cassandra_Benjamin@clark.net,25-01-2005,98516,Cassandra,Benjamin,20050125,16,false,under_18;invalid_mobile,input_batches/applications_dataset_2.csv
Kyle Dickson,Kyle_Dickson@davis.com,1970/06/30,193509,Kyle,Dickson,19700630,51,true,invalid_mobile,input_batches/applications_dataset_2.csv
Elizabeth Gomez,Elizabeth_Gomez@miller-roberts.com,10/03/1955,401337,Elizabeth,Gomez,19551003,66,true,invalid_mobile,input_batches/applications_dataset_2.csv
Tracey Kramer,Tracey_Kramer@rice.info,06-12-2005,95921,Tracey,Kramer,20051206,16,false,under_18;invalid_mobile;invalid_email,input_batches/applications_dataset_2.csv
Shari Barry,Shari_Barry@herrera.com,05/23/1969,7118448,Shari,Barry,19690523,52,true,invalid_mobile,input_batches/applications_dataset_2.csv
Holly Wilson,Holly_Wilson@miles.org,1972/05/06,870435,Holly,Wilson,19720506,49,true,invalid_mobile;invalid_email,input_batches/applications_dataset_2.csv
Wesley Young,Wesley_Young@jordan.com,31-01-2011,672225,Wesley,Young,20110131,10,false,under_18;invalid_mobile,input_batches/applications_dataset_2.csv
Ashley Mckee,Ashley_Mckee@ramirez.org,2010/03/13,863889,Ashley,Mckee,20100313,11,false,under_18;invalid_mobile;invalid_email,input_batches/applications_dataset_2.csv
Johnathan Graham,Johnathan_Graham@smith.com,1964/07/27,3227813,Johnathan,Graham,19640727,57,true,invalid_mobile,input_batches/applications_dataset_2.csv
Ashley Davis,Ashley_Davis@mclaughlin.com,12/03/2002,784773,Ashley,Davis,20021203,19,true,invalid_mobile,input_batches/applications_dataset_2.csv
Michael Payne,Michael_Payne@austin.biz,19-02-1999,8910175,Michael,Payne,19990219,22,true,invalid_mobile;invalid_email,input_batches/applications_dataset_2.csv
Alicia Crane,Alicia_Crane@charles.info,1967/08/29,1665938,Alicia,Crane,19670829,54,true,invalid_mobile;invalid_email,input_batches/applications_dataset_2.csv
Ruben Smith,Ruben_Smith@burton-wood.com,1982-03-27,732621,Ruben,Smith,19820327,39,true,invalid_mobile,input_batches/applications_dataset_2.csv
Diana Clayton,Diana_Clayton@orozco-clayton.com,1982-11-14,9713278,Diana,Clayton,19821114,39,true,invalid_mobile,input_batches/applications_dataset_2.csv
John Hale,John_Hale@collins-williams.com,1983-06-05,4678353,John,Hale,19830605,38,true,invalid_mobile,input_batches/applications_dataset_2.csv
William Dunn,William_Dunn@mckinney.info,07-04-2016,2520806,William,Dunn,20160407,5,false,under_18;invalid_mobile;invalid_email,input_batches/applications_dataset_2.csv
Brittany Wade,Brittany_Wade@blair.com,09/26/2005,7047 2003,Brittany,Wade,20050926,16,false,under_18,input_batches/applications_dataset_2.csv
Sheena Lester,Sheena_Lester@vaughan.com,05/22/1952,6322191,Sheena,Lester,19520522,69,true,invalid_mobile,input_batches/applications_dataset_2.csv
Ann Gibson,Ann_Gibson@lewis.com,23-10-2011,1233457,Ann,Gibson,20111023,10,false,under_18;invalid_mobile,input_batches/applications_dataset_2.csv
Cynthia Quinn,Cynthia_Quinn@spencer-marshall.com,04-09-1963,5947236,Cynthia,Quinn,19630904,58,true,invalid_mobile,input_batches/applications_dataset_2.csv
Suzanne Colon,Suzanne_Colon@herrera.biz,1986/12/06,674091,Suzanne,Colon,19861206,35,true,invalid_mobile;invalid_email,input_batches/applications_dataset_2.csv
Julie Paul,Julie_Paul@jackson-rogers.com,03-05-1968,397599,Julie,Paul,19680503,53,true,invalid_mobile,input_batches/applications_dataset_2.csv
Patricia Webb,Patricia_Webb@rose-murphy.com,02/16/2012,7708730,Patricia,Webb,20120216,9,false,under_18;invalid_mobile,input_batches/applications_dataset_2.csv
Scott Paul,Scott_Paul@martinez-lane.com,23-05-1987,291075,Scott,Paul,19870523,34,true,invalid_mobile,input_batches/applications_dataset_2.csv
Shirley Bailey,Shirley_Bailey@morris.com,31-10-2011,291885,Shirley,Bailey,20111031,10,false,under_18;invalid_mobile,input_batches/applications_dataset_2.csv
Cameron Atkinson,Cameron_Atkinson@foster.net,01/31/1986,12256,Cameron,Atkinson,19860131,35,true,invalid_mobile,input_batches/applications_dataset_2.csv
Gary Gray,Gary_Gray@smith.com,2002/11/10,254439,Gary,Gray,20021110,19,true,invalid_mobile,input_batches/applications_dataset_2.csv
Brenda Rosales,Brenda_Rosales@mora-brandt.com,1996-07-29,503073,Brenda,Rosales,19960729,25,true,invalid_mobile,input_batches/applications_dataset_2.csv
Jeffrey Orr,Jeffrey_Orr@rosales.com,28-01-1977,81191,Jeffrey,Orr,19770128,44,true,invalid_mobile,input_batches/applications_dataset_2.csv
Lisa Snyder,Lisa_Snyder@wright-goodwin.com,03-02-1968,9356831,Lisa,Snyder,19680203,53,true,invalid_mobile,input_batches/applications_dataset_2.csv
Curtis Daniels,Curtis_Daniels@williams-christensen.com,12/16/1963,2434776,Curtis,Daniels,19631216,58,true,invalid_mobile,input_batches/applications_dataset_2.csv
Jessica Coleman,Jessica_Coleman@schmidt-gates.org,06/02/1960,97661,Jessica,Coleman,19600602,61,true,invalid_mobile;invalid_email,input_batches/applications_dataset_2.csv
Mason Turner,Mason_Turner@gardner.com,1952/11/03,8895601,Mason,Turner,19521103,69,true,invalid_mobile,input_batches/applications_dataset_2.csv
Mary Morris,Mary_Morris@martinez.info,1990-11-21,38456,Mary,Morris,19901121,31,true,invalid_mobile;invalid_email,input_batches/applications_dataset_2.csv
Desiree Pham,Desiree_Pham@gomez.org,1998/09/18,21659871,Desiree,Pham,19980918,23,true,invalid_email,input_batches/applications_dataset_2.csv
Melanie Park,Melanie_Park@combs-pruitt.biz,01/11/2001,951177,Melanie,Park,20010111,20,true,invalid_mobile;invalid_email,input_batches/applications_dataset_2.csv
Michelle Harmon,Michelle_Harmon@mcdonald.com,06-12-1987,9420384,Michelle,Harmon,19871206,34,true,invalid_mobile,input_batches/applications_dataset_2.csv
Brandon Coleman,Brandon_Coleman@davis.com,30-01-1994,7990599,Brandon,Coleman,19940130,27,true,invalid_mobile,input_batches/applications_dataset_2.csv
Anthony Fletcher,Anthony_Fletcher@perez-smith.com,2001-12-21,77901,Anthony,Fletcher,20011221,20,true,invalid_mobile,input_batches/applications_dataset_2.csv
Travis Wilkins,Travis_Wilkins@hoffman.net,04/08/1965,2650824,Travis,Wilkins,19650408,56,true,invalid_mobile,input_batches/applications_dataset_2.csv
Ashlee Boyd,Ashlee_Boyd@may.com,24-01-2015,782109,Ashlee,Boyd,20150124,6,false,under_18;invalid_mobile,input_batches/applications_dataset_2.csv
Victoria Valdez,Victoria_Valdez@becker.com,1965/08/27,951579,Victoria,Valdez,19650827,56,true,invalid_mobile,input_batches/applications_dataset_2.csv
Patrick Williams,Patrick_Williams@atkinson.com,05/20/1982,8227661,Patrick,Williams,19820520,39,true,invalid_mobile,input_batches/applications_dataset_2.csv
Johnathan Edwards,Johnathan_Edwards@richard.biz,01/20/1975,44586,Johnathan,Edwards,19750120,46,true,invalid_mobile;invalid_email,input_batches/applications_dataset_2.csv
Daniel Chambers,Daniel_Chambers@torres.com,08-01-1994,5232235,Daniel,Chambers,19940108,27,true,invalid_mobile,input_batches/applications_dataset_2.csv
Alexandra Austin,Alexandra_Austin@duncan.com,1962-09-17,7423459,Alexandra,Austin,19620917,59,true,invalid_mobile,input_batches/applications_dataset_2.csv
Ryan Garcia,Ryan_Garcia@cunningham-clark.com,1956/07/20,296433,Ryan,Garcia,19560720,65,true,invalid_mobile,input_batches/applications_dataset_2.csv
Joseph Navarro,Joseph_Navarro@lawrence.com,08/16/1967,756525,Joseph,Navarro,19670816,54,true,invalid_mobile,input_batches/applications_dataset_2.csv
Christina Nunez,Christina_Nunez@jordan.com,1983/02/21,711495,Christina,Nunez,19830221,38,true,invalid_mobile,input_batches/applications_dataset_2.csv
Angela Ruiz,Angela_Ruiz@ramirez.org,22-09-1998,32048807,Angela,Ruiz,19980922,23,true,invalid_email,input_batches/applications_dataset_2.csv
Gregory Mitchell,Gregory_Mitchell@soto.com,1962/06/14,72196,Gregory,Mitchell,19620614,59,true,invalid_mobile,input_batches/applications_dataset_2.csv
Ashley Taylor,Ashley_Taylor@church.com,1995-08-04,66046,Ashley,Taylor,19950804,26,true,invalid_mobile,input_batches/applications_dataset_2.csv
David Weaver,David_Weaver@eaton.org,27-05-1992,13469943,David,Weaver,19920527,29,true,invalid_email,input_batches/applications_dataset_2.csv
Michael Becker,Michael_Becker@morgan-moore.biz,07/18/1968,1893515,Michael,Becker,19680718,53,true,invalid_mobile;invalid_email,input_batches/applications_dataset_2.csv
Bryan Lewis,Bryan_Lewis@guerrero-harris.org,1966/03/07,41243367,Bryan,Lewis,19660307,55,true,invalid_email,input_batches/applications_dataset_2.csv
James Villegas,James_Villegas@patterson-hunt.com,18-06-2008,3708076,James,Villegas,20080618,13,false,under_18;invalid_mobile,input_batches/applications_dataset_2.csv
Samuel Alvarado,Samuel_Alvarado@glenn-bartlett.com,1990-06-09,13921,Samuel,Alvarado,19900609,31,true,invalid_mobile,input_batches/applications_dataset_2.csv
Gregory Foster,Gregory_Foster@martinez.com,1988/10/20,1927339,Gregory,Foster,19881020,33,true,invalid_mobile,input_batches/applications_dataset_2.csv
Jimmy Martin,Jimmy_Martin@nguyen-swanson.net,2008/06/28,61684983,Jimmy,Martin,20080628,13,false,under_18,input_batches/applications_dataset_2.csv
Emily Wilson,Emily_Wilson@elliott-patterson.info,14-04-1951,651999,Emily,Wilson,19510414,70,true,invalid_mobile;invalid_email,input_batches/applications_dataset_2.csv
Mark Olsen,Mark_Olsen@montes.info,1995-05-08,5000836,Mark,Olsen,19950508,26,true,invalid_mobile;invalid_email,input_batches/applications_dataset_2.csv
Madeline Jones,Madeline_Jones@waters-nguyen.info,1950-08-30,34276,Madeline,Jones,19500830,71,true,invalid_mobile;invalid_email,input_batches/applications_dataset_2.csv
Tammy Becker MD,Tammy_Becker@gonzalez.org,02/03/2018,6084380,Tammy,Becker,20180203,3,false,under_18;invalid_mobile;invalid_email,input_batches/applications_dataset_2.csv
Justin Mcdowell,Justin_Mcdowell@davis-peterson.org,1997-12-12,121569,Justin,Mcdowell,19971212,24,true,invalid_mobile;invalid_email,input_batches/applications_dataset_2.csv
Michael Cook,Michael_Cook@nichols.com,02/19/1989,885135,Michael,Cook,19890219,32,true,invalid_mobile,input_batches/applications_dataset_2.csv
Jesse Johnson,Jesse_Johnson@blanchard.com,18-10-2017,808425,Jesse,Johnson,20171018,4,false,under_18;invalid_mobile,input_batches/applications_dataset_2.csv
Steven Huber,Steven_Huber@owen.com,04/30/1981,295341,Steven,Huber,19810430,40,true,invalid_mobile,input_batches/applications_dataset_2.csv
Aimee Brown,Aimee_Brown@ball.com,10/12/1988,8111860,Aimee,Brown,19881012,33,true,invalid_mobile,input_batches/applications_dataset_2.csv
Melinda Morris,Melinda_Morris@cooper-sharp.com,2007-03-19,219561,Melinda,Morris,20070319,14,false,under_18;invalid_mobile,input_batches/applications_dataset_2.csv
Michael Nichols,Michael_Nichols@bishop.biz,1967-09-26,35761,Michael,Nichols,19670926,54,true,invalid_mobile;invalid_email,input_batches/applications_dataset_2.csv
Amanda Rodriguez,Amanda_Rodriguez@wagner.org,15-02-1967,45111815,Amanda,Rodriguez,19670215,54,true,invalid_email,input_batches/applications_dataset_2.csv
Christina Wilson,Christina_Wilson@holden-barker.biz,22-08-1975,5270875,Christina,Wilson,19750822,46,true,invalid_mobile;invalid_email,input_batches/applications_dataset_2.csv
Karen Hughes,Karen_Hughes@burgess.net,1952/05/18,2740200,Karen,Hughes,19520518,69,true,invalid_mobile,input_batches/applications_dataset_2.csv
Michael Dorsey,Michael_Dorsey@davis-shaw.biz,03/12/2010,542151,Michael,Dorsey,20100312,11,false,under_18;invalid_mobile;invalid_email,input_batches/applications_dataset_2.csv
Donald Mason,Donald_Mason@foster.info,2014-06-18,98396,Donald,Mason,20140618,7,false,under_18;invalid_mobile;invalid_email,input_batches/applications_dataset_2.csv
Amanda Mclaughlin,Amanda_Mclaughlin@juarez.com,2017-02-09,452535,Amanda,Mclaughlin,20170209,4,false,under_18;invalid_mobile,input_batches/applications_dataset_2.csv
Robert Herman,Robert_Herman@kelley.com,1971/11/11,71171,Robert,Herman,19711111,50,true,invalid_mobile,input_batches/applications_dataset_2.csv
Tina Suarez,Tina_Suarez@martinez.net,26-08-2008,48067279,Tina,Suarez,20080826,13,false,under_18,input_batches/applications_dataset_2.csv
James Myers,James_Myers@wilson-salinas.com,12/17/2015,11151,James,Myers,20151217,6,false,under_18;invalid_mobile,input_batches/applications_dataset_2.csv
Mrs. Destiny Morris MD,Destiny_Morris@morris.biz,2002-04-24,34213111,Destiny,Morris,20020424,19,true,invalid_email,input_batches/applications_dataset_2.csv
Dean Sullivan,Dean_Sullivan@rojas.org,09/05/1972,8007686,Dean,Sullivan,19720905,49,true,invalid_mobile;invalid_email,input_batches/applications_dataset_2.csv
Joseph Lester,Joseph_Lester@sullivan-thompson.com,15-05-2011,6319230,Joseph,Lester,20110515,10,false,under_18;invalid_mobile,input_batches/applications_dataset_2.csv
Andrew Serrano,Andrew_Serrano@ford.com,26-07-1999,704097,Andrew,Serrano,19990726,22,true,invalid_mobile,input_batches/applications_dataset_2.csv
Joel Alvarez,Joel_Alvarez@barber-underwood.com,11-12-1959,97361,Joel,Alvarez,19591211,62,true,invalid_mobile,input_batches/applications_dataset_2.csv
Antonio Baker,Antonio_Baker@adams-harrison.biz,1959/06/05,61275895,Antonio,Baker,19590605,62,true,invalid_email,input_batches/applications_dataset_2.csv
Cindy Padilla,Cindy_Padilla@schmidt.com,2003/04/07,146169,Cindy,Padilla,20030407,18,false,under_18;invalid_mobile,input_batches/applications_dataset_2.csv
Ryan Huerta,Ryan_Huerta@gibson-parker.com,1952/06/26,99966,Ryan,Huerta,19520626,69,true,invalid_mobile,input_batches/applications_dataset_2.csv
John Stein,John_Stein@carroll.net,04/26/1960,53761,John,Stein,19600426,61,true,invalid_mobile,input_batches/applications_dataset_2.csv
Joshua Macias,Joshua_Macias@barnes.com,10/13/1980,67346,Joshua,Macias,19801013,41,true,invalid_mobile,input_batches/applications_dataset_2.csv
Nathan White,Nathan_White@friedman.com,04/19/1958,4196886,Nathan,White,19580419,63,true,invalid_mobile,input_batches/applications_dataset_2.csv
Matthew Thompson,Matthew_Thompson@casey.info,25-04-1958,7800262,Matthew,Thompson,19580425,63,true,invalid_mobile;invalid_email,input_batches/applications_dataset_2.csv
Katherine Padilla,Katherine_Padilla@leach.biz,2012-06-12,83393263,Katherine,Padilla,20120612,9,false,under_18;invalid_email,input_batches/applications_dataset_2.csv
Maria Rodriguez,Maria_Rodriguez@franklin-wells.net,1971-01-10,38641,Maria,Rodriguez,19710110,50,true,invalid_mobile,input_batches/applications_dataset_2.csv
John Booker DVM,John_Booker@lee-rodriguez.com,2012-03-16,287007,John,Booker,20120316,9,false,under_18;invalid_mobile,input_batches/applications_dataset_2.csv
Jeffrey Nguyen,Jeffrey_Nguyen@poole.com,2013/09/22,716361,Jeffrey,Nguyen,20130922,8,false,under_18;invalid_mobile,input_batches/applications_dataset_2.csv
Jennifer Jackson,Jennifer_Jackson@griffin.com,02/17/1988,798099,Jennifer,Jackson,19880217,33,true,invalid_mobile,input_batches/applications_dataset_2.csv
Karen Ruiz,Karen_Ruiz@becker.com,21-07-1955,336843,Karen,Ruiz,19550721,66,true,invalid_mobile,input_batches/applications_dataset_2.csv
Jeffrey Rodriguez,Jeffrey_Rodriguez@smith-pena.com,17-01-1951,13931,Jeffrey,Rodriguez,19510117,70,true,invalid_mobile,input_batches/applications_dataset_2.csv
Andrew Garrett,Andrew_Garrett@burke.com,04/12/2006,59616,Andrew,Garrett,20060412,15,false,under_18;invalid_mobile,input_batches/applications_dataset_2.csv
Melissa Allison,Melissa_Allison@watkins.info,2005/06/04,75546,Melissa,Allison,20050604,16,false,under_18;invalid_mobile;invalid_email,input_batches/applications_dataset_2.csv
Amber Haynes,Amber_Haynes@smith.com,07-10-1977,870567,Amber,Haynes,19771007,44,true,invalid_mobile,input_batches/applications_dataset_2.csv
William Jones,William_Jones@ford.com,2005-10-26,60103815,William,Jones,20051026,16,false,under_18,input_batches/applications_dataset_2.csv
Steven Morton,Steven_Morton@barker.info,02-09-1954,576027,Steven,Morton,19540902,67,true,invalid_mobile;invalid_email,input_batches/applications_dataset_2.csv
Kathy Erickson,Kathy_Erickson@martinez.com,2013-01-25,522855,Kathy,Erickson,20130125,8,false,under_18;invalid_mobile,input_batches/applications_dataset_2.csv
Tammy Miller,Tammy_Miller@bennett.info,04/22/1963,97311,Tammy,Miller,19630422,58,true,invalid_mobile;invalid_email,input_batches/applications_dataset_2.csv
Steven Hill,Steven_Hill@ballard-mcintosh.com,2009-08-18,4852828,Steven,Hill,20090818,12,false,under_18;invalid_mobile,input_batches/applications_dataset_2.csv
Gregory Carr,Gregory_Carr@carter-west.net,09-04-2002,61471,Gregory,Carr,20020409,19,true,invalid_mobile,input_batches/applications_dataset_2.csv
Elizabeth Vega,Elizabeth_Vega@davis.com,17-02-1988,97401,Elizabeth,Vega,19880217,33,true,invalid_mobile,input_batches/applications_dataset_2.csv
Samuel Shields,Samuel_Shields@buck.com,01/12/1990,2102654,Samuel,Shields,19900112,31,true,invalid_mobile,input_batches/applications_dataset_2.csv
Jon Mcmillan,Jon_Mcmillan@mcmahon-taylor.biz,01-04-1992,15207695,Jon,Mcmillan,19920401,29,true,invalid_email,input_batches/applications_dataset_2.csv
Heather Simpson,Heather_Simpson@clarke.com,10/01/1984,8474138,Heather,Simpson,19841001,37,true,invalid_mobile,input_batches/applications_dataset_2.csv
Ashley Duncan,Ashley_Duncan@garza-ray.com,12/01/1950,961881,Ashley,Duncan,19501201,71,true,invalid_mobile,input_batches/applications_dataset_2.csv
Matthew Kim,Matthew_Kim@smith-martinez.com,2015/03/24,2565662,Matthew,Kim,20150324,6,false,under_18;invalid_mobile,input_batches/applications_dataset_2.csv
Nicole Anderson,Nicole_Anderson@richards.com,08/30/1999,24391,Nicole,Anderson,19990830,22,true,invalid_mobile,input_batches/applications_dataset_2.csv
Andrew Conley,Andrew_Conley@berry.com,1951/03/09,942057,Andrew,Conley,19510309,70,true,invalid_mobile,input_batches/applications_dataset_2.csv
Joshua Jones,Joshua_Jones@reed-melendez.com,1954-10-29,667101,Joshua,Jones,19541029,67,true,invalid_mobile,input_batches/applications_dataset_2.csv
Megan Frederick,Megan_Frederick@hammond-harmon.com,12/14/1990,152967,Megan,Frederick,19901214,31,true,invalid_mobile,input_batches/applications_dataset_2.csv
Shawn Yang,Shawn_Yang@edwards-roberts.com,06/21/1983,5127571,Shawn,Yang,19830621,38,true,invalid_mobile,input_batches/applications_dataset_2.csv
Jennifer Cruz,Jennifer_Cruz@garcia.com,08/15/2007,61291,Jennifer,Cruz,20070815,14,false,under_18;invalid_mobile,input_batches/applications_dataset_2.csv
Jerry Lewis,Jerry_Lewis@myers-bates.net,22-03-1967,332283,Jerry,Lewis,19670322,54,true,invalid_mobile,input_batches/applications_dataset_2.csv
Lisa Williams,Lisa_Williams@sloan.com,11/04/1951,39921,Lisa,Williams,19511104,70,true,invalid_mobile,input_batches/applications_dataset_2.csv
Austin Dougherty,Austin_Dougherty@schmidt.com,08-11-2001,959925,Austin,Dougherty,20011108,20,true,invalid_mobile,input_batches/applications_dataset_2.csv
Tiffany Khan,Tiffany_Khan@nelson-patterson.info,1958-03-02,9913520,Tiffany,Khan,19580302,63,true,invalid_mobile;invalid_email,input_batches/applications_dataset_2.csv
Bradley Hanson,Bradley_Hanson@wolfe-guzman.com,2016-09-29,91001,Bradley,Hanson,20160929,5,false,under_18;invalid_mobile,input_batches/applications_dataset_2.csv
Debra Lee,Debra_Lee@kelley.com,1953/07/16,4660202,Debra,Lee,19530716,68,true,invalid_mobile,input_batches/applications_dataset_2.csv
Juan Ellison,Juan_Ellison@cole-castillo.com,12/22/2012,942585,Juan,Ellison,20121222,9,false,under_18;invalid_mobile,input_batches/applications_dataset_2.csv
Kristy Johnson,Kristy_Johnson@spencer.com,11/27/1981,11166,Kristy,Johnson,19811127,40,true,invalid_mobile,input_batches/applications_dataset_2.csv
Micheal Castro,Micheal_Castro@beck.com,1986/11/10,95301,Micheal,Castro,19861110,35,true,invalid_mobile,input_batches/applications_dataset_2.csv
Scott Dunn,Scott_Dunn@sullivan.com,1963/07/07,7901188,Scott,Dunn,19630707,58,true,invalid_mobile,input_batches/applications_dataset_2.csv
Tyler Johnson,Tyler_Johnson@pearson.net,01/13/1958,6371660,Tyler,Johnson,19580113,63,true,invalid_mobile,input_batches/applications_dataset_2.csv
Daniel Alexander,Daniel_Alexander@castro.com,04/10/1991,41841,Daniel,Alexander,19910410,30,true,invalid_mobile,input_batches/applications_dataset_2.csv
Jennifer Powell,Jennifer_Powell@lambert.biz,1951-10-27,9321985,Jennifer,Powell,19511027,70,true,invalid_mobile;invalid_email,input_batches/applications_dataset_2.csv
Stacy Wright,Stacy_Wright@jones-schneider.com,10/26/1964,560691,Stacy,Wright,19641026,57,true,invalid_mobile,input_batches/applications_dataset_2.csv
Jennifer Sosa,Jennifer_Sosa@buchanan.com,06/28/1991,2886367,Jennifer,Sosa,19910628,30,true,invalid_mobile,input_batches/applications_dataset_2.csv
Charles Hall,Charles_Hall@rogers.com,1952/04/29,8139657,Charles,Hall,19520429,69,true,invalid_mobile,input_batches/applications_dataset_2.csv
Jennifer Ward,Jennifer_Ward@taylor-diaz.com,01/23/1998,936933,Jennifer,Ward,19980123,23,true,invalid_mobile,input_batches/applications_dataset_2.csv
Courtney Jones,Courtney_Jones@brown.info,05-06-1970,932307,Courtney,Jones,19700605,51,true,invalid_mobile;invalid_email,input_batches/applications_dataset_2.csv
Ashley Sanders,Ashley_Sanders@goodman-lopez.com,05-10-1984,6350443,Ashley,Sanders,19841005,37,true,invalid_mobile,input_batches/applications_dataset_2.csv
Monica Thomas,Monica_Thomas@wolfe-beasley.net,2001-02-27,810639,Monica,Thomas,20010227,20,true,invalid_mobile,input_batches/applications_dataset_2.csv
Stacey Johnston,Stacey_Johnston@torres.com,1972/10/18,267873,Stacey,Johnston,19721018,49,true,invalid_mobile,input_batches/applications_dataset_2.csv
Matthew Fisher,Matthew_Fisher@foley.net,1950/03/14,98171,Matthew,Fisher,19500314,71,true,invalid_mobile,input_batches/applications_dataset_2.csv
Stephen Caldwell,Stephen_Caldwell@george.info,1958/11/17,146649,Stephen,Caldwell,19581117,63,true,invalid_mobile;invalid_email,input_batches/applications_dataset_2.csv
Amanda Allen,Amanda_Allen@torres.biz,05/27/2011,8766451,Amanda,Allen,20110527,10,false,under_18;invalid_mobile;invalid_email,input_batches/applications_dataset_2.csv
Reginald Wheeler,Reginald_Wheeler@brown.biz,22-01-1987,29179575,Reginald,Wheeler,19870122,34,true,invalid_email,input_batches/applications_dataset_2.csv
Mrs. Elizabeth Richard,Elizabeth_Richard@stewart.biz,1990-10-02,70199975,Elizabeth,Richard,19901002,31,true,invalid_email,input_batches/applications_dataset_2.csv
Alexander Hampton,Alexander_Hampton@washington.com,13-07-1990,3053597,Alexander,Hampton,19900713,31,true,invalid_mobile,input_batches/applications_dataset_2.csv
Lisa Smith,Lisa_Smith@black.info,19-08-1958,99884935,Lisa,Smith,19580819,63,true,invalid_email,input_batches/applications_dataset_2.csv
Brian Peters,Brian_Peters@ross.com,11/27/2018,89921,Brian,Peters,20181127,3,false,under_18;invalid_mobile,input_batches/applications_dataset_2.csv
Brittany King,Brittany_King@robinson-dorsey.info,1976/12/22,78381,Brittany,King,19761222,45,true,invalid_mobile;invalid_email,input_batches/applications_dataset_2.csv
James Fuller,James_Fuller@whitney.biz,2015-03-26,584211,James,Fuller,20150326,6,false,under_18;invalid_mobile;invalid_email,input_batches/applications_dataset_2.csv
Kevin Hernandez,Kevin_Hernandez@green.net,10/02/1952,275769,Kevin,Hernandez,19521002,69,true,invalid_mobile,input_batches/applications_dataset_2.csv
Jason Sanders,Jason_Sanders@gardner-harris.com,1957/11/14,99026,Jason,Sanders,19571114,64,true,invalid_mobile,input_batches/applications_dataset_2.csv
Charles Garcia,Charles_Garcia@schmidt.info,2013-05-13,36061,Charles,Garcia,20130513,8,false,under_18;invalid_mobile;invalid_email,input_batches/applications_dataset_2.csv
Laura Martin,Laura_Martin@smith.com,27-10-2014,8766500,Laura,Martin,20141027,7,false,under_18;invalid_mobile,input_batches/applications_dataset_2.csv
Joel Aguilar,Joel_Aguilar@vega-walker.biz,10/10/2006,2469755,Joel,Aguilar,20061010,15,false,under_18;invalid_mobile;invalid_email,input_batches/applications_dataset_2.csv
Gina Simmons,Gina_Simmons@kelly.com,02/16/1973,75471,Gina,Simmons,19730216,48,true,invalid_mobile,input_batches/applications_dataset_2.csv
William White,William_White@white.com,21-02-2013,77500087,William,White,20130221,8,false,under_18,input_batches/applications_dataset_2.csv
Matthew Odonnell,Matthew_Odonnell@baker.com,2010-09-26,5771767,Matthew,Odonnell,20100926,11,false,under_18;invalid_mobile,input_batches/applications_dataset_2.csv
Sara Barnett,Sara_Barnett@lucas.com,29-10-1957,855597,Sara,Barnett,19571029,64,true,invalid_mobile,input_batches/applications_dataset_2.csv
Stephanie Charles,Stephanie_Charles@ball.org,1960-11-05,9951565,Stephanie,Charles,19601105,61,true,invalid_mobile;invalid_email,input_batches/applications_dataset_2.csv
Steven Barrett,Steven_Barrett@brooks-martinez.com,01/22/1954,361935,Steven,Barrett,19540122,67,true,invalid_mobile,input_batches/applications_dataset_2.csv
Margaret Buckley,Margaret_Buckley@mueller-silva.info,01-12-2017,93794391,Margaret,Buckley,20171201,4,false,under_18;invalid_email,input_batches/applications_dataset_2.csv
Jesus Fisher,Jesus_Fisher@brown-cruz.com,06/22/1990,5416685,Jesus,Fisher,19900622,31,true,invalid_mobile,input_batches/applications_dataset_2.csv
Walter Wiggins,Walter_Wiggins@chen-morris.org,1979/05/22,12487311,Walter,Wiggins,19790522,42,true,invalid_email,input_batches/applications_dataset_2.csv
Travis Stone,Travis_Stone@reynolds-chapman.com,12/13/1963,536205,Travis,Stone,19631213,58,true,invalid_mobile,input_batches/applications_dataset_2.csv
Joshua Tapia,Joshua_Tapia@jackson.org,1988/10/20,57396,Joshua,Tapia,19881020,33,true,invalid_mobile;invalid_email,input_batches/applications_dataset_2.csv
Ashley Wright,Ashley_Wright@callahan-dixon.info,23-08-1981,27446295,Ashley,Wright,19810823,40,true,invalid_email,input_batches/applications_dataset_2.csv
Karen Smith,Karen_Smith@gonzalez.net,2015/01/07,84186,Karen,Smith,20150107,6,false,under_18;invalid_mobile,input_batches/applications_dataset_2.csv
Kathryn Oconnell,Kathryn_Oconnell@fuller.com,1979-04-27,7146301,Kathryn,Oconnell,19790427,42,true,invalid_mobile,input_batches/applications_dataset_2.csv
Sarah Wagner,Sarah_Wagner@escobar-watts.com,03-06-1980,73961,Sarah,Wagner,19800603,41,true,invalid_mobile,input_batches/applications_dataset_2.csv
Sheryl Baker,Sheryl_Baker@smith.info,09/13/1988,6899005,Sheryl,Baker,19880913,33,true,invalid_mobile;invalid_email,input_batches/applications_dataset_2.csv
Lisa Scott,Lisa_Scott@wheeler-medina.com,1984-07-11,56611,Lisa,Scott,19840711,37,true,invalid_mobile,input_batches/applications_dataset_2.csv
Tamara Mason,Tamara_Mason@graham-nixon.net,10/04/2010,9443 9255,Tamara,Mason,20101004,11,false,under_18,input_batches/applications_dataset_2.csv
Stephen Perez,Stephen_Perez@newton-diaz.com,09-09-1982,300441,Stephen,Perez,19820909,39,true,invalid_mobile,input_batches/applications_dataset_2.csv
Krystal Bell,Krystal_Bell@raymond-price.com,1960-02-01,60256,Krystal,Bell,19600201,61,true,invalid_mobile,input_batches/applications_dataset_2.csv
Maureen Davis,Maureen_Davis@stein.com,2008-04-20,31048375,Maureen,Davis,20080420,13,false,under_18,input_batches/applications_dataset_2.csv
Ashley Morris,Ashley_Morris@aguilar-wood.biz,1975-03-29,17176967,Ashley,Morris,19750329,46,true,invalid_email,input_batches/applications_dataset_2.csv
Felicia Hammond,Felicia_Hammond@holmes.com,1984-01-20,53331,Felicia,Hammond,19840120,37,true,invalid_mobile,input_batches/applications_dataset_2.csv
Ronald Harper,Ronald_Harper@nguyen.com,2016-11-29,82643711,Ronald,Harper,20161129,5,false,under_18,input_batches/applications_dataset_2.csv
Cody Marquez,Cody_Marquez@martinez.com,07/15/2010,924729,Cody,Marquez,20100715,11,false,under_18;invalid_mobile,input_batches/applications_dataset_2.csv
Kiara Bishop,Kiara_Bishop@griffin.biz,2006/03/23,28214223,Kiara,Bishop,20060323,15,false,under_18;invalid_email,input_batches/applications_dataset_2.csv
Jesse Moss,Jesse_Moss@kirby.com,30-07-1961,242949,Jesse,Moss,19610730,60,true,invalid_mobile,input_batches/applications_dataset_2.csv
Maria Mcdonald,Maria_Mcdonald@clark.com,1996-04-01,9027572,Maria,Mcdonald,19960401,25,true,invalid_mobile,input_batches/applications_dataset_2.csv
John Murphy,John_Murphy@hall.com,2004/09/08,445743,John,Murphy,20040908,17,false,under_18;invalid_mobile,input_batches/applications_dataset_2.csv
Patricia Turner,Patricia_Turner@long-garcia.org,1986-01-06,53161,Patricia,Turner,19860106,35,true,invalid_mobile;invalid_email,input_batches/applications_dataset_2.csv
Reginald Martinez,Reginald_Martinez@dean.info,2000/12/14,41921,Reginald,Martinez,20001214,21,true,invalid_mobile;invalid_email,input_batches/applications_dataset_2.csv
Stephanie Brewer,Stephanie_Brewer@roman.com,08/17/2001,18206,Stephanie,Brewer,20010817,20,true,invalid_mobile,input_batches/applications_dataset_2.csv
Kimberly Cooper,Kimberly_Cooper@wood-marshall.com,01/29/1994,904533,Kimberly,Cooper,19940129,27,true,invalid_mobile,input_batches/applications_dataset_2.csv
Vickie Stuart,Vickie_Stuart@stephens.biz,1972/07/16,368649,Vickie,Stuart,19720716,49,true,invalid_mobile;invalid_email,input_batches/applications_dataset_2.csv
Louis Williams,Louis_Williams@young.com,2006-11-05,54396,Louis,Williams,20061105,15,false,under_18;invalid_mobile,input_batches/applications_dataset_2.csv
Anthony Tapia,Anthony_Tapia@brown.info,1971/02/18,79096,Anthony,Tapia,19710218,50,true,invalid_mobile;invalid_email,input_batches/applications_dataset_2.csv
Devin Pugh,Devin_Pugh@west-shaffer.com,2005/04/13,9144416,Devin,Pugh,20050413,16,false,under_18;invalid_mobile,input_batches/applications_dataset_2.csv
Sara Brown,Sara_Brown@mcgee.com,21-04-1980,41956,Sara,Brown,19800421,41,true,invalid_mobile,input_batches/applications_dataset_2.csv
Tanya Gonzales,Tanya_Gonzales@page.com,2009-02-18,62351,Tanya,Gonzales,20090218,12,false,under_18;invalid_mobile,input_batches/applications_dataset_2.csv
Mrs. Nicole Thomas DDS,Nicole_Thomas@miller.com,11/04/2016,4798396,Nicole,Thomas,20161104,5,false,under_18;invalid_mobile,input_batches/applications_dataset_2.csv
William Ward,William_Ward@carney.com,1996-04-21,89426,William,Ward,19960421,25,true,invalid_mobile,input_batches/applications_dataset_2.csv
Ashley Cooper MD,Ashley_Cooper@parrish.org,2016-09-22,180855,Ashley,Cooper,20160922,5,false,under_18;invalid_mobile;invalid_email,input_batches/applications_dataset_2.csv
Aaron Williams,Aaron_Williams@anderson.com,23-08-2016,1507031,Aaron,Williams,20160823,5,false,under_18;invalid_mobile,input_batches/applications_dataset_2.csv
Heather Robinson,Heather_Robinson@anderson.com,2011-04-12,2632064,Heather,Robinson,20110412,10,false,under_18;invalid_mobile,input_batches/applications_dataset_2.csv
Rick Fritz,Rick_Fritz@rivera.com,1968/02/19,758841,Rick,Fritz,19680219,53,true,invalid_mobile,input_batches/applications_dataset_2.csv
Michael Hill,Michael_Hill@cunningham.com,1993-09-22,71016,Michael,Hill,19930922,28,true,invalid_mobile,input_batches/applications_dataset_2.csv
Ethan Garcia,Ethan_Garcia@martin-little.com,1951/05/22,42936,Ethan,Garcia,19510522,70,true,invalid_mobile,input_batches/applications_dataset_2.csv
Hector Yates,Hector_Yates@rodriguez.com,1987/10/17,24891,Hector,Yates,19871017,34,true,invalid_mobile,input_batches/applications_dataset_2.csv
Brandon Willis,Brandon_Willis@jensen-johnson.info,23-09-1997,89926,Brandon,Willis,19970923,24,true,invalid_mobile;invalid_email,input_batches/applications_dataset_2.csv
Holly Parker,Holly_Parker@kennedy.com,02/10/1956,49526,Holly,Parker,19560210,65,true,invalid_mobile,input_batches/applications_dataset_2.csv
Karen Herring,Karen_Herring@koch.org,1991-03-14,24621,Karen,Herring,19910314,30,true,invalid_mobile;invalid_email,input_batches/applications_dataset_2.csv
Michael Smith,Michael_Smith@tran.com,12/27/2014,423429,Michael,Smith,20141227,7,false,under_18;invalid_mobile,input_batches/applications_dataset_2.csv
Ruben Lee,Ruben_Lee@terrell-lopez.org,03/03/1967,128325,Ruben,Lee,19670303,54,true,invalid_mobile;invalid_email,input_batches/applications_dataset_2.csv
Jennifer Taylor,Jennifer_Taylor@jones.com,2007/10/17,61551,Jennifer,Taylor,20071017,14,false,under_18;invalid_mobile,input_batches/applications_dataset_2.csv
Veronica Obrien,Veronica_Obrien@oneill.biz,2000/11/28,46421095,Veronica,Obrien,20001128,21,true,invalid_email,input_batches/applications_dataset_2.csv
Crystal Bryant,Crystal_Bryant@little-huff.com,05/08/1992,85026,Crystal,Bryant,19920508,29,true,invalid_mobile,input_batches/applications_dataset_2.csv
Lori Guerrero,Lori_Guerrero@munoz-nguyen.com,2006-08-02,913761,Lori,Guerrero,20060802,15,false,under_18;invalid_mobile,input_batches/applications_dataset_2.csv
Adam Silva,Adam_Silva@miles-campbell.com,27-06-1961,68381,Adam,Silva,19610627,60,true,invalid_mobile,input_batches/applications_dataset_2.csv
Jose Mcbride,Jose_Mcbride@allen.com,05/18/2009,2471 8647,Jose,Mcbride,20090518,12,false,under_18,input_batches/applications_dataset_2.csv
Ernest Simon,Ernest_Simon@allen.org,08/20/1965,88136,Ernest,Simon,19650820,56,true,invalid_mobile;invalid_email,input_batches/applications_dataset_2.csv
Lisa Hopkins,Lisa_Hopkins@carter-fisher.info,1956/10/18,1506429,Lisa,Hopkins,19561018,65,true,invalid_mobile;invalid_email,input_batches/applications_dataset_2.csv
Cory Riley,Cory_Riley@davis-stephens.com,1981/06/23,626853,Cory,Riley,19810623,40,true,invalid_mobile,input_batches/applications_dataset_2.csv
Danny Davenport,Danny_Davenport@suarez.com,04/16/1995,445407,Danny,Davenport,19950416,26,true,invalid_mobile,input_batches/applications_dataset_2.csv
Zachary Day DDS,Zachary_Day@mora.com,25-03-2013,19063807,Zachary,Day,20130325,8,false,under_18,input_batches/applications_dataset_2.csv
Amanda Bernard,Amanda_Bernard@gilmore.info,1986/02/11,52780943,Amanda,Bernard,19860211,35,true,invalid_email,input_batches/applications_dataset_2.csv
Michelle Lopez PhD,Michelle_Lopez@ortega-miller.com,2016/09/24,63712439,Michelle,Lopez,20160924,5,false,under_18,input_batches/applications_dataset_2.csv
Molly Hodges,Molly_Hodges@mata-walker.biz,1952/04/29,642735,Molly,Hodges,19520429,69,true,invalid_mobile;invalid_email,input_batches/applications_dataset_2.csv
Tara Dudley,Tara_Dudley@kennedy-anderson.com,1982/01/06,706833,Tara,Dudley,19820106,39,true,invalid_mobile,input_batches/applications_dataset_2.csv
Keith Walsh,Keith_Walsh@henderson.com,1965-05-23,332439,Keith,Walsh,19650523,56,true,invalid_mobile,input_batches/applications_dataset_2.csv
Matthew Barrett,Matthew_Barrett@perry.org,1985/08/27,6202428,Matthew,Barrett,19850827,36,true,invalid_mobile;invalid_email,input_batches/applications_dataset_2.csv
Leslie Pierce,Leslie_Pierce@hernandez.com,1987/06/05,6434058,Leslie,Pierce,19870605,34,true,invalid_mobile,input_batches/applications_dataset_2.csv
Jonathon Marsh,Jonathon_Marsh@montoya.org,04/02/1968,59956,Jonathon,Marsh,19680402,53,true,invalid_mobile;invalid_email,input_batches/applications_dataset_2.csv
Kristin Dillon,Kristin_Dillon@bradshaw.net,07-09-1965,5533690,Kristin,Dillon,19650907,56,true,invalid_mobile,input_batches/applications_dataset_2.csv
Sean Morales,Sean_Morales@molina.com,2003/09/20,50605207,Sean,Morales,20030920,18,false,under_18,input_batches/applications_dataset_2.csv
Stephanie Pierce,Stephanie_Pierce@moore-white.info,1963/04/26,26036,Stephanie,Pierce,19630426,58,true,invalid_mobile;invalid_email,input_batches/applications_dataset_2.csv
Amanda Parker,Amanda_Parker@brown.com,1975-03-10,30561,Amanda,Parker,19750310,46,true,invalid_mobile,input_batches/applications_dataset_2.csv
Patrick Johnson,Patrick_Johnson@payne.biz,08/28/1977,2428700,Patrick,Johnson,19770828,44,true,invalid_mobile;invalid_email,input_batches/applications_dataset_2.csv
Jeffrey Lowery,Jeffrey_Lowery@smith.net,1990-05-16,969189,Jeffrey,Lowery,19900516,31,true,invalid_mobile,input_batches/applications_dataset_2.csv
Bethany Morales,Bethany_Morales@davis-sharp.org,2017/07/26,97581,Bethany,Morales,20170726,4,false,under_18;invalid_mobile;invalid_email,input_batches/applications_dataset_2.csv
Kevin Campos,Kevin_Campos@sandoval.com,1978/07/24,9641115,Kevin,Campos,19780724,43,true,invalid_mobile,input_batches/applications_dataset_2.csv
Katie Parks,Katie_Parks@rios.com,04/22/1975,9060388,Katie,Parks,19750422,46,true,invalid_mobile,input_batches/applications_dataset_2.csv
Robert Johnson,Robert_Johnson@mathis.org,1957/11/14,59478743,Robert,Johnson,19571114,64,true,invalid_email,input_batches/applications_dataset_2.csv
Lucas Graham,Lucas_Graham@jones.com,1986/01/21,86576,Lucas,Graham,19860121,35,true,invalid_mobile,input_batches/applications_dataset_2.csv
Evan Anderson,Evan_Anderson@thomas-krause.com,2002-10-19,36526,Evan,Anderson,20021019,19,true,invalid_mobile,input_batches/applications_dataset_2.csv
Donna Pineda,Donna_Pineda@knight-abbott.org,1985/02/14,50481,Donna,Pineda,19850214,36,true,invalid_mobile;invalid_email,input_batches/applications_dataset_2.csv
Connie Berger,Connie_Berger@edwards-nelson.biz,1959/06/07,655509,Connie,Berger,19590607,62,true,invalid_mobile;invalid_email,input_batches/applications_dataset_2.csv
Todd Jordan,Todd_Jordan@henry-moss.org,1972-12-29,8817726,Todd,Jordan,19721229,49,true,invalid_mobile;invalid_email,input_batches/applications_dataset_2.csv
Arthur Hogan,Arthur_Hogan@brown.biz,1982-03-15,80309015,Arthur,Hogan,19820315,39,true,invalid_email,input_batches/applications_dataset_2.csv
Allison Baxter,Allison_Baxter@leonard-pena.net,1951/07/13,969573,Allison,Baxter,19510713,70,true,invalid_mobile,input_batches/applications_dataset_2.csv
Connie Rogers,Connie_Rogers@fisher-murphy.com,1967-10-26,1782152,Connie,Rogers,19671026,54,true,invalid_mobile,input_batches/applications_dataset_2.csv
Erin Berger,Erin_Berger@morton.com,02-03-2008,778611,Erin,Berger,20080302,13,false,under_18;invalid_mobile,input_batches/applications_dataset_2.csv
Christina Schneider,Christina_Schneider@patterson-erickson.com,30-04-1993,551649,Christina,Schneider,19930430,28,true,invalid_mobile,input_batches/applications_dataset_2.csv
Michael Bailey,Michael_Bailey@bowers-perez.net,1953/08/14,1129934,Michael,Bailey,19530814,68,true,invalid_mobile,input_batches/applications_dataset_2.csv
Nancy Wood,Nancy_Wood@hendricks-rivers.com,30-01-1953,70476,Nancy,Wood,19530130,68,true,invalid_mobile,input_batches/applications_dataset_2.csv
Ruben Wise,Ruben_Wise@lee.info,1977-01-31,53096,Ruben,Wise,19770131,44,true,invalid_mobile;invalid_email,input_batches/applications_dataset_2.csv
Robert Thomas,Robert_Thomas@williams-williams.com,1965/01/02,626001,Robert,Thomas,19650102,56,true,invalid_mobile,input_batches/applications_dataset_2.csv
Heidi Elliott,Heidi_Elliott@drake-gutierrez.net,2006-05-23,19354303,Heidi,Elliott,20060523,15,false,under_18,input_batches/applications_dataset_2.csv
Colleen Barnes,Colleen_Barnes@brooks.com,05/21/1952,770223,Colleen,Barnes,19520521,69,true,invalid_mobile,input_batches/applications_dataset_2.csv
Evan Stephens,Evan_Stephens@scott-mosley.com,14-01-2007,61356,Evan,Stephens,20070114,14,false,under_18;invalid_mobile,input_batches/applications_dataset_2.csv
Yvonne Terrell,Yvonne_Terrell@washington.com,1963/03/11,9856442,Yvonne,Terrell,19630311,58,true,invalid_mobile,input_batches/applications_dataset_2.csv
David Cooper,David_Cooper@martin.net,1979/08/26,464661,David,Cooper,19790826,42,true,invalid_mobile,input_batches/applications_dataset_2.csv
Philip Hudson,Philip_Hudson@taylor.com,1982-07-13,322299,Philip,Hudson,19820713,39,true,invalid_mobile,input_batches/applications_dataset_2.csv
Ryan Miller,Ryan_Miller@brown.net,03/11/1981,9908018,Ryan,Miller,19810311,40,true,invalid_mobile,input_batches/applications_dataset_2.csv
Sierra Mcdaniel,Sierra_Mcdaniel@mata.com,13-07-2003,77274903,Sierra,Mcdaniel,20030713,18,false,under_18,input_batches/applications_dataset_2.csv
Michelle Benson,Michelle_Benson@kennedy.com,1990-05-23,546069,Michelle,Benson,19900523,31,true,invalid_mobile,input_batches/applications_dataset_2.csv
Anthony Spencer,Anthony_Spencer@allen-coleman.org,2004/07/26,68760767,Anthony,Spencer,20040726,17,false,under_18;invalid_email,input_batches/applications_dataset_2.csv
Brandon Harrison,Brandon_Harrison@hill.com,19-10-1996,3354947,Brandon,Harrison,19961019,25,true,invalid_mobile,input_batches/applications_dataset_2.csv
Kayla Mendoza,Kayla_Mendoza@graham-salazar.net,09/26/1999,53541,Kayla,Mendoza,19990926,22,true,invalid_mobile,input_batches/applications_dataset_2.csv
Robert Austin,Robert_Austin@gomez.com,07/01/2008,36266,Robert,Austin,20080701,13,false,under_18;invalid_mobile,input_batches/applications_dataset_2.csv
Lisa Tucker,Lisa_Tucker@flynn.org,17-11-1977,791799,Lisa,Tucker,19771117,44,true,invalid_mobile;invalid_email,input_batches/applications_dataset_2.csv
Joseph Mcintyre,Joseph_Mcintyre@becker.org,09-11-1973,880269,Joseph,Mcintyre,19731109,48,true,invalid_mobile;invalid_email,input_batches/applications_dataset_2.csv
Cynthia Crawford,Cynthia_Crawford@turner.com,1964/06/02,13121,Cynthia,Crawford,19640602,57,true,invalid_mobile,input_batches/applications_dataset_2.csv
Debra Reeves,Debra_Reeves@mccall-gonzalez.com,15-06-1974,882759,Debra,Reeves,19740615,47,true,invalid_mobile,input_batches/applications_dataset_2.csv
Richard Terry,Richard_Terry@berry.com,25-08-1955,22206,Richard,Terry,19550825,66,true,invalid_mobile,input_batches/applications_dataset_2.csv
Laura Adams,Laura_Adams@lucas.info,1984-09-17,5502918,Laura,Adams,19840917,37,true,invalid_mobile;invalid_email,input_batches/applications_dataset_2.csv
Jeffery Coleman,Jeffery_Coleman@andrews.net,12/08/1962,1617911,Jeffery,Coleman,19621208,59,true,invalid_mobile,input_batches/applications_dataset_2.csv
James Wright,James_Wright@shelton.com,2006/05/03,25651,James,Wright,20060503,15,false,under_18;invalid_mobile,input_batches/applications_dataset_2.csv
Michael Baird,Michael_Baird@smith-young.com,1959/03/18,651537,Michael,Baird,19590318,62,true,invalid_mobile,input_batches/applications_dataset_2.csv
Andrea Campbell,Andrea_Campbell@solis.com,1962-06-17,1221060,Andrea,Campbell,19620617,59,true,invalid_mobile,input_batches/applications_dataset_2.csv
Melissa Donaldson,Melissa_Donaldson@mccormick.com,03-09-1963,3177427,Melissa,Donaldson,19630903,58,true,invalid_mobile,input_batches/applications_dataset_2.csv
Debra Brown,Debra_Brown@warner-pennington.com,07/01/2016,8367 7195,Debra,Brown,20160701,5,false,under_18,input_batches/applications_dataset_2.csv
Jesse Flores,Jesse_Flores@hickman.com,03-06-1977,776475,Jesse,Flores,19770603,44,true,invalid_mobile,input_batches/applications_dataset_2.csv
Keith White,Keith_White@roberts.com,10-03-1984,2542485,Keith,White,19840310,37,true,invalid_mobile,input_batches/applications_dataset_2.csv
Nicole Watson,Nicole_Watson@simmons.info,07/12/1966,2259 9395,Nicole,Watson,19660712,55,true,invalid_email,input_batches/applications_dataset_2.csv
Mr. Danny Bennett PhD,Danny_Bennett@moore.com,2010/10/27,40173007,Danny,Bennett,20101027,11,false,under_18,input_batches/applications_dataset_2.csv
Isabel Young,Isabel_Young@villegas-anderson.com,1980/07/23,245535,Isabel,Young,19800723,41,true,invalid_mobile,input_batches/applications_dataset_2.csv
Rebecca Guzman,Rebecca_Guzman@ray-smith.com,1971-11-14,618423,Rebecca,Guzman,19711114,50,true,invalid_mobile,input_batches/applications_dataset_2.csv
Jason Robinson,Jason_Robinson@thomas.net,03/18/1977,9942031,Jason,Robinson,19770318,44,true,invalid_mobile,input_batches/applications_dataset_2.csv
Jason Carpenter,Jason_Carpenter@barrera.biz,1971/03/04,237465,Jason,Carpenter,19710304,50,true,invalid_mobile;invalid_email,input_batches/applications_dataset_2.csv
Teresa Warren,Teresa_Warren@singleton-hensley.info,02/19/1980,4595683,Teresa,Warren,19800219,41,true,invalid_mobile;invalid_email,input_batches/applications_dataset_2.csv
Tammy Berg,Tammy_Berg@wilson.org,1988/02/02,129261,Tammy,Berg,19880202,33,true,invalid_mobile;invalid_email,input_batches/applications_dataset_2.csv
Allison Sloan,Allison_Sloan@cruz.net,1961/10/06,38801,Allison,Sloan,19611006,60,true,invalid_mobile,input_batches/applications_dataset_2.csv
Hannah Jones,Hannah_Jones@warren.net,09-09-2010,77361,Hannah,Jones,20100909,11,false,under_18;invalid_mobile,input_batches/applications_dataset_2.csv
Gina Perez,Gina_Perez@cox-smith.org,18-05-1974,54546,Gina,Perez,19740518,47,true,invalid_mobile;invalid_email,input_batches/applications_dataset_2.csv
Jennifer Wilson,Jennifer_Wilson@clayton-lewis.net,1980/09/29,8476000,Jennifer,Wilson,19800929,41,true,invalid_mobile,input_batches/applications_dataset_2.csv
Donald Brown,Donald_Brown@burke.com,01/05/1997,5310390,Donald,Brown,19970105,24,true,invalid_mobile,input_batches/applications_dataset_2.csv
Brianna Thomas,Brianna_Thomas@miller.com,1972/10/20,615591,Brianna,Thomas,19721020,49,true,invalid_mobile,input_batches/applications_dataset_2.csv
Jeffery Hicks,Jeffery_Hicks@potts.com,04/16/1980,25241,Jeffery,Hicks,19800416,41,true,invalid_mobile,input_batches/applications_dataset_2.csv
Kristi Barrera,Kristi_Barrera@benson.com,1995-11-15,70986,Kristi,Barrera,19951115,26,true,invalid_mobile,input_batches/applications_dataset_2.csv
Ashley Hall,Ashley_Hall@ortiz.com,1963-03-09,5050158,Ashley,Hall,19630309,58,true,invalid_mobile,input_batches/applications_dataset_2.csv
William Ross,William_Ross@tate-brown.org,12/29/1994,9303939,William,Ross,19941229,27,true,invalid_mobile;invalid_email,input_batches/applications_dataset_2.csv
Sharon Rogers,Sharon_Rogers@rasmussen.com,2012-02-04,23589303,Sharon,Rogers,20120204,9,false,under_18,input_batches/applications_dataset_2.csv
Samantha Reyes,Samantha_Reyes@daniel.info,2013/06/14,2561833,Samantha,Reyes,20130614,8,false,under_18;invalid_mobile;invalid_email,input_batches/applications_dataset_2.csv
Jesse Brown,Jesse_Brown@townsend-wilcox.net,1986/03/19,3859381,Jesse,Brown,19860319,35,true,invalid_mobile,input_batches/applications_dataset_2.csv
Sharon Carroll,Sharon_Carroll@bell.net,2010-06-01,3078629,Sharon,Carroll,20100601,11,false,under_18;invalid_mobile,input_batches/applications_dataset_2.csv
Julia Mueller,Julia_Mueller@norris.com,1954-09-21,22641,Julia,Mueller,19540921,67,true,invalid_mobile,input_batches/applications_dataset_2.csv
Amanda Adams,Amanda_Adams@ponce.info,2018-07-30,9034467,Amanda,Adams,20180730,3,false,under_18;invalid_mobile;invalid_email,input_batches/applications_dataset_2.csv
Luis Beck,Luis_Beck@hall-gardner.info,1989/01/01,203877,Luis,Beck,19890101,33,true,invalid_mobile;invalid_email,input_batches/applications_dataset_2.csv
Gary Ryan,Gary_Ryan@wright-yu.org,10-10-1996,78108759,Gary,Ryan,19961010,25,true,invalid_email,input_batches/applications_dataset_2.csv
Dustin Cohen,Dustin_Cohen@spears.com,2009-11-02,78581,Dustin,Cohen,20091102,12,false,under_18;invalid_mobile,input_batches/applications_dataset_2.csv
John Wright,John_Wright@peterson.com,1952/07/15,8902167,John,Wright,19520715,69,true,invalid_mobile,input_batches/applications_dataset_2.csv
Andrew Hansen,Andrew_Hansen@williams-stanton.org,09-07-1957,58111,Andrew,Hansen,19570709,64,true,invalid_mobile;invalid_email,input_batches/applications_dataset_2.csv
Teresa Kane,Teresa_Kane@pacheco.com,2000-06-24,52481,Teresa,Kane,20000624,21,true,invalid_mobile,input_batches/applications_dataset_2.csv
Steve Chavez,Steve_Chavez@golden.org,1970/07/11,48246,Steve,Chavez,19700711,51,true,invalid_mobile;invalid_email,input_batches/applications_dataset_2.csv
Kevin Carter,Kevin_Carter@snyder-patel.com,1983/08/31,60941,Kevin,Carter,19830831,38,true,invalid_mobile,input_batches/applications_dataset_2.csv
Alec Davis,Alec_Davis@dalton.net,09-06-2016,8348698,Alec,Davis,20160609,5,false,under_18;invalid_mobile,input_batches/applications_dataset_2.csv
David Mitchell,David_Mitchell@collier.com,1969/05/15,6315058,David,Mitchell,19690515,52,true,invalid_mobile,input_batches/applications_dataset_2.csv
Janet Ramsey,Janet_Ramsey@watkins-johnson.com,01/04/1964,319575,Janet,Ramsey,19640104,57,true,invalid_mobile,input_batches/applications_dataset_2.csv
Joe Clark,Joe_Clark@shaw-flores.com,07/21/1957,91016,Joe,Clark,19570721,64,true,invalid_mobile,input_batches/applications_dataset_2.csv
Jared Stephens,Jared_Stephens@richards.net,2005/04/10,46096,Jared,Stephens,20050410,16,false,under_18;invalid_mobile,input_batches/applications_dataset_2.csv
Ernest Fisher,Ernest_Fisher@huber-jones.info,1984-11-25,69906,Ernest,Fisher,19841125,37,true,invalid_mobile;invalid_email,input_batches/applications_dataset_2.csv
Heather Anderson,Heather_Anderson@phillips.com,1981/10/17,14946,Heather,Anderson,19811017,40,true,invalid_mobile,input_batches/applications_dataset_2.csv
Robert White,Robert_White@yang.com,09/06/1966,80151,Robert,White,19660906,55,true,invalid_mobile,input_batches/applications_dataset_2.csv
Brenda Gonzales,Brenda_Gonzales@silva.info,01-01-1973,4777781,Brenda,Gonzales,19730101,49,true,invalid_mobile;invalid_email,input_batches/applications_dataset_2.csv
Julia Price,Julia_Price@mcclure-welch.biz,1990/10/04,77046,Julia,Price,19901004,31,true,invalid_mobile;invalid_email,input_batches/applications_dataset_2.csv
Bethany Keller,Bethany_Keller@butler.com,09-10-2004,8119637,Bethany,Keller,20041009,17,false,under_18;invalid_mobile,input_batches/applications_dataset_2.csv
Andrew Hughes,Andrew_Hughes@brown.org,27-06-1994,636603,Andrew,Hughes,19940627,27,true,invalid_mobile;invalid_email,input_batches/applications_dataset_2.csv
Jessica Lloyd,Jessica_Lloyd@johnston-holland.com,2005-03-10,53471,Jessica,Lloyd,20050310,16,false,under_18;invalid_mobile,input_batches/applications_dataset_2.csv
Tiffany Mathews,Tiffany_Mathews@beard.com,11/13/1993,304497,Tiffany,Mathews,19931113,28,true,invalid_mobile,input_batches/applications_dataset_2.csv
Brenda Orr,Brenda_Orr@dominguez.com,2015-05-20,58431,Brenda,Orr,20150520,6,false,under_18;invalid_mobile,input_batches/applications_dataset_2.csv
Raymond Bryant,Raymond_Bryant@garrett.com,08-02-1987,720489,Raymond,Bryant,19870208,34,true,invalid_mobile,input_batches/applications_dataset_2.csv
Cynthia Hill,Cynthia_Hill@stark.org,12/09/1995,77741,Cynthia,Hill,19951209,26,true,invalid_mobile;invalid_email,input_batches/applications_dataset_2.csv
Brenda Martin,Brenda_Martin@howard.biz,03/02/1959,3995146,Brenda,Martin,19590302,62,true,invalid_mobile;invalid_email,input_batches/applications_dataset_2.csv
Morgan Martin,Morgan_Martin@hicks.info,27-02-1951,363111,Morgan,Martin,19510227,70,true,invalid_mobile;invalid_email,input_batches/applications_dataset_2.csv
Kelly Jones,Kelly_Jones@russell.com,1965-09-15,70456,Kelly,Jones,19650915,56,true,invalid_mobile,input_batches/applications_dataset_2.csv
Garrett Cortez,Garrett_Cortez@powell-meyer.biz,2005/02/04,46771,Garrett,Cortez,20050204,16,false,under_18;invalid_mobile;invalid_email,input_batches/applications_dataset_2.csv
Sean Munoz,Sean_Munoz@bell.com,1952-12-01,4136329,Sean,Munoz,19521201,69,true,invalid_mobile,input_batches/applications_dataset_2.csv
Jennifer Kennedy,Jennifer_Kennedy@thompson-pollard.com,01/02/1963,6928181,Jennifer,Kennedy,19630102,58,true,invalid_mobile,input_batches/applications_dataset_2.csv
Ryan Rogers,Ryan_Rogers@walker-green.com,2004/04/22,1594209,Ryan,Rogers,20040422,17,false,under_18;invalid_mobile,input_batches/applications_dataset_2.csv
Mary Moore,Mary_Moore@knight.info,07/20/1967,5107 3987,Mary,Moore,19670720,54,true,invalid_email,input_batches/applications_dataset_2.csv
Kimberly Gomez,Kimberly_Gomez@robinson-becker.com,2014-03-04,35756,Kimberly,Gomez,20140304,7,false,under_18;invalid_mobile,input_batches/applications_dataset_2.csv
Gregory Russell,Gregory_Russell@johnson.com,10/30/1968,9921787,Gregory,Russell,19681030,53,true,invalid_mobile,input_batches/applications_dataset_2.csv
Jenna Conway,Jenna_Conway@powers.com,06/08/2018,935067,Jenna,Conway,20180608,3,false,under_18;invalid_mobile,input_batches/applications_dataset_2.csv
Paula Taylor,Paula_Taylor@roberts.org,05/25/2003,84436,Paula,Taylor,20030525,18,false,under_18;invalid_mobile;invalid_email,input_batches/applications_dataset_2.csv
Sherry Davis,Sherry_Davis@dixon-jones.com,1966/05/27,928305,Sherry,Davis,19660527,55,true,invalid_mobile,input_batches/applications_dataset_2.csv
Angela Pope,Angela_Pope@ayala.net,03/06/1999,902553,Angela,Pope,19990306,22,true,invalid_mobile,input_batches/applications_dataset_2.csv
Alicia Petersen,Alicia_Petersen@hart.com,2002-05-05,2301762,Alicia,Petersen,20020505,19,true,invalid_mobile,input_batches/applications_dataset_2.csv
Jerry Castillo,Jerry_Castillo@graham.com,1960/12/02,3806531,Jerry,Castillo,19601202,61,true,invalid_mobile,input_batches/applications_dataset_2.csv
Mary Hernandez DDS,Mary_Hernandez@shaw.com,1975/05/26,736977,Mary,Hernandez,19750526,46,true,invalid_mobile,input_batches/applications_dataset_2.csv
Jessica Morton,Jessica_Morton@massey-hall.com,1972-07-16,842511,Jessica,Morton,19720716,49,true,invalid_mobile,input_batches/applications_dataset_2.csv
Jennifer Daniels,Jennifer_Daniels@cobb.info,1986/07/13,9581111,Jennifer,Daniels,19860713,35,true,invalid_mobile;invalid_email,input_batches/applications_dataset_2.csv
Troy Taylor,Troy_Taylor@evans.com,1994/01/05,87921,Troy,Taylor,19940105,27,true,invalid_mobile,input_batches/applications_dataset_2.csv
Travis Dixon,Travis_Dixon@lynn.com,07-03-1991,63841,Travis,Dixon,19910307,30,true,invalid_mobile,input_batches/applications_dataset_2.csv
Ana Garcia,Ana_Garcia@fisher-barnes.info,2015/05/29,394749,Ana,Garcia,20150529,6,false,under_18;invalid_mobile;invalid_email,input_batches/applications_dataset_2.csv
Robin Johns,Robin_Johns@wright.com,05/16/2016,7412539,Robin,Johns,20160516,5,false,under_18;invalid_mobile,input_batches/applications_dataset_2.csv
Jacqueline Campbell,Jacqueline_Campbell@anderson.biz,18-10-1998,89806,Jacqueline,Campbell,19981018,23,true,invalid_mobile;invalid_email,input_batches/applications_dataset_2.csv
Sonya Oconnor,Sonya_Oconnor@swanson.biz,02/04/1954,275283,Sonya,Oconnor,19540204,67,true,invalid_mobile;invalid_email,input_batches/applications_dataset_2.csv
Timothy Simmons,Timothy_Simmons@ramirez.com,1982-12-16,8586068,Timothy,Simmons,19821216,39,true,invalid_mobile,input_batches/applications_dataset_2.csv
Nicholas Davenport,Nicholas_Davenport@collier.org,2012-02-17,7029562,Nicholas,Davenport,20120217,9,false,under_18;invalid_mobile;invalid_email,input_batches/applications_dataset_2.csv
Ashley Norris,Ashley_Norris@ramos.com,2004/05/30,300135,Ashley,Norris,20040530,17,false,under_18;invalid_mobile,input_batches/applications_dataset_2.csv
Stephanie Ferguson,Stephanie_Ferguson@gonzalez-rogers.net,04-10-2001,363303,Stephanie,Ferguson,20011004,20,true,invalid_mobile,input_batches/applications_dataset_2.csv
Stephen Gibson,Stephen_Gibson@cantrell.com,2000/01/17,199677,Stephen,Gibson,20000117,21,true,invalid_mobile,input_batches/applications_dataset_2.csv
Pamela Flores,Pamela_Flores@smith.org,07/16/1953,98051,Pamela,Flores,19530716,68,true,invalid_mobile;invalid_email,input_batches/applications_dataset_2.csv
Alexandra Marshall,Alexandra_Marshall@martinez-rogers.com,08-07-1969,2044883,Alexandra,Marshall,19690708,52,true,invalid_mobile,input_batches/applications_dataset_2.csv
Cynthia Burns,Cynthia_Burns@riley-gardner.com,08/13/1988,7757156,Cynthia,Burns,19880813,33,true,invalid_mobile,input_batches/applications_dataset_2.csv
Vincent Robles,Vincent_Robles@lopez.com,29-12-1985,172791,Vincent,Robles,19851229,36,true,invalid_mobile,input_batches/applications_dataset_2.csv
Richard Randall,Richard_Randall@avery.biz,1951/05/18,1467600,Richard,Randall,19510518,70,true,invalid_mobile;invalid_email,input_batches/applications_dataset_2.csv
Lisa Christian,Lisa_Christian@chang-hernandez.com,1976-03-25,870465,Lisa,Christian,19760325,45,true,invalid_mobile,input_batches/applications_dataset_2.csv
Robert Butler,Robert_Butler@weiss-scott.biz,05/21/2000,6623 4759,Robert,Butler,20000521,21,true,invalid_email,input_batches/applications_dataset_2.csv
Melinda Wang,Melinda_Wang@west.biz,1977-09-06,53607903,Melinda,Wang,19770906,44,true,invalid_email,input_batches/applications_dataset_2.csv
Lori Wilson,Lori_Wilson@kelly.com,16-02-2016,207231,Lori,Wilson,20160216,5,false,under_18;invalid_mobile,input_batches/applications_dataset_2.csv
Jacob Marks,Jacob_Marks@willis.org,24-09-1972,40766,Jacob,Marks,19720924,49,true,invalid_mobile;invalid_email,input_batches/applications_dataset_2.csv
Michael Smith,Michael_Smith@stephens.info,1977/01/03,623181,Michael,Smith,19770103,44,true,invalid_mobile;invalid_email,input_batches/applications_dataset_2.csv
Thomas Mata,Thomas_Mata@brewer.com,2005-06-30,28761,Thomas,Mata,20050630,16,false,under_18;invalid_mobile,input_batches/applications_dataset_2.csv
Laura Ramos,Laura_Ramos@johnson.net,1964/06/09,858435,Laura,Ramos,19640609,57,true,invalid_mobile,input_batches/applications_dataset_2.csv
Sean White,Sean_White@peterson.com,04/18/1995,388377,Sean,White,19950418,26,true,invalid_mobile,input_batches/applications_dataset_2.csv
Nathaniel Martin,Nathaniel_Martin@harrison-williamson.com,1990-11-02,204279,Nathaniel,Martin,19901102,31,true,invalid_mobile,input_batches/applications_dataset_2.csv
Richard Jones,Richard_Jones@jones.com,03/07/2000,58736,Richard,Jones,20000307,21,true,invalid_mobile,input_batches/applications_dataset_2.csv
Joshua Beard,Joshua_Beard@smith.com,1979-12-15,8535822,Joshua,Beard,19791215,42,true,invalid_mobile,input_batches/applications_dataset_2.csv
Isabel Schmidt,Isabel_Schmidt@santana.biz,1978-08-20,3811900,Isabel,Schmidt,19780820,43,true,invalid_mobile;invalid_email,input_batches/applications_dataset_2.csv
Cynthia Cannon,Cynthia_Cannon@crawford.org,2017/02/09,5139835,Cynthia,Cannon,20170209,4,false,under_18;invalid_mobile;invalid_email,input_batches/applications_dataset_2.csv
Ryan Miller,Ryan_Miller@farley.biz,23-03-2000,96881,Ryan,Miller,20000323,21,true,invalid_mobile;invalid_email,input_batches/applications_dataset_2.csv
Thomas Lyons,Thomas_Lyons@carter-jackson.biz,28-02-2017,83116,Thomas,Lyons,20170228,4,false,under_18;invalid_mobile;invalid_email,input_batches/applications_dataset_2.csv
Michael Silva,Michael_Silva@stevenson.biz,22-09-2007,774411,Michael,Silva,20070922,14,false,under_18;invalid_mobile;invalid_email,input_batches/applications_dataset_2.csv
Donna Hill,Donna_Hill@beard-mcdonald.org,04/16/1955,2546398,Donna,Hill,19550416,66,true,invalid_mobile;invalid_email,input_batches/applications_dataset_2.csv
Marcus Fisher,Marcus_Fisher@sanders.org,2012-06-22,79101911,Marcus,Fisher,20120622,9,false,under_18;invalid_email,input_batches/applications_dataset_2.csv
Dale Williams,Dale_Williams@wright.com,2009/03/13,95221,Dale,Williams,20090313,12,false,under_18;invalid_mobile,input_batches/applications_dataset_2.csv
Adam Smith,Adam_Smith@reed-smith.org,05/29/1984,2775 6583,Adam,Smith,19840529,37,true,invalid_email,input_batches/applications_dataset_2.csv
Jason Fritz,Jason_Fritz@wright-calderon.info,08-12-1988,3216207,Jason,Fritz,19881208,33,true,invalid_mobile;invalid_email,input_batches/applications_dataset_2.csv
Ann Williams,Ann_Williams@garrett-gardner.com,12-05-1966,38531,Ann,Williams,19660512,55,true,invalid_mobile,input_batches/applications_dataset_2.csv
Roberta Hebert,Roberta_Hebert@lewis-avila.com,28-05-1995,41946,Roberta,Hebert,19950528,26,true,invalid_mobile,input_batches/applications_dataset_2.csv
Mallory Bennett,Mallory_Bennett@long-davis.biz,2010-11-17,93423735,Mallory,Bennett,20101117,11,false,under_18;invalid_email,input_batches/applications_dataset_2.csv
Jamie Bowman MD,Jamie_Bowman@williams-mercer.com,12-07-1984,2083936,Jamie,Bowman,19840712,37,true,invalid_mobile,input_batches/applications_dataset_2.csv
Robert Rodriguez,Robert_Rodriguez@bishop-thomas.biz,1982-09-16,958059,Robert,Rodriguez,19820916,39,true,invalid_mobile;invalid_email,input_batches/applications_dataset_2.csv
Brenda Martinez,Brenda_Martinez@williams.com,1990-01-27,93706,Brenda,Martinez,19900127,31,true,invalid_mobile,input_batches/applications_dataset_2.csv
Jonathan Lowery,Jonathan_Lowery@hernandez.com,05/16/2011,918267,Jonathan,Lowery,20110516,10,false,under_18;invalid_mobile,input_batches/applications_dataset_2.csv
Joshua Gordon,Joshua_Gordon@chambers.biz,1965/10/02,2250564,Joshua,Gordon,19651002,56,true,invalid_mobile;invalid_email,input_batches/applications_dataset_2.csv
Christopher Lee,Christopher_Lee@contreras.org,2002-05-11,3433032,Christopher,Lee,20020511,19,true,invalid_mobile;invalid_email,input_batches/applications_dataset_2.csv
Carlos Powell,Carlos_Powell@brown-martinez.biz,2017-09-03,37956,Carlos,Powell,20170903,4,false,under_18;invalid_mobile;invalid_email,input_batches/applications_dataset_2.csv
Michael White,Michael_White@haynes-garza.net,03/18/1991,54361,Michael,White,19910318,30,true,invalid_mobile,input_batches/applications_dataset_2.csv
Melissa Patel,Melissa_Patel@marsh-oneal.org,1982/09/02,860307,Melissa,Patel,19820902,39,true,invalid_mobile;invalid_email,input_batches/applications_dataset_2.csv
Ryan Jimenez,Ryan_Jimenez@lyons.com,05/28/1978,939567,Ryan,Jimenez,19780528,43,true,invalid_mobile,input_batches/applications_dataset_2.csv
Jacob Jones,Jacob_Jones@castillo.net,1996-02-24,8943159,Jacob,Jones,19960224,25,true,invalid_mobile,input_batches/applications_dataset_2.csv
Michele Walters,Michele_Walters@chase.org,08/24/2007,1256480,Michele,Walters,20070824,14,false,under_18;invalid_mobile;invalid_email,input_batches/applications_dataset_2.csv
Lonnie Mccarty,Lonnie_Mccarty@marshall.org,07-02-1964,6079515,Lonnie,Mccarty,19640207,57,true,invalid_mobile;invalid_email,input_batches/applications_dataset_2.csv
Michelle Guerrero,Michelle_Guerrero@perry.com,07/22/1994,4095813,Michelle,Guerrero,19940722,27,true,invalid_mobile,input_batches/applications_dataset_2.csv
Sarah Baker,Sarah_Baker@cook.com,20-06-1958,2973629,Sarah,Baker,19580620,63,true,invalid_mobile,input_batches/applications_dataset_2.csv
Michelle Becker PhD,Michelle_Becker@snyder.com,1968-08-10,5440163,Michelle,Becker,19680810,53,true,invalid_mobile,input_batches/applications_dataset_2.csv
Jonathan Matthews,Jonathan_Matthews@carter.info,2009/06/02,2588776,Jonathan,Matthews,20090602,12,false,under_18;invalid_mobile;invalid_email,input_batches/applications_dataset_2.csv
Tammy Thompson,Tammy_Thompson@jimenez.org,29-05-2002,13111159,Tammy,Thompson,20020529,19,true,invalid_email,input_batches/applications_dataset_2.csv
Jade Anderson,Jade_Anderson@johnston.com,1994/08/09,7830215,Jade,Anderson,19940809,27,true,invalid_mobile,input_batches/applications_dataset_2.csv
Deborah Johnson,Deborah_Johnson@allen-wise.info,1957-04-29,9390914,Deborah,Johnson,19570429,64,true,invalid_mobile;invalid_email,input_batches/applications_dataset_2.csv
Austin Church,Austin_Church@mooney.biz,05/06/1993,818415,Austin,Church,19930506,28,true,invalid_mobile;invalid_email,input_batches/applications_dataset_2.csv
Alyssa Ferguson,Alyssa_Ferguson@holmes.com,04-10-2004,64014879,Alyssa,Ferguson,20041004,17,false,under_18,input_batches/applications_dataset_2.csv
Nicholas Palmer,Nicholas_Palmer@anderson-mccann.biz,10-08-1990,7871844,Nicholas,Palmer,19900810,31,true,invalid_mobile;invalid_email,input_batches/applications_dataset_2.csv
David Anderson,David_Anderson@hill.info,2013/03/01,68911,David,Anderson,20130301,8,false,under_18;invalid_mobile;invalid_email,input_batches/applications_dataset_2.csv
Connie English,Connie_English@finley.info,2006-08-07,47821,Connie,English,20060807,15,false,under_18;invalid_mobile;invalid_email,input_batches/applications_dataset_2.csv
Jeffrey Williams,Jeffrey_Williams@floyd-lynch.com,1978-06-14,7810342,Jeffrey,Williams,19780614,43,true,invalid_mobile,input_batches/applications_dataset_2.csv
Jonathan Smith,Jonathan_Smith@crawford-luna.com,1992/09/23,7122494,Jonathan,Smith,19920923,29,true,invalid_mobile,input_batches/applications_dataset_2.csv
Nicole Martinez,Nicole_Martinez@mckenzie.com,10/28/1973,807969,Nicole,Martinez,19731028,48,true,invalid_mobile,input_batches/applications_dataset_2.csv
Brian Castro,Brian_Castro@lee-sherman.com,1981-10-23,326025,Brian,Castro,19811023,40,true,invalid_mobile,input_batches/applications_dataset_2.csv
Michael Washington,Michael_Washington@hicks.net,10/30/1981,95266,Michael,Washington,19811030,40,true,invalid_mobile,input_batches/applications_dataset_2.csv
Elizabeth George,Elizabeth_George@kramer.org,13-08-1964,48841,Elizabeth,George,19640813,57,true,invalid_mobile;invalid_email,input_batches/applications_dataset_2.csv
Scott Jackson,Scott_Jackson@willis.com,11/08/2013,335067,Scott,Jackson,20131108,8,false,under_18;invalid_mobile,input_batches/applications_dataset_2.csv
Christopher Johnson,Christopher_Johnson@johnson.com,14-07-1998,48781,Christopher,Johnson,19980714,23,true,invalid_mobile,input_batches/applications_dataset_2.csv
Shelby Robles,Shelby_Robles@carpenter.com,2013-08-16,59787175,Shelby,Robles,20130816,8,false,under_18,input_batches/applications_dataset_2.csv
Alfred Price,Alfred_Price@wright.com,2015/12/29,684627,Alfred,Price,20151229,6,false,under_18;invalid_mobile,input_batches/applications_dataset_2.csv
Kathleen Bates,Kathleen_Bates@galloway.com,1966-02-20,533883,Kathleen,Bates,19660220,55,true,invalid_mobile,input_batches/applications_dataset_2.csv
Dawn Lawson,Dawn_Lawson@mitchell-newton.com,1970/09/08,574731,Dawn,Lawson,19700908,51,true,invalid_mobile,input_batches/applications_dataset_2.csv
Valerie Calderon,Valerie_Calderon@snyder.com,27-09-2000,22476,Valerie,Calderon,20000927,21,true,invalid_mobile,input_batches/applications_dataset_2.csv
Sharon Singleton,Sharon_Singleton@nichols-henderson.com,24-08-1970,99406,Sharon,Singleton,19700824,51,true,invalid_mobile,input_batches/applications_dataset_2.csv
Christina Simmons,Christina_Simmons@baker-white.com,07/21/1986,80321,Christina,Simmons,19860721,35,true,invalid_mobile,input_batches/applications_dataset_2.csv
Sarah Smith,Sarah_Smith@sims.com,05/02/1961,599163,Sarah,Smith,19610502,60,true,invalid_mobile,input_batches/applications_dataset_2.csv
Christina Hernandez,Christina_Hernandez@ruiz.org,1989/05/16,7791456,Christina,Hernandez,19890516,32,true,invalid_mobile;invalid_email,input_batches/applications_dataset_2.csv
William Scott,William_Scott@taylor.biz,18-04-1962,44661,William,Scott,19620418,59,true,invalid_mobile;invalid_email,input_batches/applications_dataset_2.csv
Katherine George,Katherine_George@haynes.biz,06-07-1975,5313134,Katherine,George,19750706,46,true,invalid_mobile;invalid_email,input_batches/applications_dataset_2.csv
Patricia Murray,Patricia_Murray@burke.net,1988-12-23,1363811,Patricia,Murray,19881223,33,true,invalid_mobile,input_batches/applications_dataset_2.csv
Kelsey King,Kelsey_King@mccarthy-bowman.info,2016/08/26,8185234,Kelsey,King,20160826,5,false,under_18;invalid_mobile;invalid_email,input_batches/applications_dataset_2.csv
Joseph Singleton,Joseph_Singleton@figueroa-myers.com,06-08-1966,4913826,Joseph,Singleton,19660806,55,true,invalid_mobile,input_batches/applications_dataset_2.csv
Amy Reed,Amy_Reed@barajas-wise.com,08/09/2018,44366,Amy,Reed,20180809,3,false,under_18;invalid_mobile,input_batches/applications_dataset_2.csv
Kelly Johnson,Kelly_Johnson@ramsey.info,2001/12/19,2721370,Kelly,Johnson,20011219,20,true,invalid_mobile;invalid_email,input_batches/applications_dataset_2.csv
Luke Lyons,Luke_Lyons@davis.com,17-01-2014,89456095,Luke,Lyons,20140117,7,false,under_18,input_batches/applications_dataset_2.csv
Randy Johns,Randy_Johns@rodriguez.com,2015/01/23,15616,Randy,Johns,20150123,6,false,under_18;invalid_mobile,input_batches/applications_dataset_2.csv
Joshua Hogan,Joshua_Hogan@baker.com,2013-12-10,642915,Joshua,Hogan,20131210,8,false,under_18;invalid_mobile,input_batches/applications_dataset_2.csv
Ricardo Leon,Ricardo_Leon@white-hernandez.net,2013-04-23,3905406,Ricardo,Leon,20130423,8,false,under_18;invalid_mobile,input_batches/applications_dataset_2.csv
Wendy Perry MD,Wendy_Perry@burke-johnson.biz,04/22/1965,1559503,Wendy,Perry,19650422,56,true,invalid_mobile;invalid_email,input_batches/applications_dataset_2.csv
Amy Decker,Amy_Decker@bates-davis.com,1968-05-17,86231,Amy,Decker,19680517,53,true,invalid_mobile,input_batches/applications_dataset_2.csv
Karen Crane,Karen_Crane@garcia-brown.net,2004/12/13,959649,Karen,Crane,20041213,17,false,under_18;invalid_mobile,input_batches/applications_dataset_2.csv
George Garcia,George_Garcia@fuller.biz,04-08-1997,585873,George,Garcia,19970804,24,true,invalid_mobile;invalid_email,input_batches/applications_dataset_2.csv
Sherry Flores,Sherry_Flores@velasquez.biz,07/19/1962,1909944,Sherry,Flores,19620719,59,true,invalid_mobile;invalid_email,input_batches/applications_dataset_2.csv
Julia Patrick,Julia_Patrick@haynes.org,12/25/1963,44201,Julia,Patrick,19631225,58,true,invalid_mobile;invalid_email,input_batches/applications_dataset_2.csv
Joshua Clark,Joshua_Clark@allen.com,04/22/1968,753765,Joshua,Clark,19680422,53,true,invalid_mobile,input_batches/applications_dataset_2.csv
Melissa Jackson,Melissa_Jackson@ford-thompson.org,2018-01-16,28591,Melissa,Jackson,20180116,3,false,under_18;invalid_mobile;invalid_email,input_batches/applications_dataset_2.csv
Elizabeth Estes,Elizabeth_Estes@riggs.org,2011-09-07,15711,Elizabeth,Estes,20110907,10,false,under_18;invalid_mobile;invalid_email,input_batches/applications_dataset_2.csv
Erin Clark,Erin_Clark@moreno.com,1975-04-27,7953499,Erin,Clark,19750427,46,true,invalid_mobile,input_batches/applications_dataset_2.csv
Cynthia Smith,Cynthia_Smith@patel-moore.com,09-02-1957,396567,Cynthia,Smith,19570209,64,true,invalid_mobile,input_batches/applications_dataset_2.csv
Stacy Anderson,Stacy_Anderson@hamilton-james.info,31-01-1967,1520394,Stacy,Anderson,19670131,54,true,invalid_mobile;invalid_email,input_batches/applications_dataset_2.csv
Elizabeth Brown,Elizabeth_Brown@fernandez-mcclure.com,1982-11-22,8171115,Elizabeth,Brown,19821122,39,true,invalid_mobile,input_batches/applications_dataset_2.csv
Christine Murray,Christine_Murray@matthews.com,01/25/2001,6362308,Christine,Murray,20010125,20,true,invalid_mobile,input_batches/applications_dataset_2.csv
James Golden,James_Golden@henderson.com,03-06-1966,692271,James,Golden,19660603,55,true,invalid_mobile,input_batches/applications_dataset_2.csv
Jeremy Butler,Jeremy_Butler@allen.biz,2001-01-16,92810031,Jeremy,Butler,20010116,20,true,invalid_email,input_batches/applications_dataset_2.csv
Matthew Andersen,Matthew_Andersen@clark.biz,17-10-1987,654225,Matthew,Andersen,19871017,34,true,invalid_mobile;invalid_email,input_batches/applications_dataset_2.csv
Jonathan Parker,Jonathan_Parker@guerrero-garcia.net,2013-09-04,6040210,Jonathan,Parker,20130904,8,false,under_18;invalid_mobile,input_batches/applications_dataset_2.csv
Richard Warren,Richard_Warren@ibarra-woods.com,2005-07-06,88766,Richard,Warren,20050706,16,false,under_18;invalid_mobile,input_batches/applications_dataset_2.csv
Sandra Vargas,Sandra_Vargas@montgomery.com,2014/06/02,248151,Sandra,Vargas,20140602,7,false,under_18;invalid_mobile,input_batches/applications_dataset_2.csv
Kendra Martinez,Kendra_Martinez@lewis-rodriguez.com,08-04-1973,6730508,Kendra,Martinez,19730408,48,true,invalid_mobile,input_batches/applications_dataset_2.csv
Adam Foster,Adam_Foster@jackson-adams.biz,04/16/2018,7559154,Adam,Foster,20180416,3,false,under_18;invalid_mobile;invalid_email,input_batches/applications_dataset_2.csv
Shelly Fritz,Shelly_Fritz@davis.info,1969-11-09,7769770,Shelly,Fritz,19691109,52,true,invalid_mobile;invalid_email,input_batches/applications_dataset_2.csv
Maria Blanchard,Maria_Blanchard@bryant-bullock.info,1978/02/09,4091564,Maria,Blanchard,19780209,43,true,invalid_mobile;invalid_email,input_batches/applications_dataset_2.csv
Mandy Greer,Mandy_Greer@williams.info,12-06-2013,969459,Mandy,Greer,20130612,8,false,under_18;invalid_mobile;invalid_email,input_batches/applications_dataset_2.csv
Martin Jones,Martin_Jones@schaefer.net,23-04-1969,5236638,Martin,Jones,19690423,52,true,invalid_mobile,input_batches/applications_dataset_2.csv
Robert Morris,Robert_Morris@rice.net,10/26/2013,554439,Robert,Morris,20131026,8,false,under_18;invalid_mobile,input_batches/applications_dataset_2.csv
Nicole Lewis,Nicole_Lewis@dean-cook.com,18-01-2009,337263,Nicole,Lewis,20090118,12,false,under_18;invalid_mobile,input_batches/applications_dataset_2.csv
Christine Wright,Christine_Wright@green-juarez.com,09-08-1964,4398024,Christine,Wright,19640809,57,true,invalid_mobile,input_batches/applications_dataset_2.csv
David Robinson,David_Robinson@thompson-franco.org,05/25/2004,58876,David,Robinson,20040525,17,false,under_18;invalid_mobile;invalid_email,input_batches/applications_dataset_2.csv
Christopher Case,Christopher_Case@joseph-steele.com,1963/04/17,62311,Christopher,Case,19630417,58,true,invalid_mobile,input_batches/applications_dataset_2.csv
Mark Ward,Mark_Ward@wells-nolan.net,1978-09-01,567795,Mark,Ward,19780901,43,true,invalid_mobile,input_batches/applications_dataset_2.csv
Dana Phillips,Dana_Phillips@villarreal-gray.com,11/08/1964,459291,Dana,Phillips,19641108,57,true,invalid_mobile,input_batches/applications_dataset_2.csv
John Jensen,John_Jensen@thomas-davidson.info,03/08/2002,409647,John,Jensen,20020308,19,true,invalid_mobile;invalid_email,input_batches/applications_dataset_2.csv
Michelle Robinson,Michelle_Robinson@harper.com,2010-11-18,32982943,Michelle,Robinson,20101118,11,false,under_18,input_batches/applications_dataset_2.csv
Michael Simmons,Michael_Simmons@lee-gates.com,1984/10/03,172137,Michael,Simmons,19841003,37,true,invalid_mobile,input_batches/applications_dataset_2.csv
Luis Woods,Luis_Woods@frank-jackson.com,01/03/1969,4875046,Luis,Woods,19690103,52,true,invalid_mobile,input_batches/applications_dataset_2.csv
Mitchell Glover,Mitchell_Glover@wagner.info,1967-03-14,4718386,Mitchell,Glover,19670314,54,true,invalid_mobile;invalid_email,input_batches/applications_dataset_2.csv
Sarah Thompson,Sarah_Thompson@cooper-rowe.com,12/16/2014,7803 9819,Sarah,Thompson,20141216,7,false,under_18,input_batches/applications_dataset_2.csv
Julie Brown,Julie_Brown@lloyd.com,15-09-2017,60331,Julie,Brown,20170915,4,false,under_18;invalid_mobile,input_batches/applications_dataset_2.csv
Gregory Hayes,Gregory_Hayes@austin-gonzalez.com,1981-08-15,5082162,Gregory,Hayes,19810815,40,true,invalid_mobile,input_batches/applications_dataset_2.csv
James Rice,James_Rice@cooley.com,1953/05/05,8076958,James,Rice,19530505,68,true,invalid_mobile,input_batches/applications_dataset_2.csv
Gabriel Jackson,Gabriel_Jackson@ward.com,1987/09/21,3836477,Gabriel,Jackson,19870921,34,true,invalid_mobile,input_batches/applications_dataset_2.csv
Melissa Valdez,Melissa_Valdez@martinez-anderson.com,11-05-2010,9213751,Melissa,Valdez,20100511,11,false,under_18;invalid_mobile,input_batches/applications_dataset_2.csv
Thomas Mullen,Thomas_Mullen@barton.com,1980/01/08,1356986,Thomas,Mullen,19800108,41,true,invalid_mobile,input_batches/applications_dataset_2.csv
Dawn Smith,Dawn_Smith@white-russell.info,1962-10-19,51771,Dawn,Smith,19621019,59,true,invalid_mobile;invalid_email,input_batches/applications_dataset_2.csv
Lisa Glover,Lisa_Glover@middleton-leach.com,2010-05-18,3547468,Lisa,Glover,20100518,11,false,under_18;invalid_mobile,input_batches/applications_dataset_2.csv
Katherine Pierce,Katherine_Pierce@andrade.com,09/26/2012,59446,Katherine,Pierce,20120926,9,false,under_18;invalid_mobile,input_batches/applications_dataset_2.csv
Wayne Keller,Wayne_Keller@schultz.com,05/13/1991,81756,Wayne,Keller,19910513,30,true,invalid_mobile,input_batches/applications_dataset_2.csv
Steven Morgan,Steven_Morgan@cooper-leonard.com,2011/11/24,76480319,Steven,Morgan,20111124,10,false,under_18,input_batches/applications_dataset_2.csv
Zachary Thompson,Zachary_Thompson@house.biz,10/06/1975,2760031,Zachary,Thompson,19751006,46,true,invalid_mobile;invalid_email,input_batches/applications_dataset_2.csv
Matthew Gutierrez,Matthew_Gutierrez@garcia-henderson.com,1990/04/21,735321,Matthew,Gutierrez,19900421,31,true,invalid_mobile,input_batches/applications_dataset_2.csv
Stephanie Mcdonald,Stephanie_Mcdonald@carr.com,1968/12/15,51086,Stephanie,Mcdonald,19681215,53,true,invalid_mobile,input_batches/applications_dataset_2.csv
Robert Heath,Robert_Heath@jenkins-thomas.org,12-07-2006,121323,Robert,Heath,20060712,15,false,under_18;invalid_mobile;invalid_email,input_batches/applications_dataset_2.csv
Lindsey Gonzalez,Lindsey_Gonzalez@branch.com,25-05-2015,3807595,Lindsey,Gonzalez,20150525,6,false,under_18;invalid_mobile,input_batches/applications_dataset_2.csv
Claire Reeves,Claire_Reeves@pierce.com,1975/04/21,140337,Claire,Reeves,19750421,46,true,invalid_mobile,input_batches/applications_dataset_2.csv
Brandy Watson,Brandy_Watson@vargas-walker.com,1969/10/10,855987,Brandy,Watson,19691010,52,true,invalid_mobile,input_batches/applications_dataset_2.csv
Jason Wilson,Jason_Wilson@mason.com,1988-03-25,8667821,Jason,Wilson,19880325,33,true,invalid_mobile,input_batches/applications_dataset_2.csv
Heather Garcia,Heather_Garcia@patrick-kelley.com,1954/11/29,9172430,Heather,Garcia,19541129,67,true,invalid_mobile,input_batches/applications_dataset_2.csv
Kathleen Chavez,Kathleen_Chavez@fitzgerald-olson.biz,1960-05-06,78876,Kathleen,Chavez,19600506,61,true,invalid_mobile;invalid_email,input_batches/applications_dataset_2.csv
Samantha Shepard,Samantha_Shepard@larson.com,02/08/2007,2099 8183,Samantha,Shepard,20070208,14,false,under_18,input_batches/applications_dataset_2.csv
Shaun Dougherty,Shaun_Dougherty@reyes-cooper.com,05-05-1973,5841235,Shaun,Dougherty,19730505,48,true,invalid_mobile,input_batches/applications_dataset_2.csv
Amber Young,Amber_Young@morales-white.com,22-09-1953,345987,Amber,Young,19530922,68,true,invalid_mobile,input_batches/applications_dataset_2.csv
Jonathan Wilkerson,Jonathan_Wilkerson@lewis.biz,1987-05-05,899433,Jonathan,Wilkerson,19870505,34,true,invalid_mobile;invalid_email,input_batches/applications_dataset_2.csv
Robert Rivas,Robert_Rivas@sutton.com,08/08/1979,96701,Robert,Rivas,19790808,42,true,invalid_mobile,input_batches/applications_dataset_2.csv
Anthony Moore,Anthony_Moore@harris.com,1994/05/29,422439,Anthony,Moore,19940529,27,true,invalid_mobile,input_batches/applications_dataset_2.csv
Jeffrey Hill,Jeffrey_Hill@myers.com,10-04-2015,60561,Jeffrey,Hill,20150410,6,false,under_18;invalid_mobile,input_batches/applications_dataset_2.csv
Amber Stone,Amber_Stone@walker.com,1973-09-29,459441,Amber,Stone,19730929,48,true,invalid_mobile,input_batches/applications_dataset_2.csv
Crystal Fletcher,Crystal_Fletcher@lawrence.info,1961-01-15,34430647,Crystal,Fletcher,19610115,60,true,invalid_email,input_batches/applications_dataset_2.csv
Amy Roach,Amy_Roach@thomas.org,2011/02/10,752781,Amy,Roach,20110210,10,false,under_18;invalid_mobile;invalid_email,input_batches/applications_dataset_2.csv
Christy Gilbert,Christy_Gilbert@sanders.net,10/07/1975,882963,Christy,Gilbert,19751007,46,true,invalid_mobile,input_batches/applications_dataset_2.csv
Caroline Grimes,Caroline_Grimes@cooper.com,1955-11-09,281277,Caroline,Grimes,19551109,66,true,invalid_mobile,input_batches/applications_dataset_2.csv
David Oconnell,David_Oconnell@carpenter-cooper.com,01/10/2017,88501,David,Oconnell,20170110,4,false,under_18;invalid_mobile,input_batches/applications_dataset_2.csv
Kayla Porter,Kayla_Porter@blackwell.org,1981-05-29,313557,Kayla,Porter,19810529,40,true,invalid_mobile;invalid_email,input_batches/applications_dataset_2.csv
Phillip Stewart,Phillip_Stewart@mcfarland-kim.com,1963/08/31,614103,Phillip,Stewart,19630831,58,true,invalid_mobile,input_batches/applications_dataset_2.csv
David Schneider,David_Schneider@garcia.biz,1998-09-07,9586998,David,Schneider,19980907,23,true,invalid_mobile;invalid_email,input_batches/applications_dataset_2.csv
Michael Porter,Michael_Porter@shepherd.org,06/14/1977,6963 5251,Michael,Porter,19770614,44,true,invalid_email,input_batches/applications_dataset_2.csv
Melissa Freeman,Melissa_Freeman@roman.biz,1956-12-04,338715,Melissa,Freeman,19561204,65,true,invalid_mobile;invalid_email,input_batches/applications_dataset_2.csv
Erica Richardson,Erica_Richardson@bryant-paul.net,08/12/1999,724251,Erica,Richardson,19990812,22,true,invalid_mobile,input_batches/applications_dataset_2.csv
Jeanette Hood DVM,Jeanette_Hood@bryant.info,1988-10-20,84161,Jeanette,Hood,19881020,33,true,invalid_mobile;invalid_email,input_batches/applications_dataset_2.csv
Douglas Thompson,Douglas_Thompson@gonzalez-sparks.com,1989/12/21,5969958,Douglas,Thompson,19891221,32,true,invalid_mobile,input_batches/applications_dataset_2.csv
Jerry Torres,Jerry_Torres@nichols.com,01/29/2008,4855 4759,Jerry,Torres,20080129,13,false,under_18,input_batches/applications_dataset_2.csv
Jason Harmon,Jason_Harmon@jones.com,08/15/1986,8599718,Jason,Harmon,19860815,35,true,invalid_mobile,input_batches/applications_dataset_2.csv
Donna Dixon,Donna_Dixon@nunez-kim.com,07-11-2014,23338919,Donna,Dixon,20141107,7,false,under_18,input_batches/applications_dataset_2.csv
Anthony Brady,Anthony_Brady@gonzales.com,1980/10/19,7228201,Anthony,Brady,19801019,41,true,invalid_mobile,input_batches/applications_dataset_2.csv
Samantha Mendoza,Samantha_Mendoza@hamilton.com,2001-10-22,9850737,Samantha,Mendoza,20011022,20,true,invalid_mobile,input_batches/applications_dataset_2.csv
Stephanie King,Stephanie_King@torres-goodwin.org,06/18/1960,3827629,Stephanie,King,19600618,61,true,invalid_mobile;invalid_email,input_batches/applications_dataset_2.csv
Sara Carter,Sara_Carter@sanford-cruz.net,31-12-1995,88646,Sara,Carter,19951231,26,true,invalid_mobile,input_batches/applications_dataset_2.csv
Alex Clay,Alex_Clay@johnson.com,2002-08-21,25231,Alex,Clay,20020821,19,true,invalid_mobile,input_batches/applications_dataset_2.csv
Ryan Harrell,Ryan_Harrell@thornton.com,08-11-2013,92581903,Ryan,Harrell,20131108,8,false,under_18,input_batches/applications_dataset_2.csv
David Garcia,David_Garcia@burch.com,04/30/2015,59266,David,Garcia,20150430,6,false,under_18;invalid_mobile,input_batches/applications_dataset_2.csv
Michael Nguyen,Michael_Nguyen@mcintyre-bird.com,12/30/1998,55721,Michael,Nguyen,19981230,23,true,invalid_mobile,input_batches/applications_dataset_2.csv
Austin Andrade,Austin_Andrade@walton-vasquez.com,23-01-1990,870849,Austin,Andrade,19900123,31,true,invalid_mobile,input_batches/applications_dataset_2.csv
Andrea Ray,Andrea_Ray@roberts.com,20-07-1971,341925,Andrea,Ray,19710720,50,true,invalid_mobile,input_batches/applications_dataset_2.csv
Adrienne Tucker,Adrienne_Tucker@martinez-hernandez.biz,01-06-1999,788901,Adrienne,Tucker,19990601,22,true,invalid_mobile;invalid_email,input_batches/applications_dataset_2.csv
Johnny Lee,Johnny_Lee@sims.com,1973-03-28,8541149,Johnny,Lee,19730328,48,true,invalid_mobile,input_batches/applications_dataset_2.csv
Jeffrey Walter,Jeffrey_Walter@dillon.com,1959/03/09,2748068,Jeffrey,Walter,19590309,62,true,invalid_mobile,input_batches/applications_dataset_2.csv
Anthony Rivera,Anthony_Rivera@hines-flores.info,2008/09/21,278973,Anthony,Rivera,20080921,13,false,under_18;invalid_mobile;invalid_email,input_batches/applications_dataset_2.csv
Mary Whitehead,Mary_Whitehead@aguilar.com,26-12-1953,52216,Mary,Whitehead,19531226,68,true,invalid_mobile,input_batches/applications_dataset_2.csv
Robert Williams,Robert_Williams@alvarez-stein.com,02/22/1995,27876,Robert,Williams,19950222,26,true,invalid_mobile,input_batches/applications_dataset_2.csv
Judy Johnson,Judy_Johnson@sullivan.info,1976-08-27,887421,Judy,Johnson,19760827,45,true,invalid_mobile;invalid_email,input_batches/applications_dataset_2.csv
Janet Kelly,Janet_Kelly@lloyd.com,2008/11/08,46886,Janet,Kelly,20081108,13,false,under_18;invalid_mobile,input_batches/applications_dataset_2.csv
Angie Meyers,Angie_Meyers@burgess.biz,2014/09/10,87081,Angie,Meyers,20140910,7,false,under_18;invalid_mobile;invalid_email,input_batches/applications_dataset_2.csv
Sandra Lewis,Sandra_Lewis@keller-henry.info,12/24/1995,80811,Sandra,Lewis,19951224,26,true,invalid_mobile;invalid_email,input_batches/applications_dataset_2.csv
Kim Brady,Kim_Brady@nguyen.info,1979/05/18,17866,Kim,Brady,19790518,42,true,invalid_mobile;invalid_email,input_batches/applications_dataset_2.csv
Sandra Houston,Sandra_Houston@cruz.org,02-11-2000,88159159,Sandra,Houston,20001102,21,true,invalid_email,input_batches/applications_dataset_2.csv
Kimberly Fox,Kimberly_Fox@zuniga.com,1955/05/06,8062881,Kimberly,Fox,19550506,66,true,invalid_mobile,input_batches/applications_dataset_2.csv
James Daniel,James_Daniel@adams-anderson.com,2004/11/21,570429,James,Daniel,20041121,17,false,under_18;invalid_mobile,input_batches/applications_dataset_2.csv
Sandra Ortiz,Sandra_Ortiz@hudson.org,1984/12/13,2342768,Sandra,Ortiz,19841213,37,true,invalid_mobile;invalid_email,input_batches/applications_dataset_2.csv
Jason Perez,Jason_Perez@garrison-best.com,22-07-2008,5285323,Jason,Perez,20080722,13,false,under_18;invalid_mobile,input_batches/applications_dataset_2.csv
Nicole Perry,Nicole_Perry@ford.info,1953/08/22,81236407,Nicole,Perry,19530822,68,true,invalid_email,input_batches/applications_dataset_2.csv
Jonathan Barnes,Jonathan_Barnes@howard.com,12/20/1958,92446,Jonathan,Barnes,19581220,63,true,invalid_mobile,input_batches/applications_dataset_2.csv
Laura Sanford,Laura_Sanford@obrien-rogers.net,1973-07-02,179259,Laura,Sanford,19730702,48,true,invalid_mobile,input_batches/applications_dataset_2.csv
Joseph Bryant,Joseph_Bryant@anderson-gonzalez.biz,01/16/1975,8315 5355,Joseph,Bryant,19750116,46,true,invalid_email,input_batches/applications_dataset_2.csv
Stephanie Thompson,Stephanie_Thompson@pope-smith.com,01/10/1955,19831,Stephanie,Thompson,19550110,66,true,invalid_mobile,input_batches/applications_dataset_2.csv
Angela Smith,Angela_Smith@bell.net,1971/06/28,575241,Angela,Smith,19710628,50,true,invalid_mobile,input_batches/applications_dataset_2.csv
Brenda Cummings,Brenda_Cummings@alvarez.com,1968-01-03,227907,Brenda,Cummings,19680103,53,true,invalid_mobile,input_batches/applications_dataset_2.csv
Daniel Arnold,Daniel_Arnold@kaiser-robinson.info,1997/10/09,88076335,Daniel,Arnold,19971009,24,true,invalid_email,input_batches/applications_dataset_2.csv
Kristin Novak,Kristin_Novak@weaver.com,04/02/1993,6612985,Kristin,Novak,19930402,28,true,invalid_mobile,input_batches/applications_dataset_2.csv
Thomas Williams,Thomas_Williams@burgess.org,13-04-1950,1176288,Thomas,Williams,19500413,71,true,invalid_mobile;invalid_email,input_batches/applications_dataset_2.csv
Robert Briggs,Robert_Briggs@aguilar-martinez.com,12/29/1962,4942162,Robert,Briggs,19621229,59,true,invalid_mobile,input_batches/applications_dataset_2.csv
Keith Craig,Keith_Craig@baldwin-ross.com,1980-06-11,50901,Keith,Craig,19800611,41,true,invalid_mobile,input_batches/applications_dataset_2.csv
Leslie Lambert,Leslie_Lambert@sutton-aguirre.org,06-04-1981,97188543,Leslie,Lambert,19810406,40,true,invalid_email,input_batches/applications_dataset_2.csv
Sergio Zuniga II,Sergio_Zuniga@phillips.com,2014/02/15,639765,Sergio,Zuniga,20140215,7,false,under_18;invalid_mobile,input_batches/applications_dataset_2.csv
Joy Aguilar,Joy_Aguilar@chavez.com,1980/10/29,506211,Joy,Aguilar,19801029,41,true,invalid_mobile,input_batches/applications_dataset_2.csv
Gerald White,Gerald_White@phelps.com,1975-05-30,843819,Gerald,White,19750530,46,true,invalid_mobile,input_batches/applications_dataset_2.csv
Robert Velasquez,Robert_Velasquez@ramirez-davis.biz,05/06/1998,4535 3591,Robert,Velasquez,19980506,23,true,invalid_email,input_batches/applications_dataset_2.csv
Nicole Knight,Nicole_Knight@jensen.biz,1970-07-29,64606,Nicole,Knight,19700729,51,true,invalid_mobile;invalid_email,input_batches/applications_dataset_2.csv
Michael Garcia,Michael_Garcia@marks.com,1961/01/10,81431,Michael,Garcia,19610110,60,true,invalid_mobile,input_batches/applications_dataset_2.csv
Tyler Aguilar,Tyler_Aguilar@carpenter.com,01/27/1993,42216,Tyler,Aguilar,19930127,28,true,invalid_mobile,input_batches/applications_dataset_2.csv
Jennifer Cox,Jennifer_Cox@flores-briggs.net,1959/02/19,9259293,Jennifer,Cox,19590219,62,true,invalid_mobile,input_batches/applications_dataset_2.csv
Patrick Craig,Patrick_Craig@jennings.com,2008-02-19,9017485,Patrick,Craig,20080219,13,false,under_18;invalid_mobile,input_batches/applications_dataset_2.csv
William Davis,William_Davis@whitney.biz,2004-07-27,67567223,William,Davis,20040727,17,false,under_18;invalid_email,input_batches/applications_dataset_2.csv
Jessica Silva,Jessica_Silva@parker-ward.com,11-04-1954,3631727,Jessica,Silva,19540411,67,true,invalid_mobile,input_batches/applications_dataset_2.csv
Kimberly Davis MD,Kimberly_Davis@lopez.biz,03/22/1967,67776,Kimberly,Davis,19670322,54,true,invalid_mobile;invalid_email,input_batches/applications_dataset_2.csv
Andrea Collins,Andrea_Collins@cook-valdez.biz,1951-06-30,3889705,Andrea,Collins,19510630,70,true,invalid_mobile;invalid_email,input_batches/applications_dataset_2.csv
James Tate,James_Tate@whitney.com,08/22/2011,500415,James,Tate,20110822,10,false,under_18;invalid_mobile,input_batches/applications_dataset_2.csv
Kimberly Schneider,Kimberly_Schneider@todd.com,08/26/1958,3243304,Kimberly,Schneider,19580826,63,true,invalid_mobile,input_batches/applications_dataset_2.csv
Jennifer Smith,Jennifer_Smith@long.com,12/16/1968,97691,Jennifer,Smith,19681216,53,true,invalid_mobile,input_batches/applications_dataset_2.csv
Jonathan Davis,Jonathan_Davis@marshall-brown.info,04/07/2002,8848001,Jonathan,Davis,20020407,19,true,invalid_mobile;invalid_email,input_batches/applications_dataset_2.csv
Michelle Ortega,Michelle_Ortega@horn.com,2013/11/11,522393,Michelle,Ortega,20131111,8,false,under_18;invalid_mobile,input_batches/applications_dataset_2.csv
Stacey Walker,Stacey_Walker@norton.biz,29-01-1990,85917303,Stacey,Walker,19900129,31,true,invalid_email,input_batches/applications_dataset_2.csv
Robert Thomas,Robert_Thomas@thompson.biz,1967-02-04,401721,Robert,Thomas,19670204,54,true,invalid_mobile;invalid_email,input_batches/applications_dataset_2.csv
Adrian Cochran,Adrian_Cochran@logan.biz,1966-07-15,278349,Adrian,Cochran,19660715,55,true,invalid_mobile;invalid_email,input_batches/applications_dataset_2.csv
Christian Mcintosh,Christian_Mcintosh@jordan.com,11-09-1974,71006,Christian,Mcintosh,19740911,47,true,invalid_mobile,input_batches/applications_dataset_2.csv
Deanna Torres,Deanna_Torres@green-thomas.com,25-03-1975,3145255,Deanna,Torres,19750325,46,true,invalid_mobile,input_batches/applications_dataset_2.csv
Lisa Lucero,Lisa_Lucero@scott.biz,2006/04/11,98953759,Lisa,Lucero,20060411,15,false,under_18;invalid_email,input_batches/applications_dataset_2.csv
Nicole Francis,Nicole_Francis@williams.org,1992/10/08,13966,Nicole,Francis,19921008,29,true,invalid_mobile;invalid_email,input_batches/applications_dataset_2.csv
Deborah Miller,Deborah_Miller@henderson-vaughn.com,2003/12/26,4638446,Deborah,Miller,20031226,18,false,under_18;invalid_mobile,input_batches/applications_dataset_2.csv
Karen Boyd,Karen_Boyd@carr-campbell.net,12/04/1998,67366,Karen,Boyd,19981204,23,true,invalid_mobile,input_batches/applications_dataset_2.csv
Danielle Johnson,Danielle_Johnson@boone.com,1978-02-10,274263,Danielle,Johnson,19780210,43,true,invalid_mobile,input_batches/applications_dataset_2.csv
James Hawkins MD,James_Hawkins@rose.com,1997-07-05,8654920,James,Hawkins,19970705,24,true,invalid_mobile,input_batches/applications_dataset_2.csv
Sarah Chapman,Sarah_Chapman@mccarthy-morales.biz,1955/03/11,2438360,Sarah,Chapman,19550311,66,true,invalid_mobile;invalid_email,input_batches/applications_dataset_2.csv
Suzanne Medina,Suzanne_Medina@huber-taylor.com,1974/05/23,532395,Suzanne,Medina,19740523,47,true,invalid_mobile,input_batches/applications_dataset_2.csv
Jennifer Glass,Jennifer_Glass@medina.com,06/16/1961,544407,Jennifer,Glass,19610616,60,true,invalid_mobile,input_batches/applications_dataset_2.csv
Stacy Willis,Stacy_Willis@west.com,2018/06/01,551079,Stacy,Willis,20180601,3,false,under_18;invalid_mobile,input_batches/applications_dataset_2.csv
Anna Mendoza,Anna_Mendoza@sanchez.biz,15-12-1971,21351,Anna,Mendoza,19711215,50,true,invalid_mobile;invalid_email,input_batches/applications_dataset_2.csv
Danielle Cain,Danielle_Cain@browning.com,2008-01-30,7839238,Danielle,Cain,20080130,13,false,under_18;invalid_mobile,input_batches/applications_dataset_2.csv
Carla Jones,Carla_Jones@long-hernandez.biz,2017/06/08,292611,Carla,Jones,20170608,4,false,under_18;invalid_mobile;invalid_email,input_batches/applications_dataset_2.csv
Matthew Diaz,Matthew_Diaz@ortiz.com,2004/04/29,19038407,Matthew,Diaz,20040429,17,false,under_18,input_batches/applications_dataset_2.csv
Julie Leon,Julie_Leon@montgomery.biz,13-03-1993,60535175,Julie,Leon,19930313,28,true,invalid_email,input_batches/applications_dataset_2.csv
Evan Page,Evan_Page@harrison.org,1994-08-08,37848247,Evan,Page,19940808,27,true,invalid_email,input_batches/applications_dataset_2.csv
Matthew Valdez,Matthew_Valdez@ruiz.com,09/19/1995,61781,Matthew,Valdez,19950919,26,true,invalid_mobile,input_batches/applications_dataset_2.csv
Jared Myers,Jared_Myers@massey-johnson.com,10/05/1966,978675,Jared,Myers,19661005,55,true,invalid_mobile,input_batches/applications_dataset_2.csv
Jason Davis,Jason_Davis@hernandez.com,1955-02-22,26161,Jason,Davis,19550222,66,true,invalid_mobile,input_batches/applications_dataset_2.csv
William Valdez,William_Valdez@woods-parsons.com,1952-04-24,278529,William,Valdez,19520424,69,true,invalid_mobile,input_batches/applications_dataset_2.csv
Mark Bridges,Mark_Bridges@cook.com,1997/05/31,5602738,Mark,Bridges,19970531,24,true,invalid_mobile,input_batches/applications_dataset_2.csv
Mr. Andrew Rivera,Andrew_Rivera@mooney.com,06-09-1983,79406,Andrew,Rivera,19830906,38,true,invalid_mobile,input_batches/applications_dataset_2.csv
Scott Martinez,Scott_Martinez@brennan.com,11/20/1964,587475,Scott,Martinez,19641120,57,true,invalid_mobile,input_batches/applications_dataset_2.csv
Christopher Lloyd,Christopher_Lloyd@schmidt.com,1955/07/04,3775024,Christopher,Lloyd,19550704,66,true,invalid_mobile,input_batches/applications_dataset_2.csv
Denise York,Denise_York@yates.com,1970-04-05,408765,Denise,York,19700405,51,true,invalid_mobile,input_batches/applications_dataset_2.csv
Susan Hartman,Susan_Hartman@madden.org,1987-09-03,8863387,Susan,Hartman,19870903,34,true,invalid_mobile;invalid_email,input_batches/applications_dataset_2.csv
Tonya Reed,Tonya_Reed@coleman-lopez.com,21-04-1951,3277310,Tonya,Reed,19510421,70,true,invalid_mobile,input_batches/applications_dataset_2.csv
Michael Wilkinson,Michael_Wilkinson@mcknight.net,2012-07-31,8533904,Michael,Wilkinson,20120731,9,false,under_18;invalid_mobile,input_batches/applications_dataset_2.csv
Richard Reyes,Richard_Reyes@alvarez.org,11-06-1960,71956,Richard,Reyes,19600611,61,true,invalid_mobile;invalid_email,input_batches/applications_dataset_2.csv
Evan Smith,Evan_Smith@potter-gallagher.com,1994/04/23,95421,Evan,Smith,19940423,27,true,invalid_mobile,input_batches/applications_dataset_2.csv
Victoria Jones,Victoria_Jones@farrell.com,1959/09/07,336225,Victoria,Jones,19590907,62,true,invalid_mobile,input_batches/applications_dataset_2.csv
Cheryl Moore,Cheryl_Moore@williams.com,1970/12/31,26631,Cheryl,Moore,19701231,51,true,invalid_mobile,input_batches/applications_dataset_2.csv
Joshua Pittman,Joshua_Pittman@leon.net,1953/04/28,347115,Joshua,Pittman,19530428,68,true,invalid_mobile,input_batches/applications_dataset_2.csv
Mary Cooper,Mary_Cooper@walker-green.info,1976-10-17,2522570,Mary,Cooper,19761017,45,true,invalid_mobile;invalid_email,input_batches/applications_dataset_2.csv
Jessica Delgado,Jessica_Delgado@curtis.com,1969/07/12,3637180,Jessica,Delgado,19690712,52,true,invalid_mobile,input_batches/applications_dataset_2.csv
Brian Pearson,Brian_Pearson@jackson-smith.com,26-01-2017,96690271,Brian,Pearson,20170126,4,false,under_18,input_batches/applications_dataset_2.csv
Kathryn Lamb,Kathryn_Lamb@stephens.biz,2000-01-23,6065158,Kathryn,Lamb,20000123,21,true,invalid_mobile;invalid_email,input_batches/applications_dataset_2.csv
Dr. Edward Brooks,Edward_Brooks@lane.info,2000-04-04,92929919,Edward,Brooks,20000404,21,true,invalid_email,input_batches/applications_dataset_2.csv
Brenda Wright,Brenda_Wright@simpson.com,2011/12/07,77651,Brenda,Wright,20111207,10,false,under_18;invalid_mobile,input_batches/applications_dataset_2.csv
Samuel Dyer,Samuel_Dyer@howard.com,26-11-1981,436557,Samuel,Dyer,19811126,40,true,invalid_mobile,input_batches/applications_dataset_2.csv
Brian Bryant,Brian_Bryant@mejia.com,13-09-2015,40782655,Brian,Bryant,20150913,6,false,under_18,input_batches/applications_dataset_2.csv
Ms. Kimberly Wood,Kimberly_Wood@jordan-walsh.com,05/18/1994,9412705,Kimberly,Wood,19940518,27,true,invalid_mobile,input_batches/applications_dataset_2.csv
Brittany Garcia DDS,Brittany_Garcia@hobbs.com,2008-07-05,38240231,Brittany,Garcia,20080705,13,false,under_18,input_batches/applications_dataset_2.csv
Trevor Byrd,Trevor_Byrd@cooke.com,14-07-2009,54940471,Trevor,Byrd,20090714,12,false,under_18,input_batches/applications_dataset_2.csv
Larry Herrera,Larry_Herrera@mata-bean.biz,08-12-2014,6943546,Larry,Herrera,20141208,7,false,under_18;invalid_mobile;invalid_email,input_batches/applications_dataset_2.csv
Joseph Owens,Joseph_Owens@white.com,1970/01/25,12326,Joseph,Owens,19700125,51,true,invalid_mobile,input_batches/applications_dataset_2.csv
Miss Amber Burnett,Amber_Burnett@gill.com,1955-10-12,1402451,Amber,Burnett,19551012,66,true,invalid_mobile,input_batches/applications_dataset_2.csv
Jordan Pugh,Jordan_Pugh@villanueva.com,1990-09-17,768951,Jordan,Pugh,19900917,31,true,invalid_mobile,input_batches/applications_dataset_2.csv
Daniel Welch,Daniel_Welch@riggs.com,1967/12/19,301227,Daniel,Welch,19671219,54,true,invalid_mobile,input_batches/applications_dataset_2.csv
Tiffany Marquez,Tiffany_Marquez@rodriguez-kennedy.com,1988/05/01,307749,Tiffany,Marquez,19880501,33,true,invalid_mobile,input_batches/applications_dataset_2.csv
Christopher Smith,Christopher_Smith@moody.com,2015-02-08,33940167,Christopher,Smith,20150208,6,false,under_18,input_batches/applications_dataset_2.csv
Johnathan Weeks,Johnathan_Weeks@white-reynolds.com,1960-11-23,9087359,Johnathan,Weeks,19601123,61,true,invalid_mobile,input_batches/applications_dataset_2.csv
Jeffrey Thompson,Jeffrey_Thompson@jacobs.com,02/13/1994,621921,Jeffrey,Thompson,19940213,27,true,invalid_mobile,input_batches/applications_dataset_2.csv
William Ward,William_Ward@butler.org,1955/02/14,3145129,William,Ward,19550214,66,true,invalid_mobile;invalid_email,input_batches/applications_dataset_2.csv
Kristin Bauer,Kristin_Bauer@gray.biz,06/17/1989,5371 6731,Kristin,Bauer,19890617,32,true,invalid_email,input_batches/applications_dataset_2.csv
Maria Johnson,Maria_Johnson@brady.info,18-01-2004,78511,Maria,Johnson,20040118,17,false,under_18;invalid_mobile;invalid_email,input_batches/applications_dataset_2.csv
Carlos Adams,Carlos_Adams@bennett.biz,1975-05-21,230403,Carlos,Adams,19750521,46,true,invalid_mobile;invalid_email,input_batches/applications_dataset_2.csv
Colleen Garner,Colleen_Garner@lee.com,09/18/1991,503157,Colleen,Garner,19910918,30,true,invalid_mobile,input_batches/applications_dataset_2.csv
Nicole Miller,Nicole_Miller@murphy.com,2013-12-21,49761,Nicole,Miller,20131221,8,false,under_18;invalid_mobile,input_batches/applications_dataset_2.csv
Nancy Frazier,Nancy_Frazier@jenkins.org,1968/09/13,7272938,Nancy,Frazier,19680913,53,true,invalid_mobile;invalid_email,input_batches/applications_dataset_2.csv
Robin Jones,Robin_Jones@conley-garcia.com,1969-10-01,470853,Robin,Jones,19691001,52,true,invalid_mobile,input_batches/applications_dataset_2.csv
Jonathan Terrell,Jonathan_Terrell@hess.net,04/30/1991,765633,Jonathan,Terrell,19910430,30,true,invalid_mobile,input_batches/applications_dataset_2.csv
Jeffrey Marshall,Jeffrey_Marshall@robertson-rice.com,17-07-1970,48701,Jeffrey,Marshall,19700717,51,true,invalid_mobile,input_batches/applications_dataset_2.csv
Kelly Smith DDS,Kelly_Smith@pacheco.com,1984/09/23,250851,Kelly,Smith,19840923,37,true,invalid_mobile,input_batches/applications_dataset_2.csv
Heidi Vazquez,Heidi_Vazquez@pham-flores.net,16-06-2001,38361,Heidi,Vazquez,20010616,20,true,invalid_mobile,input_batches/applications_dataset_2.csv
Sarah George,Sarah_George@jones.com,1967/10/03,2730792,Sarah,George,19671003,54,true,invalid_mobile,input_batches/applications_dataset_2.csv
Erik Reynolds,Erik_Reynolds@peterson-watson.com,1956/02/26,86966,Erik,Reynolds,19560226,65,true,invalid_mobile,input_batches/applications_dataset_2.csv
Jamie Barker,Jamie_Barker@lawson.info,1996-11-07,2855231,Jamie,Barker,19961107,25,true,invalid_mobile;invalid_email,input_batches/applications_dataset_2.csv
Samantha Jimenez,Samantha_Jimenez@valdez.com,1960/08/21,33156,Samantha,Jimenez,19600821,61,true,invalid_mobile,input_batches/applications_dataset_2.csv
Lisa Crawford,Lisa_Crawford@moore-hunt.com,1953-12-01,299709,Lisa,Crawford,19531201,68,true,invalid_mobile,input_batches/applications_dataset_2.csv
Andrew Carter,Andrew_Carter@west.com,03/16/1957,895503,Andrew,Carter,19570316,64,true,invalid_mobile,input_batches/applications_dataset_2.csv
Suzanne Goodwin,Suzanne_Goodwin@travis-rose.com,1962/10/22,70286,Suzanne,Goodwin,19621022,59,true,invalid_mobile,input_batches/applications_dataset_2.csv
Amanda Navarro DVM,Amanda_Navarro@young-edwards.com,1959-10-02,349239,Amanda,Navarro,19591002,62,true,invalid_mobile,input_batches/applications_dataset_2.csv
Michelle Jones,Michelle_Jones@barton.com,1953/09/22,65856,Michelle,Jones,19530922,68,true,invalid_mobile,input_batches/applications_dataset_2.csv
Leah Perez,Leah_Perez@smith-burns.biz,09-11-1975,34266271,Leah,Perez,19751109,46,true,invalid_email,input_batches/applications_dataset_2.csv
Jeffrey Santos,Jeffrey_Santos@frost-brown.biz,2001/10/30,987273,Jeffrey,Santos,20011030,20,true,invalid_mobile;invalid_email,input_batches/applications_dataset_2.csv
Michael Holland,Michael_Holland@russell.com,1963/01/12,9403178,Michael,Holland,19630112,58,true,invalid_mobile,input_batches/applications_dataset_2.csv
Elizabeth Cardenas,Elizabeth_Cardenas@cline.info,23-07-1979,89341,Elizabeth,Cardenas,19790723,42,true,invalid_mobile;invalid_email,input_batches/applications_dataset_2.csv
Theodore Roberts,Theodore_Roberts@russell-hawkins.org,12/14/1957,39616,Theodore,Roberts,19571214,64,true,invalid_mobile;invalid_email,input_batches/applications_dataset_2.csv
Ms. Katrina Zamora,Katrina_Zamora@williams.com,24-06-2000,95031,Katrina,Zamora,20000624,21,true,invalid_mobile,input_batches/applications_dataset_2.csv
Elizabeth Garcia,Elizabeth_Garcia@hernandez-duke.net,1958-08-30,1715085,Elizabeth,Garcia,19580830,63,true,invalid_mobile,input_batches/applications_dataset_2.csv
Julie Johnson,Julie_Johnson@rodriguez-davis.org,31-10-1981,897843,Julie,Johnson,19811031,40,true,invalid_mobile;invalid_email,input_batches/applications_dataset_2.csv
Shelby Jackson DDS,Shelby_Jackson@jordan-reynolds.com,08-03-1991,695247,Shelby,Jackson,19910308,30,true,invalid_mobile,input_batches/applications_dataset_2.csv
Krystal Boyle,Krystal_Boyle@guerrero-garza.com,1975/04/17,232443,Krystal,Boyle,19750417,46,true,invalid_mobile,input_batches/applications_dataset_2.csv
Garrett Clark,Garrett_Clark@jackson.com,2018-04-15,72070583,Garrett,Clark,20180415,3,false,under_18,input_batches/applications_dataset_2.csv
Jeremy Anderson,Jeremy_Anderson@lopez.org,07/22/1994,41431,Jeremy,Anderson,19940722,27,true,invalid_mobile;invalid_email,input_batches/applications_dataset_2.csv
Christina Brown,Christina_Brown@vaughn-paul.org,06/24/2002,55691,Christina,Brown,20020624,19,true,invalid_mobile;invalid_email,input_batches/applications_dataset_2.csv
Madison Dunn,Madison_Dunn@mendez-lynch.com,1969-06-26,393705,Madison,Dunn,19690626,52,true,invalid_mobile,input_batches/applications_dataset_2.csv
George Barry,George_Barry@cummings.com,1999/05/18,1545370,George,Barry,19990518,22,true,invalid_mobile,input_batches/applications_dataset_2.csv
Dr. Michael Green,Michael_Green@robles-adams.com,1965-10-12,555471,Michael,Green,19651012,56,true,invalid_mobile,input_batches/applications_dataset_2.csv
Jason Medina,Jason_Medina@flores.com,2003/02/12,2069985,Jason,Medina,20030212,18,false,under_18;invalid_mobile,input_batches/applications_dataset_2.csv
Ashley Solis,Ashley_Solis@dixon.org,04-01-1990,62826,Ashley,Solis,19900104,31,true,invalid_mobile;invalid_email,input_batches/applications_dataset_2.csv
Sarah French,Sarah_French@wright.biz,07/16/1981,1491 1411,Sarah,French,19810716,40,true,invalid_email,input_batches/applications_dataset_2.csv
Stephanie White,Stephanie_White@stephens-brewer.com,07/29/1997,2753976,Stephanie,White,19970729,24,true,invalid_mobile,input_batches/applications_dataset_2.csv
Joseph Bartlett,Joseph_Bartlett@thompson-espinoza.biz,1982/02/15,99932903,Joseph,Bartlett,19820215,39,true,invalid_email,input_batches/applications_dataset_2.csv
Joshua Miller,Joshua_Miller@wilcox-watts.com,29-05-1975,97026,Joshua,Miller,19750529,46,true,invalid_mobile,input_batches/applications_dataset_2.csv
Cory Cummings,Cory_Cummings@bauer.net,2004-11-04,60366,Cory,Cummings,20041104,17,false,under_18;invalid_mobile,input_batches/applications_dataset_2.csv
Jennifer Nguyen,Jennifer_Nguyen@henderson.com,1998-08-17,3734809,Jennifer,Nguyen,19980817,23,true,invalid_mobile,input_batches/applications_dataset_2.csv
Eric Williams,Eric_Williams@steele-snyder.com,09/18/1986,334395,Eric,Williams,19860918,35,true,invalid_mobile,input_batches/applications_dataset_2.csv
Maurice Stewart,Maurice_Stewart@montgomery-hood.net,1998-04-20,27021,Maurice,Stewart,19980420,23,true,invalid_mobile,input_batches/applications_dataset_2.csv
Michael Kelly,Michael_Kelly@short.net,1971/06/27,85986,Michael,Kelly,19710627,50,true,invalid_mobile,input_batches/applications_dataset_2.csv
Bruce Smith,Bruce_Smith@sanchez.biz,2009/09/13,70440903,Bruce,Smith,20090913,12,false,under_18;invalid_email,input_batches/applications_dataset_2.csv
Elizabeth Conner,Elizabeth_Conner@richardson-carter.com,18-01-2016,859377,Elizabeth,Conner,20160118,5,false,under_18;invalid_mobile,input_batches/applications_dataset_2.csv
John Drake,John_Drake@houston.com,08/11/1969,806769,John,Drake,19690811,52,true,invalid_mobile,input_batches/applications_dataset_2.csv
Bethany Acosta,Bethany_Acosta@adams-garcia.biz,26-09-1992,8589547,Bethany,Acosta,19920926,29,true,invalid_mobile;invalid_email,input_batches/applications_dataset_2.csv
Christine Campbell,Christine_Campbell@white.info,10/28/1982,2999 6463,Christine,Campbell,19821028,39,true,invalid_email,input_batches/applications_dataset_2.csv
Carolyn Estrada,Carolyn_Estrada@alexander.org,2014-06-07,30101,Carolyn,Estrada,20140607,7,false,under_18;invalid_mobile;invalid_email,input_batches/applications_dataset_2.csv
Michael Wilson,Michael_Wilson@richards.biz,01-05-2006,5756150,Michael,Wilson,20060501,15,false,under_18;invalid_mobile;invalid_email,input_batches/applications_dataset_2.csv
Elizabeth Cooper,Elizabeth_Cooper@contreras-luna.com,21-09-1985,404697,Elizabeth,Cooper,19850921,36,true,invalid_mobile,input_batches/applications_dataset_2.csv
Tonya Moore,Tonya_Moore@rodriguez.com,1959-11-03,868035,Tonya,Moore,19591103,62,true,invalid_mobile,input_batches/applications_dataset_2.csv
Alexandra Woods,Alexandra_Woods@reed.com,26-10-2014,86526,Alexandra,Woods,20141026,7,false,under_18;invalid_mobile,input_batches/applications_dataset_2.csv
Heather Bonilla,Heather_Bonilla@morgan.org,1958/04/04,486717,Heather,Bonilla,19580404,63,true,invalid_mobile;invalid_email,input_batches/applications_dataset_2.csv
Matthew Wilson,Matthew_Wilson@mann.com,1972/02/08,654141,Matthew,Wilson,19720208,49,true,invalid_mobile,input_batches/applications_dataset_2.csv
Justin Hamilton,Justin_Hamilton@robinson-reese.com,07/25/1987,115089,Justin,Hamilton,19870725,34,true,invalid_mobile,input_batches/applications_dataset_2.csv
Jordan Brown,Jordan_Brown@jones.com,1962/05/10,51951,Jordan,Brown,19620510,59,true,invalid_mobile,input_batches/applications_dataset_2.csv
Sharon Hill,Sharon_Hill@walton.net,02/20/1976,4528749,Sharon,Hill,19760220,45,true,invalid_mobile,input_batches/applications_dataset_2.csv
Michael Anderson,Michael_Anderson@singh-davis.info,06/21/1953,5145253,Michael,Anderson,19530621,68,true,invalid_mobile;invalid_email,input_batches/applications_dataset_2.csv
David Roberson,David_Roberson@cortez-torres.net,1974/10/02,130635,David,Roberson,19741002,47,true,invalid_mobile,input_batches/applications_dataset_2.csv
Jacob Burns,Jacob_Burns@santiago.com,1973-05-18,35531,Jacob,Burns,19730518,48,true,invalid_mobile,input_batches/applications_dataset_2.csv
Lauren Guzman,Lauren_Guzman@silva-robinson.com,07/25/1983,29666,Lauren,Guzman,19830725,38,true,invalid_mobile,input_batches/applications_dataset_2.csv
Joseph Davis,Joseph_Davis@jordan.net,11/07/2017,8681464,Joseph,Davis,20171107,4,false,under_18;invalid_mobile,input_batches/applications_dataset_2.csv
Kevin Pope,Kevin_Pope@mejia.info,07-06-1961,62651,Kevin,Pope,19610607,60,true,invalid_mobile;invalid_email,input_batches/applications_dataset_2.csv
William Vargas,William_Vargas@mosley-rosales.com,1961-05-22,1462259,William,Vargas,19610522,60,true,invalid_mobile,input_batches/applications_dataset_2.csv
Daniel Garcia,Daniel_Garcia@hughes-arnold.com,01/31/1973,594207,Daniel,Garcia,19730131,48,true,invalid_mobile,input_batches/applications_dataset_2.csv
Timothy Evans,Timothy_Evans@douglas-gray.net,07-03-2004,21273015,Timothy,Evans,20040307,17,false,under_18,input_batches/applications_dataset_2.csv
Brian Vega,Brian_Vega@peterson.biz,23-01-1979,4993010,Brian,Vega,19790123,42,true,invalid_mobile;invalid_email,input_batches/applications_dataset_2.csv
Jacob Mcdonald,Jacob_Mcdonald@howell-russell.com,11/11/1995,88426,Jacob,Mcdonald,19951111,26,true,invalid_mobile,input_batches/applications_dataset_2.csv
Kathleen Harris,Kathleen_Harris@meyers.com,1989-12-16,948549,Kathleen,Harris,19891216,32,true,invalid_mobile,input_batches/applications_dataset_2.csv
Robert Mcconnell,Robert_Mcconnell@reese.com,06-08-2004,3774604,Robert,Mcconnell,20040806,17,false,under_18;invalid_mobile,input_batches/applications_dataset_2.csv
Julie Hall,Julie_Hall@johnson.com,1955-07-24,77331,Julie,Hall,19550724,66,true,invalid_mobile,input_batches/applications_dataset_2.csv
James Lopez,James_Lopez@werner.org,1979-06-18,88866567,James,Lopez,19790618,42,true,invalid_email,input_batches/applications_dataset_2.csv
Tracy Williams,Tracy_Williams@donovan.com,1988-05-05,5008410,Tracy,Williams,19880505,33,true,invalid_mobile,input_batches/applications_dataset_2.csv
Gina Zimmerman,Gina_Zimmerman@curtis-douglas.info,1982/08/13,8829171,Gina,Zimmerman,19820813,39,true,invalid_mobile;invalid_email,input_batches/applications_dataset_2.csv
Sarah Hernandez,Sarah_Hernandez@pennington-johnson.com,2009-10-26,2730624,Sarah,Hernandez,20091026,12,false,under_18;invalid_mobile,input_batches/applications_dataset_2.csv
David Jones,David_Jones@floyd.com,02-03-1997,542211,David,Jones,19970302,24,true,invalid_mobile,input_batches/applications_dataset_2.csv
Paula Hill,Paula_Hill@porter.com,24-12-2004,908349,Paula,Hill,20041224,17,false,under_18;invalid_mobile,input_batches/applications_dataset_2.csv
David Morrow,David_Morrow@johnson.com,01/26/2006,32346,David,Morrow,20060126,15,false,under_18;invalid_mobile,input_batches/applications_dataset_2.csv
Lisa White,Lisa_White@evans.net,03-09-1978,1564158,Lisa,White,19780903,43,true,invalid_mobile,input_batches/applications_dataset_2.csv
James Patrick,James_Patrick@caldwell.com,28-11-1986,89681,James,Patrick,19861128,35,true,invalid_mobile,input_batches/applications_dataset_2.csv
Kirk Donaldson,Kirk_Donaldson@roberts-mills.info,1979/12/30,36131119,Kirk,Donaldson,19791230,42,true,invalid_email,input_batches/applications_dataset_2.csv
Joshua Farrell,Joshua_Farrell@rogers.net,2005-10-27,770337,Joshua,Farrell,20051027,16,false,under_18;invalid_mobile,input_batches/applications_dataset_2.csv
Kathryn Parker,Kathryn_Parker@abbott.com,2012/12/24,88781,Kathryn,Parker,20121224,9,false,under_18;invalid_mobile,input_batches/applications_dataset_2.csv
Tracy Elliott,Tracy_Elliott@rhodes-thomas.com,1964/05/10,7749624,Tracy,Elliott,19640510,57,true,invalid_mobile,input_batches/applications_dataset_2.csv
Joshua Green,Joshua_Green@hernandez.com,2010-03-09,791325,Joshua,Green,20100309,11,false,under_18;invalid_mobile,input_batches/applications_dataset_2.csv
Sean Sullivan,Sean_Sullivan@phillips.com,1996/04/22,9789788,Sean,Sullivan,19960422,25,true,invalid_mobile,input_batches/applications_dataset_2.csv
Jessica Castillo,Jessica_Castillo@roberts.com,06/11/1969,985455,Jessica,Castillo,19690611,52,true,invalid_mobile,input_batches/applications_dataset_2.csv
Evan Pruitt,Evan_Pruitt@brown.biz,21-03-1959,55413567,Evan,Pruitt,19590321,62,true,invalid_email,input_batches/applications_dataset_2.csv
Thomas Garza,Thomas_Garza@kirby-greer.info,1999/03/09,427953,Thomas,Garza,19990309,22,true,invalid_mobile;invalid_email,input_batches/applications_dataset_2.csv
Michael Harvey,Michael_Harvey@jackson.com,2007-02-02,69986,Michael,Harvey,20070202,14,false,under_18;invalid_mobile,input_batches/applications_dataset_2.csv
Edward Ramos,Edward_Ramos@garcia.com,08-04-2016,1164115,Edward,Ramos,20160408,5,false,under_18;invalid_mobile,input_batches/applications_dataset_2.csv
Karen Shaw,Karen_Shaw@trujillo.info,01-06-1975,81014367,Karen,Shaw,19750601,46,true,invalid_email,input_batches/applications_dataset_2.csv
Joanne Foster,Joanne_Foster@villanueva.com,2007/06/23,85271,Joanne,Foster,20070623,14,false,under_18;invalid_mobile,input_batches/applications_dataset_2.csv
Andrew Fisher,Andrew_Fisher@boone.net,02/24/1987,64966,Andrew,Fisher,19870224,34,true,invalid_mobile,input_batches/applications_dataset_2.csv
John Gonzales,John_Gonzales@mcfarland.com,1991/10/15,55756,John,Gonzales,19911015,30,true,invalid_mobile,input_batches/applications_dataset_2.csv
Grace Olson,Grace_Olson@miller.net,10-01-2017,38611,Grace,Olson,20170110,4,false,under_18;invalid_mobile,input_batches/applications_dataset_2.csv
Sarah Joseph,Sarah_Joseph@moore-hendrix.net,2002-08-07,9215935,Sarah,Joseph,20020807,19,true,invalid_mobile,input_batches/applications_dataset_2.csv
Jennifer Scott,Jennifer_Scott@wagner.com,2012/09/07,3252439,Jennifer,Scott,20120907,9,false,under_18;invalid_mobile,input_batches/applications_dataset_2.csv
Stephen Little,Stephen_Little@clark-morales.org,03/09/1989,8124509,Stephen,Little,19890309,32,true,invalid_mobile;invalid_email,input_batches/applications_dataset_2.csv
Matthew Garcia,Matthew_Garcia@osborne.com,2000/11/07,3897895,Matthew,Garcia,20001107,21,true,invalid_mobile,input_batches/applications_dataset_2.csv
Abigail Fritz,Abigail_Fritz@williams-jackson.com,08/09/2017,5463 8703,Abigail,Fritz,20170809,4,false,under_18,input_batches/applications_dataset_2.csv
John Todd,John_Todd@valentine.com,1968-11-22,973155,John,Todd,19681122,53,true,invalid_mobile,input_batches/applications_dataset_2.csv
Martha Williams,Martha_Williams@murphy.com,1997/08/04,6623877,Martha,Williams,19970804,24,true,invalid_mobile,input_batches/applications_dataset_2.csv
Kimberly Peters,Kimberly_Peters@cox.com,1964-07-27,72051,Kimberly,Peters,19640727,57,true,invalid_mobile,input_batches/applications_dataset_2.csv
Robert Donaldson,Robert_Donaldson@gonzalez.com,05/07/2000,3041263,Robert,Donaldson,20000507,21,true,invalid_mobile,input_batches/applications_dataset_2.csv
Matthew Smith,Matthew_Smith@moore-hoffman.com,01/18/2018,1416129,Matthew,Smith,20180118,3,false,under_18;invalid_mobile,input_batches/applications_dataset_2.csv
Leslie Taylor,Leslie_Taylor@white-reed.org,1957-06-23,7613082,Leslie,Taylor,19570623,64,true,invalid_mobile;invalid_email,input_batches/applications_dataset_2.csv
Antonio Hancock,Antonio_Hancock@woods-kemp.com,04/26/1984,9785686,Antonio,Hancock,19840426,37,true,invalid_mobile,input_batches/applications_dataset_2.csv
Eric Williams,Eric_Williams@welch.com,2000/11/30,1921837,Eric,Williams,20001130,21,true,invalid_mobile,input_batches/applications_dataset_2.csv
Dr. Patricia Hall,Patricia_Hall@harrell.com,03/14/2011,15901,Patricia,Hall,20110314,10,false,under_18;invalid_mobile,input_batches/applications_dataset_2.csv
Christian Lopez,Christian_Lopez@thomas.com,1987-11-08,246747,Christian,Lopez,19871108,34,true,invalid_mobile,input_batches/applications_dataset_2.csv
Timothy Scott,Timothy_Scott@nelson.org,1994/01/12,569751,Timothy,Scott,19940112,27,true,invalid_mobile;invalid_email,input_batches/applications_dataset_2.csv
Jessica James,Jessica_James@peck-webb.com,05/18/1986,561585,Jessica,James,19860518,35,true,invalid_mobile,input_batches/applications_dataset_2.csv
Stephanie Sandoval,Stephanie_Sandoval@johnson-may.biz,03-08-1953,450387,Stephanie,Sandoval,19530803,68,true,invalid_mobile;invalid_email,input_batches/applications_dataset_2.csv
Jessica Larsen,Jessica_Larsen@mcfarland.org,1961-06-10,862719,Jessica,Larsen,19610610,60,true,invalid_mobile;invalid_email,input_batches/applications_dataset_2.csv
Francisco Holland,Francisco_Holland@tanner.org,16-06-1986,2121547,Francisco,Holland,19860616,35,true,invalid_mobile;invalid_email,input_batches/applications_dataset_2.csv
Donna Morrow,Donna_Morrow@smith-romero.com,25-04-1968,2814561,Donna,Morrow,19680425,53,true,invalid_mobile,input_batches/applications_dataset_2.csv
Ashley Browning,Ashley_Browning@jenkins-mann.biz,27-10-2006,54581,Ashley,Browning,20061027,15,false,under_18;invalid_mobile;invalid_email,input_batches/applications_dataset_2.csv
Beth Rivera,Beth_Rivera@franco.com,09/12/1952,652701,Beth,Rivera,19520912,69,true,invalid_mobile,input_batches/applications_dataset_2.csv
Catherine Morris,Catherine_Morris@schwartz-warren.com,02/21/1953,205569,Catherine,Morris,19530221,68,true,invalid_mobile,input_batches/applications_dataset_2.csv
Amy Smith,Amy_Smith@short.info,02/18/2015,7864165,Amy,Smith,20150218,6,false,under_18;invalid_mobile;invalid_email,input_batches/applications_dataset_2.csv
Jennifer Jenkins,Jennifer_Jenkins@holland-ward.com,06/09/1965,393435,Jennifer,Jenkins,19650609,56,true,invalid_mobile,input_batches/applications_dataset_2.csv
William Serrano,William_Serrano@beck-johnson.info,1981/01/18,93901,William,Serrano,19810118,40,true,invalid_mobile;invalid_email,input_batches/applications_dataset_2.csv
Matthew Deleon,Matthew_Deleon@hughes-fox.com,30-06-2006,121545,Matthew,Deleon,20060630,15,false,under_18;invalid_mobile,input_batches/applications_dataset_2.csv
Rhonda Marshall,Rhonda_Marshall@johnson-cowan.net,02-09-1965,40036,Rhonda,Marshall,19650902,56,true,invalid_mobile,input_batches/applications_dataset_2.csv
Alexa Bond,Alexa_Bond@miller.com,1973/07/18,67021,Alexa,Bond,19730718,48,true,invalid_mobile,input_batches/applications_dataset_2.csv
Sarah Soto,Sarah_Soto@clarke-chapman.com,1995-04-24,4749844,Sarah,Soto,19950424,26,true,invalid_mobile,input_batches/applications_dataset_2.csv
Sean Harris,Sean_Harris@kim.com,1982/12/03,212109,Sean,Harris,19821203,39,true,invalid_mobile,input_batches/applications_dataset_2.csv
Edward Smith,Edward_Smith@diaz.info,15-08-1987,9982204,Edward,Smith,19870815,34,true,invalid_mobile;invalid_email,input_batches/applications_dataset_2.csv
Jerry Bennett,Jerry_Bennett@mann.org,06/30/1998,539325,Jerry,Bennett,19980630,23,true,invalid_mobile;invalid_email,input_batches/applications_dataset_2.csv
Justin Beck,Justin_Beck@munoz-ward.com,2015/10/02,50133583,Justin,Beck,20151002,6,false,under_18,input_batches/applications_dataset_2.csv
Alexander Castro,Alexander_Castro@bass.com,08/21/2008,42796,Alexander,Castro,20080821,13,false,under_18;invalid_mobile,input_batches/applications_dataset_2.csv
Andrea Russell,Andrea_Russell@king.com,11/12/2018,87646,Andrea,Russell,20181112,3,false,under_18;invalid_mobile,input_batches/applications_dataset_2.csv
Kristina Hogan,Kristina_Hogan@james.org,04/20/1988,14481,Kristina,Hogan,19880420,33,true,invalid_mobile;invalid_email,input_batches/applications_dataset_2.csv
Kimberly Harris,Kimberly_Harris@parks-martinez.org,20-07-1954,3437113,Kimberly,Harris,19540720,67,true,invalid_mobile;invalid_email,input_batches/applications_dataset_2.csv
Melissa Le DVM,Melissa_Le@harris.com,2012/12/30,97788279,Melissa,Le,20121230,9,false,under_18,input_batches/applications_dataset_2.csv
Thomas Thomas,Thomas_Thomas@kennedy.com,1972/02/20,2629894,Thomas,Thomas,19720220,49,true,invalid_mobile,input_batches/applications_dataset_2.csv
Wendy Giles,Wendy_Giles@snow-yang.info,1986-08-10,73286,Wendy,Giles,19860810,35,true,invalid_mobile;invalid_email,input_batches/applications_dataset_2.csv
John Vazquez,John_Vazquez@rivera.biz,03-06-1962,73810151,John,Vazquez,19620603,59,true,invalid_email,input_batches/applications_dataset_2.csv
Jessica Wilson,Jessica_Wilson@sims-mcneil.biz,2010-07-10,88945703,Jessica,Wilson,20100710,11,false,under_18;invalid_email,input_batches/applications_dataset_2.csv
Daniel Le,Daniel_Le@vega.com,1966/03/06,5379543,Daniel,Le,19660306,55,true,invalid_mobile,input_batches/applications_dataset_2.csv
John Torres,John_Torres@lewis.com,15-12-1964,396033,John,Torres,19641215,57,true,invalid_mobile,input_batches/applications_dataset_2.csv
James Hall,James_Hall@montgomery-hawkins.com,10/24/1986,4726667,James,Hall,19861024,35,true,invalid_mobile,input_batches/applications_dataset_2.csv
Michele Jones,Michele_Jones@leach-taylor.org,1991/03/19,18146159,Michele,Jones,19910319,30,true,invalid_email,input_batches/applications_dataset_2.csv
Melissa Perez,Melissa_Perez@wiggins.com,1986-08-04,93411,Melissa,Perez,19860804,35,true,invalid_mobile,input_batches/applications_dataset_2.csv
Rachel Goodwin,Rachel_Goodwin@deleon.com,2006-11-06,530019,Rachel,Goodwin,20061106,15,false,under_18;invalid_mobile,input_batches/applications_dataset_2.csv
Kimberly Owens,Kimberly_Owens@baker-ferguson.org,16-12-1958,5051859,Kimberly,Owens,19581216,63,true,invalid_mobile;invalid_email,input_batches/applications_dataset_2.csv
Omar Wilcox,Omar_Wilcox@chase-bailey.info,06/10/1967,6475204,Omar,Wilcox,19670610,54,true,invalid_mobile;invalid_email,input_batches/applications_dataset_2.csv
Tiffany Cannon,Tiffany_Cannon@keller.org,06/16/1971,4779 8639,Tiffany,Cannon,19710616,50,true,invalid_email,input_batches/applications_dataset_2.csv
Matthew Snyder,Matthew_Snyder@best-graham.com,10-08-1965,193071,Matthew,Snyder,19650810,56,true,invalid_mobile,input_batches/applications_dataset_2.csv
Morgan Malone,Morgan_Malone@shaw.com,30-09-1964,8598346,Morgan,Malone,19640930,57,true,invalid_mobile,input_batches/applications_dataset_2.csv
Ronald Mendez,Ronald_Mendez@bright-parker.com,07-02-1958,2771448,Ronald,Mendez,19580207,63,true,invalid_mobile,input_batches/applications_dataset_2.csv
Brian Butler,Brian_Butler@martinez.com,05-07-1968,12156,Brian,Butler,19680705,53,true,invalid_mobile,input_batches/applications_dataset_2.csv
Rachel Rogers,Rachel_Rogers@buck-evans.org,1982/06/03,5534026,Rachel,Rogers,19820603,39,true,invalid_mobile;invalid_email,input_batches/applications_dataset_2.csv
Kyle Murphy,Kyle_Murphy@gonzalez-allen.biz,2006-02-08,70541,Kyle,Murphy,20060208,15,false,under_18;invalid_mobile;invalid_email,input_batches/applications_dataset_2.csv
John Adams,John_Adams@castro.com,14-07-2001,14676,John,Adams,20010714,20,true,invalid_mobile,input_batches/applications_dataset_2.csv
Charles Walter,Charles_Walter@thomas.net,1993-08-02,786915,Charles,Walter,19930802,28,true,invalid_mobile,input_batches/applications_dataset_2.csv
Jessica Reid,Jessica_Reid@valencia.com,1970-06-21,1860944,Jessica,Reid,19700621,51,true,invalid_mobile,input_batches/applications_dataset_2.csv
Todd Brady,Todd_Brady@hicks.biz,1955-09-24,747213,Todd,Brady,19550924,66,true,invalid_mobile;invalid_email,input_batches/applications_dataset_2.csv
Carolyn Gomez,Carolyn_Gomez@miller.com,07/11/1960,977571,Carolyn,Gomez,19600711,61,true,invalid_mobile,input_batches/applications_dataset_2.csv
Matthew Davis,Matthew_Davis@bishop.org,06/04/1975,2484140,Matthew,Davis,19750604,46,true,invalid_mobile;invalid_email,input_batches/applications_dataset_2.csv
Tamara Smith,Tamara_Smith@palmer.com,05/28/2011,2495438,Tamara,Smith,20110528,10,false,under_18;invalid_mobile,input_batches/applications_dataset_2.csv
Jessica Whitaker,Jessica_Whitaker@hubbard.info,2001/07/10,99586,Jessica,Whitaker,20010710,20,true,invalid_mobile;invalid_email,input_batches/applications_dataset_2.csv
Lynn Kaufman,Lynn_Kaufman@velez-perez.info,01/13/1950,202287,Lynn,Kaufman,19500113,71,true,invalid_mobile;invalid_email,input_batches/applications_dataset_2.csv
Eduardo Patrick,Eduardo_Patrick@wright.info,2001-06-13,5470438,Eduardo,Patrick,20010613,20,true,invalid_mobile;invalid_email,input_batches/applications_dataset_2.csv
Matthew Duncan,Matthew_Duncan@garcia.org,1985/09/26,64701,Matthew,Duncan,19850926,36,true,invalid_mobile;invalid_email,input_batches/applications_dataset_2.csv
Marcia Ramos,Marcia_Ramos@cox.biz,1987-04-23,4163139,Marcia,Ramos,19870423,34,true,invalid_mobile;invalid_email,input_batches/applications_dataset_2.csv
Jesse Chambers,Jesse_Chambers@green.com,1979-06-06,64521,Jesse,Chambers,19790606,42,true,invalid_mobile,input_batches/applications_dataset_2.csv
Paul Hill,Paul_Hill@farrell.biz,1980-10-14,85491,Paul,Hill,19801014,41,true,invalid_mobile;invalid_email,input_batches/applications_dataset_2.csv
Gina Henderson,Gina_Henderson@phillips.com,1955/04/04,516621,Gina,Henderson,19550404,66,true,invalid_mobile,input_batches/applications_dataset_2.csv
Jesse Wright,Jesse_Wright@banks.com,25-11-1989,6472677,Jesse,Wright,19891125,32,true,invalid_mobile,input_batches/applications_dataset_2.csv
Christina Gibbs,Christina_Gibbs@miller.net,03/26/1973,871479,Christina,Gibbs,19730326,48,true,invalid_mobile,input_batches/applications_dataset_2.csv
Jacqueline Miller,Jacqueline_Miller@church.com,10/01/2008,4681391,Jacqueline,Miller,20081001,13,false,under_18;invalid_mobile,input_batches/applications_dataset_2.csv
Tracy Lopez,Tracy_Lopez@macdonald.org,12/12/1952,2878996,Tracy,Lopez,19521212,69,true,invalid_mobile;invalid_email,input_batches/applications_dataset_2.csv
Victoria Jones,Victoria_Jones@higgins.com,2002-04-12,88811,Victoria,Jones,20020412,19,true,invalid_mobile,input_batches/applications_dataset_2.csv
Gabriel Rose,Gabriel_Rose@mccormick.com,1990-05-30,191229,Gabriel,Rose,19900530,31,true,invalid_mobile,input_batches/applications_dataset_2.csv
Melanie Perry,Melanie_Perry@miller.com,1977/06/11,297159,Melanie,Perry,19770611,44,true,invalid_mobile,input_batches/applications_dataset_2.csv
Alison Valdez,Alison_Valdez@ward-smith.net,15-05-2015,17886,Alison,Valdez,20150515,6,false,under_18;invalid_mobile,input_batches/applications_dataset_2.csv
Benjamin Coleman,Benjamin_Coleman@lopez-preston.com,06-06-2005,72616,Benjamin,Coleman,20050606,16,false,under_18;invalid_mobile,input_batches/applications_dataset_2.csv
Alex Baker,Alex_Baker@kelly.com,2012-04-23,34292983,Alex,Baker,20120423,9,false,under_18,input_batches/applications_dataset_2.csv
Peter Alexander,Peter_Alexander@martinez.com,11-05-1999,29401,Peter,Alexander,19990511,22,true,invalid_mobile,input_batches/applications_dataset_2.csv
Katie Chang,Katie_Chang@riley.com,1959/07/09,40506,Katie,Chang,19590709,62,true,invalid_mobile,input_batches/applications_dataset_2.csv
Victoria Stafford,Victoria_Stafford@green.com,07/18/1993,96501,Victoria,Stafford,19930718,28,true,invalid_mobile,input_batches/applications_dataset_2.csv
Tyler Lopez,Tyler_Lopez@harvey.com,12/29/2010,6462814,Tyler,Lopez,20101229,11,false,under_18;invalid_mobile,input_batches/applications_dataset_2.csv
Heather Downs,Heather_Downs@payne.biz,03-01-1970,65651,Heather,Downs,19700103,51,true,invalid_mobile;invalid_email,input_batches/applications_dataset_2.csv
Ronald Shaffer,Ronald_Shaffer@moses.net,1969-06-18,52796,Ronald,Shaffer,19690618,52,true,invalid_mobile,input_batches/applications_dataset_2.csv
Samantha Johnson,Samantha_Johnson@rich.net,1975-05-17,318165,Samantha,Johnson,19750517,46,true,invalid_mobile,input_batches/applications_dataset_2.csv
Carlos Washington,Carlos_Washington@evans.com,23-01-2007,58466,Carlos,Washington,20070123,14,false,under_18;invalid_mobile,input_batches/applications_dataset_2.csv
Stephanie Burnett,Stephanie_Burnett@price.net,02/19/1973,8889217,Stephanie,Burnett,19730219,48,true,invalid_mobile,input_batches/applications_dataset_2.csv
Donna Hancock,Donna_Hancock@blake-bridges.net,31-01-2017,19776,Donna,Hancock,20170131,4,false,under_18;invalid_mobile,input_batches/applications_dataset_2.csv
Courtney Hudson,Courtney_Hudson@mcintosh.net,1960-04-26,2145613,Courtney,Hudson,19600426,61,true,invalid_mobile,input_batches/applications_dataset_2.csv
Sylvia Sexton,Sylvia_Sexton@robinson.com,1993-01-10,77446,Sylvia,Sexton,19930110,28,true,invalid_mobile,input_batches/applications_dataset_2.csv
David Jordan,David_Jordan@miller.com,1993/02/08,2661877,David,Jordan,19930208,28,true,invalid_mobile,input_batches/applications_dataset_2.csv
Todd Ward,Todd_Ward@elliott-ryan.com,2001-10-25,160557,Todd,Ward,20011025,20,true,invalid_mobile,input_batches/applications_dataset_2.csv
Kenneth Martin,Kenneth_Martin@hunt.net,1981-11-08,4504487,Kenneth,Martin,19811108,40,true,invalid_mobile,input_batches/applications_dataset_2.csv
Andrew Cox,Andrew_Cox@lin.org,08/22/1979,2815331,Andrew,Cox,19790822,42,true,invalid_mobile;invalid_email,input_batches/applications_dataset_2.csv
Louis Blanchard,Louis_Blanchard@wheeler.org,02/02/1955,170997,Louis,Blanchard,19550202,66,true,invalid_mobile;invalid_email,input_batches/applications_dataset_2.csv
Victoria Higgins,Victoria_Higgins@lane.com,1953-04-03,521451,Victoria,Higgins,19530403,68,true,invalid_mobile,input_batches/applications_dataset_2.csv
Kaylee Berry,Kaylee_Berry@walsh-mckenzie.com,2016-12-24,74360527,Kaylee,Berry,20161224,5,false,under_18,input_batches/applications_dataset_2.csv
Elizabeth Duncan,Elizabeth_Duncan@taylor.com,26-04-2012,2436015,Elizabeth,Duncan,20120426,9,false,under_18;invalid_mobile,input_batches/applications_dataset_2.csv
Bryan Price,Bryan_Price@mendez.com,16-11-1989,61996,Bryan,Price,19891116,32,true,invalid_mobile,input_batches/applications_dataset_2.csv
Robert Johnson,Robert_Johnson@burnett.org,1952-05-18,42600607,Robert,Johnson,19520518,69,true,invalid_email,input_batches/applications_dataset_2.csv
Stephanie Molina,Stephanie_Molina@jacobson.com,15-11-1990,866271,Stephanie,Molina,19901115,31,true,invalid_mobile,input_batches/applications_dataset_2.csv
Justin Griffin,Justin_Griffin@james.com,2005/04/11,51696,Justin,Griffin,20050411,16,false,under_18;invalid_mobile,input_batches/applications_dataset_2.csv
Jennifer Novak,Jennifer_Novak@mack.com,06-06-2013,6747938,Jennifer,Novak,20130606,8,false,under_18;invalid_mobile,input_batches/applications_dataset_2.csv
James Smith,James_Smith@perkins-thompson.com,04/23/1977,42811,James,Smith,19770423,44,true,invalid_mobile,input_batches/applications_dataset_2.csv
Lisa Meyers,Lisa_Meyers@wallace-jimenez.com,1987-12-21,75536,Lisa,Meyers,19871221,34,true,invalid_mobile,input_batches/applications_dataset_2.csv
Gary Thompson,Gary_Thompson@kennedy.com,05/08/2004,1992257,Gary,Thompson,20040508,17,false,under_18;invalid_mobile,input_batches/applications_dataset_2.csv
Rachel Maxwell,Rachel_Maxwell@edwards-nguyen.biz,05/13/1974,9171 4011,Rachel,Maxwell,19740513,47,true,invalid_email,input_batches/applications_dataset_2.csv
Michael Warren,Michael_Warren@wu.org,2003-08-05,6497688,Michael,Warren,20030805,18,false,under_18;invalid_mobile;invalid_email,input_batches/applications_dataset_2.csv
Amanda Alexander,Amanda_Alexander@baker-harris.com,1967-01-11,48521,Amanda,Alexander,19670111,54,true,invalid_mobile,input_batches/applications_dataset_2.csv
Mr. Thomas Brown DDS,Thomas_Brown@wright.com,2018-12-09,26316,Thomas,Brown,20181209,3,false,under_18;invalid_mobile,input_batches/applications_dataset_2.csv
Melissa Perez,Melissa_Perez@gibson.org,26-10-1968,27511,Melissa,Perez,19681026,53,true,invalid_mobile;invalid_email,input_batches/applications_dataset_2.csv
Amy Johnson,Amy_Johnson@estrada-rubio.com,03-08-2017,3416946,Amy,Johnson,20170803,4,false,under_18;invalid_mobile,input_batches/applications_dataset_2.csv
Devin Lewis,Devin_Lewis@anderson-riley.com,08/20/1954,94206,Devin,Lewis,19540820,67,true,invalid_mobile,input_batches/applications_dataset_2.csv
Jacob Hogan,Jacob_Hogan@lowe-ponce.org,30-05-1989,586221,Jacob,Hogan,19890530,32,true,invalid_mobile;invalid_email,input_batches/applications_dataset_2.csv
Zachary Russo,Zachary_Russo@hill-king.com,1993-01-29,319263,Zachary,Russo,19930129,28,true,invalid_mobile,input_batches/applications_dataset_2.csv
Joshua Perez,Joshua_Perez@black-singh.org,11/10/1981,3206897,Joshua,Perez,19811110,40,true,invalid_mobile;invalid_email,input_batches/applications_dataset_2.csv
Joshua Jimenez,Joshua_Jimenez@hardin-lucas.info,12-05-1976,6044228,Joshua,Jimenez,19760512,45,true,invalid_mobile;invalid_email,input_batches/applications_dataset_2.csv
Teresa Harris,Teresa_Harris@poole.com,16-10-1998,91081,Teresa,Harris,19981016,23,true,invalid_mobile,input_batches/applications_dataset_2.csv
Courtney Morse,Courtney_Morse@klein.org,07/07/1977,2395 1715,Courtney,Morse,19770707,44,true,invalid_email,input_batches/applications_dataset_2.csv
Kayla Mcintyre,Kayla_Mcintyre@burns.com,04/27/1987,6493383,Kayla,Mcintyre,19870427,34,true,invalid_mobile,input_batches/applications_dataset_2.csv
Marvin Williams,Marvin_Williams@bartlett.com,2004/12/02,6391736,Marvin,Williams,20041202,17,false,under_18;invalid_mobile,input_batches/applications_dataset_2.csv
Robert Chang,Robert_Chang@sharp.net,1986/05/31,589467,Robert,Chang,19860531,35,true,invalid_mobile,input_batches/applications_dataset_2.csv
Briana Johnson,Briana_Johnson@bond-rose.biz,2015/08/22,25491,Briana,Johnson,20150822,6,false,under_18;invalid_mobile;invalid_email,input_batches/applications_dataset_2.csv
Joe Bishop,Joe_Bishop@davis.com,08/07/1975,33681,Joe,Bishop,19750807,46,true,invalid_mobile,input_batches/applications_dataset_2.csv
Terri Herring,Terri_Herring@carson.com,1989-05-16,4068240,Terri,Herring,19890516,32,true,invalid_mobile,input_batches/applications_dataset_2.csv
Jean Young,Jean_Young@peters-miller.net,1994/10/12,7295219,Jean,Young,19941012,27,true,invalid_mobile,input_batches/applications_dataset_2.csv
Tara Chavez,Tara_Chavez@smith.com,2007/10/09,57976,Tara,Chavez,20071009,14,false,under_18;invalid_mobile,input_batches/applications_dataset_2.csv
Jeffrey Ware,Jeffrey_Ware@park-gregory.net,2004-06-25,5505312,Jeffrey,Ware,20040625,17,false,under_18;invalid_mobile,input_batches/applications_dataset_2.csv
Barry Randolph,Barry_Randolph@glover.com,1963-02-27,11326,Barry,Randolph,19630227,58,true,invalid_mobile,input_batches/applications_dataset_2.csv
Eric Hoffman,Eric_Hoffman@lang.info,1975/04/25,99871415,Eric,Hoffman,19750425,46,true,invalid_email,input_batches/applications_dataset_2.csv
Jacqueline Walters,Jacqueline_Walters@hernandez.org,2007/07/15,2920436,Jacqueline,Walters,20070715,14,false,under_18;invalid_mobile;invalid_email,input_batches/applications_dataset_2.csv
William Miller,William_Miller@foster.info,2005/03/01,3984366,William,Miller,20050301,16,false,under_18;invalid_mobile;invalid_email,input_batches/applications_dataset_2.csv
Daniel Perez,Daniel_Perez@jordan-martinez.biz,19-04-1993,1181951,Daniel,Perez,19930419,28,true,invalid_mobile;invalid_email,input_batches/applications_dataset_2.csv
Kimberly Larson,Kimberly_Larson@nash.org,18-06-1978,898689,Kimberly,Larson,19780618,43,true,invalid_mobile;invalid_email,input_batches/applications_dataset_2.csv
Brian Finley,Brian_Finley@copeland.com,2004/01/13,8018522,Brian,Finley,20040113,17,false,under_18;invalid_mobile,input_batches/applications_dataset_2.csv
Kelly Hayden DVM,Kelly_Hayden@brown-barrett.biz,1988-03-20,17706,Kelly,Hayden,19880320,33,true,invalid_mobile;invalid_email,input_batches/applications_dataset_2.csv
Jessica Dixon,Jessica_Dixon@clark.org,16-08-1966,76336767,Jessica,Dixon,19660816,55,true,invalid_email,input_batches/applications_dataset_2.csv
Tyler Johnson,Tyler_Johnson@fernandez.com,02-08-1977,774483,Tyler,Johnson,19770802,44,true,invalid_mobile,input_batches/applications_dataset_2.csv
Nicholas Joseph,Nicholas_Joseph@higgins-woods.org,2017/08/29,51481,Nicholas,Joseph,20170829,4,false,under_18;invalid_mobile;invalid_email,input_batches/applications_dataset_2.csv
Wendy Grant,Wendy_Grant@castillo.biz,11/03/1991,37361,Wendy,Grant,19911103,30,true,invalid_mobile;invalid_email,input_batches/applications_dataset_2.csv
David Burton,David_Burton@glover-willis.org,1970/04/02,19798095,David,Burton,19700402,51,true,invalid_email,input_batches/applications_dataset_2.csv
Luke Carpenter,Luke_Carpenter@stokes.org,1969-10-08,8947205,Luke,Carpenter,19691008,52,true,invalid_mobile;invalid_email,input_batches/applications_dataset_2.csv
Jesse Johnson,Jesse_Johnson@schroeder.com,1972-09-22,263709,Jesse,Johnson,19720922,49,true,invalid_mobile,input_batches/applications_dataset_2.csv
Marcus Sims,Marcus_Sims@adams.com,2008-05-22,45883671,Marcus,Sims,20080522,13,false,under_18,input_batches/applications_dataset_2.csv
Katherine Daniels,Katherine_Daniels@pearson-davis.com,1999/07/04,935745,Katherine,Daniels,19990704,22,true,invalid_mobile,input_batches/applications_dataset_2.csv
Cynthia Smith,Cynthia_Smith@cain.biz,15-03-2010,73366,Cynthia,Smith,20100315,11,false,under_18;invalid_mobile;invalid_email,input_batches/applications_dataset_2.csv
Angela Nichols,Angela_Nichols@manning-krueger.com,03/15/2014,4415 1975,Angela,Nichols,20140315,7,false,under_18,input_batches/applications_dataset_2.csv
Mallory Jenkins,Mallory_Jenkins@smith.com,12/22/1956,6636274,Mallory,Jenkins,19561222,65,true,invalid_mobile,input_batches/applications_dataset_2.csv
James Clark,James_Clark@kirby.com,07-05-1973,66641,James,Clark,19730507,48,true,invalid_mobile,input_batches/applications_dataset_2.csv
Mr. Brandon Valdez,Brandon_Valdez@schultz.com,1977-11-09,5452336,Brandon,Valdez,19771109,44,true,invalid_mobile,input_batches/applications_dataset_2.csv
Anthony Mitchell,Anthony_Mitchell@mcguire.net,02/10/1974,7757191,Anthony,Mitchell,19740210,47,true,invalid_mobile,input_batches/applications_dataset_2.csv
Stephanie Gutierrez,Stephanie_Gutierrez@gomez.net,08/07/1967,855909,Stephanie,Gutierrez,19670807,54,true,invalid_mobile,input_batches/applications_dataset_2.csv
Charles Clarke,Charles_Clarke@decker.com,2017/08/14,75379215,Charles,Clarke,20170814,4,false,under_18,input_batches/applications_dataset_2.csv
Alexander Hamilton,Alexander_Hamilton@allen-gillespie.org,1964/11/04,28127271,Alexander,Hamilton,19641104,57,true,invalid_email,input_batches/applications_dataset_2.csv
Jerry Daniels,Jerry_Daniels@harper.net,17-12-2010,211461,Jerry,Daniels,20101217,11,false,under_18;invalid_mobile,input_batches/applications_dataset_2.csv
Casey Baker,Casey_Baker@munoz.net,05-08-1997,8061992,Casey,Baker,19970805,24,true,invalid_mobile,input_batches/applications_dataset_2.csv
Shirley Nguyen,Shirley_Nguyen@meyer.com,1965-01-07,6673612,Shirley,Nguyen,19650107,56,true,invalid_mobile,input_batches/applications_dataset_2.csv
Jesse Brown,Jesse_Brown@davis.com,1977/02/23,691371,Jesse,Brown,19770223,44,true,invalid_mobile,input_batches/applications_dataset_2.csv
Valerie Owens,Valerie_Owens@burns.com,1996/11/18,7496854,Valerie,Owens,19961118,25,true,invalid_mobile,input_batches/applications_dataset_2.csv
Alicia Sharp,Alicia_Sharp@bernard.biz,18-09-1979,1455644,Alicia,Sharp,19790918,42,true,invalid_mobile;invalid_email,input_batches/applications_dataset_2.csv
Sherry Jensen,Sherry_Jensen@small-espinoza.com,11/08/1979,4803037,Sherry,Jensen,19791108,42,true,invalid_mobile,input_batches/applications_dataset_2.csv
